2026-10-05 19:43:36  Modo ativo (simulacao, uma passagem)
2026-10-05 19:43:42  Simulacao: acordaria daqui a 0 min.
2026-10-05 22:55:19  Modo ativo (simulacao, uma passagem)
2026-10-05 22:55:26  Anuncios da loja: janela aberta, salto esta vez (de proposito).
2026-10-05 22:55:27  Videos de treino: janela aberta, salto esta vez (de proposito).
2026-10-05 22:55:33  Simulacao: acordaria daqui a 0h30.
2026-10-05 23:06:36  Modo ativo (simulacao, uma passagem)
2026-10-05 23:06:49  Simulacao: acordaria daqui a 0h30.
2026-10-05 23:29:54  Modo ativo (simulacao, uma passagem)
2026-10-05 23:30:07  Simulacao: acordaria daqui a 0h30.
2026-10-05 23:40:11  Modo ativo ligado. Ctrl+C para parar.
2026-10-05 23:40:12  [0] Real Betis: 0 pronto(s) a recolher
2026-10-05 23:40:12  [1] FC Van: 0 pronto(s) a recolher
2026-10-05 23:40:16  [0] Real Betis: 0 treino(s) a pôr
2026-10-05 23:40:16  [1] FC Van: 0 treino(s) a pôr
2026-10-05 23:40:29  Anuncios da loja: video 1 visto.
2026-10-05 23:41:47  Anuncios da loja: video 2 visto.
2026-10-05 23:42:01  Parado pelo dono.
2026-10-05 23:42:01  Resumo: desde o arranque (0h01) · loja 0 vídeo(s) · treino 0 vídeo(s) · 0 recolhido(s) · 0 posto(s) a treinar
2026-10-05 23:48:10  Modo ativo (simulacao, uma passagem)
2026-10-05 23:48:22  Simulacao: acordaria daqui a 0h30.
2026-10-05 23:49:38  Modo ativo ligado. Ctrl+C para parar.
2026-10-05 23:49:44  [0] Real Betis: 0 pronto(s) a recolher
2026-10-05 23:49:44  [1] FC Van: 0 pronto(s) a recolher
2026-10-05 23:49:47  [0] Real Betis: 0 treino(s) a pôr
2026-10-05 23:49:47  [1] FC Van: 0 treino(s) a pôr
2026-10-05 23:50:03  Anuncios da loja: video 1 visto.
2026-10-05 23:51:21  Anuncios da loja: video 2 visto.
2026-10-05 23:52:23  Anuncios da loja: video 3 visto.
2026-10-05 23:53:17  Anuncios da loja: video 4 visto.
2026-10-05 23:54:03  Anuncios da loja: video 5 visto.
2026-10-05 23:55:09  [H[J OSMbot · A TRABALHAR · Windows                           23:50:03
2026-10-05 23:55:09  ──────────────────────────────────────────────────────────────────
2026-10-05 23:55:09  À espera  treino acaba 01:48 (em 1h57)
2026-10-05 23:55:09  [32m REAL BETIS   1.º Spain   jogo em 21h19   slots 4/4[0m
2026-10-05 23:55:09  Haaland        ATA    3h57  █████████░░░░░░░░░
2026-10-05 23:55:09  de Jong        MED    3h57  █████████░░░░░░░░░
2026-10-05 23:55:09  Gabriel        DEF    3h57  █████████░░░░░░░░░
2026-10-05 23:55:09  Donnarumma     GR     3h57  █████████░░░░░░░░░
2026-10-05 23:55:09  [32m FC VAN   4.º Armenia   jogo em 18h46   slots 4/4[0m
2026-10-05 23:55:09  Knauff         ATA    1h57  ██████████████░░░░
2026-10-05 23:55:09  K. Koné        MED    3h58  █████████░░░░░░░░░
2026-10-05 23:55:09  Mendes         DEF    3h58  █████████░░░░░░░░░
2026-10-05 23:55:09  Livakovic      GR     1h58  ██████████████░░░░
2026-10-05 23:55:09  Boss coins 2454    Anúncios: loja ✓  treino ✓
2026-10-05 23:55:09  desde o arranque (0h00) · saldo +0 boss coins · loja 1 vídeo(s) · treino 0 vídeo(s) · 0 recolhido(s) · 0 posto(s) a treinar
2026-10-05 23:55:09  ──────────────────────────────────────────────────────────────────
2026-10-05 23:55:09  [90m23:49:38 Modo ativo ligado. Ctrl+C para parar.[0m
2026-10-05 23:55:09  [90m23:49:44 [0] Real Betis: 0 pronto(s) a recolher[0m
2026-10-05 23:55:09  [90m23:49:44 [1] FC Van: 0 pronto(s) a recolher[0m
2026-10-05 23:55:09  [90m23:49:47 [0] Real Betis: 0 treino(s) a pôr[0m
2026-10-05 23:55:09  [90m23:49:47 [1] FC Van: 0 treino(s) a pôr[0m
2026-10-05 23:55:09  Ctrl+C para parar
2026-10-05 23:55:09  [H[J OSMbot · A TRABALHAR · Windows                           23:50:03
2026-10-05 23:55:09  ──────────────────────────────────────────────────────────────────
2026-10-05 23:55:09  À espera  treino acaba 01:48 (em 1h57)
2026-10-05 23:55:09  [32m REAL BETIS   1.º Spain   jogo em 21h19   slots 4/4[0m
2026-10-05 23:55:09  Haaland        ATA    3h57  █████████░░░░░░░░░
2026-10-05 23:55:09  de Jong        MED    3h57  █████████░░░░░░░░░
2026-10-05 23:55:09  Gabriel        DEF    3h57  █████████░░░░░░░░░
2026-10-05 23:55:09  Donnarumma     GR     3h57  █████████░░░░░░░░░
2026-10-05 23:55:09  [32m FC VAN   4.º Armenia   jogo em 18h46   slots 4/4[0m
2026-10-05 23:55:09  Knauff         ATA    1h57  ██████████████░░░░
2026-10-05 23:55:09  K. Koné        MED    3h58  █████████░░░░░░░░░
2026-10-05 23:55:09  Mendes         DEF    3h58  █████████░░░░░░░░░
2026-10-05 23:55:09  Livakovic      GR     1h58  ██████████████░░░░
2026-10-05 23:55:09  Boss coins 2454    Anúncios: loja ✓  treino ✓
2026-10-05 23:55:10  desde o arranque (0h00) · saldo +0 boss coins · loja 1 vídeo(s) · treino 0 vídeo(s) · 0 recolhido(s) · 0 posto(s) a treinar
2026-10-05 23:55:10  ──────────────────────────────────────────────────────────────────
2026-10-05 23:55:10  [90m23:49:44 [0] Real Betis: 0 pronto(s) a recolher[0m
2026-10-05 23:55:10  [90m23:49:44 [1] FC Van: 0 pronto(s) a recolher[0m
2026-10-05 23:55:10  [90m23:49:47 [0] Real Betis: 0 treino(s) a pôr[0m
2026-10-05 23:55:10  [90m23:49:47 [1] FC Van: 0 treino(s) a pôr[0m
2026-10-05 23:55:10  [90m23:50:03 Anuncios da loja: video 1 visto.[0m
2026-10-05 23:55:10  Ctrl+C para parar
2026-10-05 23:55:10  [H[J OSMbot · A TRABALHAR · Windows                           23:50:04
2026-10-05 23:55:10  ──────────────────────────────────────────────────────────────────
2026-10-05 23:55:10  À espera  treino acaba 01:48 (em 1h57)
2026-10-05 23:55:10  [32m REAL BETIS   1.º Spain   jogo em 21h19   slots 4/4[0m
2026-10-05 23:55:10  Haaland        ATA    3h57  █████████░░░░░░░░░
2026-10-05 23:55:10  de Jong        MED    3h57  █████████░░░░░░░░░
2026-10-05 23:55:10  Gabriel        DEF    3h57  █████████░░░░░░░░░
2026-10-05 23:55:10  Donnarumma     GR     3h57  █████████░░░░░░░░░
2026-10-05 23:55:10  [32m FC VAN   4.º Armenia   jogo em 18h46   slots 4/4[0m
2026-10-05 23:55:10  Knauff         ATA    1h57  ██████████████░░░░
2026-10-05 23:55:10  K. Koné        MED    3h57  █████████░░░░░░░░░
2026-10-05 23:55:10  Mendes         DEF    3h58  █████████░░░░░░░░░
2026-10-05 23:55:10  Livakovic      GR     1h58  ██████████████░░░░
2026-10-05 23:55:10  Boss coins 2454    Anúncios: loja ✓  treino ✓
2026-10-05 23:55:10  desde o arranque (0h00) · saldo +0 boss coins · loja 1 vídeo(s) · treino 0 vídeo(s) · 0 recolhido(s) · 0 posto(s) a treinar
2026-10-05 23:55:10  ──────────────────────────────────────────────────────────────────
2026-10-05 23:55:10  [90m23:49:44 [0] Real Betis: 0 pronto(s) a recolher[0m
2026-10-05 23:55:10  [90m23:49:44 [1] FC Van: 0 pronto(s) a recolher[0m
2026-10-05 23:55:10  [90m23:49:47 [0] Real Betis: 0 treino(s) a pôr[0m
2026-10-05 23:55:10  [90m23:49:47 [1] FC Van: 0 treino(s) a pôr[0m
2026-10-05 23:55:10  [90m23:50:03 Anuncios da loja: video 1 visto.[0m
2026-10-05 23:55:10  Ctrl+C para parar
2026-10-05 23:55:10  [H[J OSMbot · A TRABALHAR · Windows                           23:50:05
2026-10-05 23:55:10  ──────────────────────────────────────────────────────────────────
2026-10-05 23:55:10  À espera  treino acaba 01:48 (em 1h57)
2026-10-05 23:55:10  [32m REAL BETIS   1.º Spain   jogo em 21h19   slots 4/4[0m
2026-10-05 23:55:10  Haaland        ATA    3h57  █████████░░░░░░░░░
2026-10-05 23:55:10  de Jong        MED    3h57  █████████░░░░░░░░░
2026-10-05 23:55:10  Gabriel        DEF    3h57  █████████░░░░░░░░░
2026-10-05 23:55:10  Donnarumma     GR     3h57  █████████░░░░░░░░░
2026-10-05 23:55:10  [32m FC VAN   4.º Armenia   jogo em 18h46   slots 4/4[0m
2026-10-05 23:55:10  Knauff         ATA    1h57  ██████████████░░░░
2026-10-05 23:55:10  K. Koné        MED    3h57  █████████░░░░░░░░░
2026-10-05 23:55:10  Mendes         DEF    3h58  █████████░░░░░░░░░
2026-10-05 23:55:10  Livakovic      GR     1h58  ██████████████░░░░
2026-10-05 23:55:10  Boss coins 2454    Anúncios: loja ✓  treino ✓
2026-10-05 23:55:10  desde o arranque (0h00) · saldo +0 boss coins · loja 1 vídeo(s) · treino 0 vídeo(s) · 0 recolhido(s) · 0 posto(s) a treinar
2026-10-05 23:55:10  ──────────────────────────────────────────────────────────────────
2026-10-05 23:55:10  [90m23:49:44 [0] Real Betis: 0 pronto(s) a recolher[0m
2026-10-05 23:55:10  [90m23:49:44 [1] FC Van: 0 pronto(s) a recolher[0m
2026-10-05 23:55:10  [90m23:49:47 [0] Real Betis: 0 treino(s) a pôr[0m
2026-10-05 23:55:10  [90m23:49:47 [1] FC Van: 0 treino(s) a pôr[0m
2026-10-05 23:55:10  [90m23:50:03 Anuncios da loja: video 1 visto.[0m
2026-10-05 23:55:10  Ctrl+C para parar
2026-10-05 23:55:10  [H[J OSMbot · A TRABALHAR · Windows                           23:50:06
2026-10-05 23:55:10  ──────────────────────────────────────────────────────────────────
2026-10-05 23:55:10  À espera  treino acaba 01:48 (em 1h57)
2026-10-05 23:55:10  [32m REAL BETIS   1.º Spain   jogo em 21h19   slots 4/4[0m
2026-10-05 23:55:10  Haaland        ATA    3h57  █████████░░░░░░░░░
2026-10-05 23:55:10  de Jong        MED    3h57  █████████░░░░░░░░░
2026-10-05 23:55:10  Gabriel        DEF    3h57  █████████░░░░░░░░░
2026-10-05 23:55:10  Donnarumma     GR     3h57  █████████░░░░░░░░░
2026-10-05 23:55:10  [32m FC VAN   4.º Armenia   jogo em 18h46   slots 4/4[0m
2026-10-05 23:55:10  Knauff         ATA    1h57  ██████████████░░░░
2026-10-05 23:55:10  K. Koné        MED    3h57  █████████░░░░░░░░░
2026-10-05 23:55:10  Mendes         DEF    3h57  █████████░░░░░░░░░
2026-10-05 23:55:10  Livakovic      GR     1h58  ██████████████░░░░
2026-10-05 23:55:10  Boss coins 2454    Anúncios: loja ✓  treino ✓
2026-10-05 23:55:10  desde o arranque (0h00) · saldo +0 boss coins · loja 1 vídeo(s) · treino 0 vídeo(s) · 0 recolhido(s) · 0 posto(s) a treinar
2026-10-05 23:55:10  ──────────────────────────────────────────────────────────────────
2026-10-05 23:55:10  [90m23:49:44 [0] Real Betis: 0 pronto(s) a recolher[0m
2026-10-05 23:55:10  [90m23:49:44 [1] FC Van: 0 pronto(s) a recolher[0m
2026-10-05 23:55:10  [90m23:49:47 [0] Real Betis: 0 treino(s) a pôr[0m
2026-10-05 23:55:10  [90m23:49:47 [1] FC Van: 0 treino(s) a pôr[0m
2026-10-05 23:55:10  [90m23:50:03 Anuncios da loja: video 1 visto.[0m
2026-10-05 23:55:10  Ctrl+C para parar
2026-10-05 23:55:10  [H[J OSMbot · A TRABALHAR · Windows                           23:50:07
2026-10-05 23:55:10  ──────────────────────────────────────────────────────────────────
2026-10-05 23:55:10  À espera  treino acaba 01:48 (em 1h57)
2026-10-05 23:55:10  [32m REAL BETIS   1.º Spain   jogo em 21h19   slots 4/4[0m
2026-10-05 23:55:10  Haaland        ATA    3h57  █████████░░░░░░░░░
2026-10-05 23:55:10  de Jong        MED    3h57  █████████░░░░░░░░░
2026-10-05 23:55:10  Gabriel        DEF    3h57  █████████░░░░░░░░░
2026-10-05 23:55:10  Donnarumma     GR     3h57  █████████░░░░░░░░░
2026-10-05 23:55:10  [32m FC VAN   4.º Armenia   jogo em 18h46   slots 4/4[0m
2026-10-05 23:55:10  Knauff         ATA    1h57  ██████████████░░░░
2026-10-05 23:55:10  K. Koné        MED    3h57  █████████░░░░░░░░░
2026-10-05 23:55:10  Mendes         DEF    3h57  █████████░░░░░░░░░
2026-10-05 23:55:10  Livakovic      GR     1h58  ██████████████░░░░
2026-10-05 23:55:10  Boss coins 2454    Anúncios: loja ✓  treino ✓
2026-10-05 23:55:10  desde o arranque (0h00) · saldo +0 boss coins · loja 1 vídeo(s) · treino 0 vídeo(s) · 0 recolhido(s) · 0 posto(s) a treinar
2026-10-05 23:55:10  ──────────────────────────────────────────────────────────────────
2026-10-05 23:55:10  [90m23:49:44 [0] Real Betis: 0 pronto(s) a recolher[0m
2026-10-05 23:55:10  [90m23:49:44 [1] FC Van: 0 pronto(s) a recolher[0m
2026-10-05 23:55:10  [90m23:49:47 [0] Real Betis: 0 treino(s) a pôr[0m
2026-10-05 23:55:10  [90m23:49:47 [1] FC Van: 0 treino(s) a pôr[0m
2026-10-05 23:55:10  [90m23:50:03 Anuncios da loja: video 1 visto.[0m
2026-10-05 23:55:10  Ctrl+C para parar
2026-10-05 23:55:10  [H[J OSMbot · A TRABALHAR · Windows                           23:50:08
2026-10-05 23:55:10  ──────────────────────────────────────────────────────────────────
2026-10-05 23:55:10  À espera  treino acaba 01:48 (em 1h57)
2026-10-05 23:55:10  [32m REAL BETIS   1.º Spain   jogo em 21h19   slots 4/4[0m
2026-10-05 23:55:10  Haaland        ATA    3h57  █████████░░░░░░░░░
2026-10-05 23:55:10  de Jong        MED    3h57  █████████░░░░░░░░░
2026-10-05 23:55:10  Gabriel        DEF    3h57  █████████░░░░░░░░░
2026-10-05 23:55:10  Donnarumma     GR     3h57  █████████░░░░░░░░░
2026-10-05 23:55:10  [32m FC VAN   4.º Armenia   jogo em 18h46   slots 4/4[0m
2026-10-05 23:55:10  Knauff         ATA    1h57  ██████████████░░░░
2026-10-05 23:55:10  K. Koné        MED    3h57  █████████░░░░░░░░░
2026-10-05 23:55:10  Mendes         DEF    3h57  █████████░░░░░░░░░
2026-10-05 23:55:10  Livakovic      GR     1h57  ██████████████░░░░
2026-10-05 23:55:10  Boss coins 2454    Anúncios: loja ✓  treino ✓
2026-10-05 23:55:10  desde o arranque (0h00) · saldo +0 boss coins · loja 1 vídeo(s) · treino 0 vídeo(s) · 0 recolhido(s) · 0 posto(s) a treinar
2026-10-05 23:55:10  ──────────────────────────────────────────────────────────────────
2026-10-05 23:55:10  [90m23:49:44 [0] Real Betis: 0 pronto(s) a recolher[0m
2026-10-05 23:55:10  [90m23:49:44 [1] FC Van: 0 pronto(s) a recolher[0m
2026-10-05 23:55:10  [90m23:49:47 [0] Real Betis: 0 treino(s) a pôr[0m
2026-10-05 23:55:10  [90m23:49:47 [1] FC Van: 0 treino(s) a pôr[0m
2026-10-05 23:55:10  [90m23:50:03 Anuncios da loja: video 1 visto.[0m
2026-10-05 23:55:10  Ctrl+C para parar
2026-10-05 23:55:10  [H[J OSMbot · A TRABALHAR · Windows                           23:50:09
2026-10-05 23:55:10  ──────────────────────────────────────────────────────────────────
2026-10-05 23:55:10  À espera  treino acaba 01:48 (em 1h57)
2026-10-05 23:55:10  [32m REAL BETIS   1.º Spain   jogo em 21h19   slots 4/4[0m
2026-10-05 23:55:10  Haaland        ATA    3h57  █████████░░░░░░░░░
2026-10-05 23:55:10  de Jong        MED    3h57  █████████░░░░░░░░░
2026-10-05 23:55:10  Gabriel        DEF    3h57  █████████░░░░░░░░░
2026-10-05 23:55:10  Donnarumma     GR     3h57  █████████░░░░░░░░░
2026-10-05 23:55:10  [32m FC VAN   4.º Armenia   jogo em 18h46   slots 4/4[0m
2026-10-05 23:55:10  Knauff         ATA    1h57  ██████████████░░░░
2026-10-05 23:55:10  K. Koné        MED    3h57  █████████░░░░░░░░░
2026-10-05 23:55:10  Mendes         DEF    3h57  █████████░░░░░░░░░
2026-10-05 23:55:10  Livakovic      GR     1h57  ██████████████░░░░
2026-10-05 23:55:10  Boss coins 2454    Anúncios: loja ✓  treino ✓
2026-10-05 23:55:10  desde o arranque (0h00) · saldo +0 boss coins · loja 1 vídeo(s) · treino 0 vídeo(s) · 0 recolhido(s) · 0 posto(s) a treinar
2026-10-05 23:55:10  ──────────────────────────────────────────────────────────────────
2026-10-05 23:55:10  [90m23:49:44 [0] Real Betis: 0 pronto(s) a recolher[0m
2026-10-05 23:55:10  [90m23:49:44 [1] FC Van: 0 pronto(s) a recolher[0m
2026-10-05 23:55:10  [90m23:49:47 [0] Real Betis: 0 treino(s) a pôr[0m
2026-10-05 23:55:10  [90m23:49:47 [1] FC Van: 0 treino(s) a pôr[0m
2026-10-05 23:55:10  [90m23:50:03 Anuncios da loja: video 1 visto.[0m
2026-10-05 23:55:10  Ctrl+C para parar
2026-10-05 23:55:10  [H[J OSMbot · A TRABALHAR · Windows                           23:50:10
2026-10-05 23:55:10  ──────────────────────────────────────────────────────────────────
2026-10-05 23:55:10  À espera  treino acaba 01:48 (em 1h57)
2026-10-05 23:55:10  [32m REAL BETIS   1.º Spain   jogo em 21h19   slots 4/4[0m
2026-10-05 23:55:10  Haaland        ATA    3h57  █████████░░░░░░░░░
2026-10-05 23:55:10  de Jong        MED    3h57  █████████░░░░░░░░░
2026-10-05 23:55:10  Gabriel        DEF    3h57  █████████░░░░░░░░░
2026-10-05 23:55:10  Donnarumma     GR     3h57  █████████░░░░░░░░░
2026-10-05 23:55:10  [32m FC VAN   4.º Armenia   jogo em 18h46   slots 4/4[0m
2026-10-05 23:55:10  Knauff         ATA    1h57  ██████████████░░░░
2026-10-05 23:55:10  K. Koné        MED    3h57  █████████░░░░░░░░░
2026-10-05 23:55:10  Mendes         DEF    3h57  █████████░░░░░░░░░
2026-10-05 23:55:10  Livakovic      GR     1h57  ██████████████░░░░
2026-10-05 23:55:10  Boss coins 2454    Anúncios: loja ✓  treino ✓
2026-10-05 23:55:10  desde o arranque (0h00) · saldo +0 boss coins · loja 1 vídeo(s) · treino 0 vídeo(s) · 0 recolhido(s) · 0 posto(s) a treinar
2026-10-05 23:55:10  ──────────────────────────────────────────────────────────────────
2026-10-05 23:55:10  [90m23:49:44 [0] Real Betis: 0 pronto(s) a recolher[0m
2026-10-05 23:55:10  [90m23:49:44 [1] FC Van: 0 pronto(s) a recolher[0m
2026-10-05 23:55:10  [90m23:49:47 [0] Real Betis: 0 treino(s) a pôr[0m
2026-10-05 23:55:10  [90m23:49:47 [1] FC Van: 0 treino(s) a pôr[0m
2026-10-05 23:55:10  [90m23:50:03 Anuncios da loja: video 1 visto.[0m
2026-10-05 23:55:10  Ctrl+C para parar
2026-10-05 23:55:10  [H[J OSMbot · A TRABALHAR · Windows                           23:50:11
2026-10-05 23:55:10  ──────────────────────────────────────────────────────────────────
2026-10-05 23:55:10  À espera  treino acaba 01:48 (em 1h57)
2026-10-05 23:55:10  [32m REAL BETIS   1.º Spain   jogo em 21h19   slots 4/4[0m
2026-10-05 23:55:10  Haaland        ATA    3h57  █████████░░░░░░░░░
2026-10-05 23:55:10  de Jong        MED    3h57  █████████░░░░░░░░░
2026-10-05 23:55:10  Gabriel        DEF    3h57  █████████░░░░░░░░░
2026-10-05 23:55:10  Donnarumma     GR     3h57  █████████░░░░░░░░░
2026-10-05 23:55:10  [32m FC VAN   4.º Armenia   jogo em 18h46   slots 4/4[0m
2026-10-05 23:55:10  Knauff         ATA    1h57  ██████████████░░░░
2026-10-05 23:55:10  K. Koné        MED    3h57  █████████░░░░░░░░░
2026-10-05 23:55:10  Mendes         DEF    3h57  █████████░░░░░░░░░
2026-10-05 23:55:10  Livakovic      GR     1h57  ██████████████░░░░
2026-10-05 23:55:10  Boss coins 2454    Anúncios: loja ✓  treino ✓
2026-10-05 23:55:10  desde o arranque (0h00) · saldo +0 boss coins · loja 1 vídeo(s) · treino 0 vídeo(s) · 0 recolhido(s) · 0 posto(s) a treinar
2026-10-05 23:55:10  ──────────────────────────────────────────────────────────────────
2026-10-05 23:55:10  [90m23:49:44 [0] Real Betis: 0 pronto(s) a recolher[0m
2026-10-05 23:55:10  [90m23:49:44 [1] FC Van: 0 pronto(s) a recolher[0m
2026-10-05 23:55:10  [90m23:49:47 [0] Real Betis: 0 treino(s) a pôr[0m
2026-10-05 23:55:10  [90m23:49:47 [1] FC Van: 0 treino(s) a pôr[0m
2026-10-05 23:55:10  [90m23:50:03 Anuncios da loja: video 1 visto.[0m
2026-10-05 23:55:10  Ctrl+C para parar
2026-10-05 23:55:10  [H[J OSMbot · A TRABALHAR · Windows                           23:50:12
2026-10-05 23:55:10  ──────────────────────────────────────────────────────────────────
2026-10-05 23:55:10  À espera  treino acaba 01:48 (em 1h57)
2026-10-05 23:55:10  [32m REAL BETIS   1.º Spain   jogo em 21h19   slots 4/4[0m
2026-10-05 23:55:10  Haaland        ATA    3h57  █████████░░░░░░░░░
2026-10-05 23:55:10  de Jong        MED    3h57  █████████░░░░░░░░░
2026-10-05 23:55:10  Gabriel        DEF    3h57  █████████░░░░░░░░░
2026-10-05 23:55:10  Donnarumma     GR     3h57  █████████░░░░░░░░░
2026-10-05 23:55:10  [32m FC VAN   4.º Armenia   jogo em 18h46   slots 4/4[0m
2026-10-05 23:55:10  Knauff         ATA    1h57  ██████████████░░░░
2026-10-05 23:55:10  K. Koné        MED    3h57  █████████░░░░░░░░░
2026-10-05 23:55:10  Mendes         DEF    3h57  █████████░░░░░░░░░
2026-10-05 23:55:10  Livakovic      GR     1h57  ██████████████░░░░
2026-10-05 23:55:10  Boss coins 2454    Anúncios: loja ✓  treino ✓
2026-10-05 23:55:10  desde o arranque (0h00) · saldo +0 boss coins · loja 1 vídeo(s) · treino 0 vídeo(s) · 0 recolhido(s) · 0 posto(s) a treinar
2026-10-05 23:55:10  ──────────────────────────────────────────────────────────────────
2026-10-05 23:55:10  [90m23:49:44 [0] Real Betis: 0 pronto(s) a recolher[0m
2026-10-05 23:55:10  [90m23:49:44 [1] FC Van: 0 pronto(s) a recolher[0m
2026-10-05 23:55:10  [90m23:49:47 [0] Real Betis: 0 treino(s) a pôr[0m
2026-10-05 23:55:10  [90m23:49:47 [1] FC Van: 0 treino(s) a pôr[0m
2026-10-05 23:55:10  [90m23:50:03 Anuncios da loja: video 1 visto.[0m
2026-10-05 23:55:10  Ctrl+C para parar
2026-10-05 23:55:10  [H[J OSMbot · A TRABALHAR · Windows                           23:50:13
2026-10-05 23:55:10  ──────────────────────────────────────────────────────────────────
2026-10-05 23:55:10  À espera  treino acaba 01:48 (em 1h57)
2026-10-05 23:55:10  [32m REAL BETIS   1.º Spain   jogo em 21h19   slots 4/4[0m
2026-10-05 23:55:10  Haaland        ATA    3h57  █████████░░░░░░░░░
2026-10-05 23:55:10  de Jong        MED    3h57  █████████░░░░░░░░░
2026-10-05 23:55:10  Gabriel        DEF    3h57  █████████░░░░░░░░░
2026-10-05 23:55:10  Donnarumma     GR     3h57  █████████░░░░░░░░░
2026-10-05 23:55:10  [32m FC VAN   4.º Armenia   jogo em 18h46   slots 4/4[0m
2026-10-05 23:55:10  Knauff         ATA    1h57  ██████████████░░░░
2026-10-05 23:55:10  K. Koné        MED    3h57  █████████░░░░░░░░░
2026-10-05 23:55:10  Mendes         DEF    3h57  █████████░░░░░░░░░
2026-10-05 23:55:10  Livakovic      GR     1h57  ██████████████░░░░
2026-10-05 23:55:10  Boss coins 2454    Anúncios: loja ✓  treino ✓
2026-10-05 23:55:10  desde o arranque (0h00) · saldo +0 boss coins · loja 1 vídeo(s) · treino 0 vídeo(s) · 0 recolhido(s) · 0 posto(s) a treinar
2026-10-05 23:55:10  ──────────────────────────────────────────────────────────────────
2026-10-05 23:55:10  [90m23:49:44 [0] Real Betis: 0 pronto(s) a recolher[0m
2026-10-05 23:55:10  [90m23:49:44 [1] FC Van: 0 pronto(s) a recolher[0m
2026-10-05 23:55:10  [90m23:49:47 [0] Real Betis: 0 treino(s) a pôr[0m
2026-10-05 23:55:10  [90m23:49:47 [1] FC Van: 0 treino(s) a pôr[0m
2026-10-05 23:55:10  [90m23:50:03 Anuncios da loja: video 1 visto.[0m
2026-10-05 23:55:10  Ctrl+C para parar
2026-10-05 23:55:10  [H[J OSMbot · A TRABALHAR · Windows                           23:50:14
2026-10-05 23:55:10  ──────────────────────────────────────────────────────────────────
2026-10-05 23:55:10  À espera  treino acaba 01:48 (em 1h57)
2026-10-05 23:55:10  [32m REAL BETIS   1.º Spain   jogo em 21h19   slots 4/4[0m
2026-10-05 23:55:10  Haaland        ATA    3h57  █████████░░░░░░░░░
2026-10-05 23:55:10  de Jong        MED    3h57  █████████░░░░░░░░░
2026-10-05 23:55:10  Gabriel        DEF    3h57  █████████░░░░░░░░░
2026-10-05 23:55:10  Donnarumma     GR     3h57  █████████░░░░░░░░░
2026-10-05 23:55:10  [32m FC VAN   4.º Armenia   jogo em 18h46   slots 4/4[0m
2026-10-05 23:55:10  Knauff         ATA    1h57  ██████████████░░░░
2026-10-05 23:55:10  K. Koné        MED    3h57  █████████░░░░░░░░░
2026-10-05 23:55:10  Mendes         DEF    3h57  █████████░░░░░░░░░
2026-10-05 23:55:10  Livakovic      GR     1h57  ██████████████░░░░
2026-10-05 23:55:10  Boss coins 2454    Anúncios: loja ✓  treino ✓
2026-10-05 23:55:10  desde o arranque (0h00) · saldo +0 boss coins · loja 1 vídeo(s) · treino 0 vídeo(s) · 0 recolhido(s) · 0 posto(s) a treinar
2026-10-05 23:55:10  ──────────────────────────────────────────────────────────────────
2026-10-05 23:55:10  [90m23:49:44 [0] Real Betis: 0 pronto(s) a recolher[0m
2026-10-05 23:55:10  [90m23:49:44 [1] FC Van: 0 pronto(s) a recolher[0m
2026-10-05 23:55:10  [90m23:49:47 [0] Real Betis: 0 treino(s) a pôr[0m
2026-10-05 23:55:10  [90m23:49:47 [1] FC Van: 0 treino(s) a pôr[0m
2026-10-05 23:55:10  [90m23:50:03 Anuncios da loja: video 1 visto.[0m
2026-10-05 23:55:10  Ctrl+C para parar
2026-10-05 23:55:10  [H[J OSMbot · A TRABALHAR · Windows                           23:50:15
2026-10-05 23:55:10  ──────────────────────────────────────────────────────────────────
2026-10-05 23:55:10  À espera  treino acaba 01:48 (em 1h57)
2026-10-05 23:55:10  [32m REAL BETIS   1.º Spain   jogo em 21h19   slots 4/4[0m
2026-10-05 23:55:10  Haaland        ATA    3h57  █████████░░░░░░░░░
2026-10-05 23:55:10  de Jong        MED    3h57  █████████░░░░░░░░░
2026-10-05 23:55:10  Gabriel        DEF    3h57  █████████░░░░░░░░░
2026-10-05 23:55:10  Donnarumma     GR     3h57  █████████░░░░░░░░░
2026-10-05 23:55:10  [32m FC VAN   4.º Armenia   jogo em 18h46   slots 4/4[0m
2026-10-05 23:55:10  Knauff         ATA    1h57  ██████████████░░░░
2026-10-05 23:55:10  K. Koné        MED    3h57  █████████░░░░░░░░░
2026-10-05 23:55:10  Mendes         DEF    3h57  █████████░░░░░░░░░
2026-10-05 23:55:10  Livakovic      GR     1h57  ██████████████░░░░
2026-10-05 23:55:10  Boss coins 2454    Anúncios: loja ✓  treino ✓
2026-10-05 23:55:10  desde o arranque (0h00) · saldo +0 boss coins · loja 1 vídeo(s) · treino 0 vídeo(s) · 0 recolhido(s) · 0 posto(s) a treinar
2026-10-05 23:55:10  ──────────────────────────────────────────────────────────────────
2026-10-05 23:55:10  [90m23:49:44 [0] Real Betis: 0 pronto(s) a recolher[0m
2026-10-05 23:55:10  [90m23:49:44 [1] FC Van: 0 pronto(s) a recolher[0m
2026-10-05 23:55:10  [90m23:49:47 [0] Real Betis: 0 treino(s) a pôr[0m
2026-10-05 23:55:10  [90m23:49:47 [1] FC Van: 0 treino(s) a pôr[0m
2026-10-05 23:55:10  [90m23:50:03 Anuncios da loja: video 1 visto.[0m
2026-10-05 23:55:10  Ctrl+C para parar
2026-10-05 23:55:10  [H[J OSMbot · A TRABALHAR · Windows                           23:50:16
2026-10-05 23:55:10  ──────────────────────────────────────────────────────────────────
2026-10-05 23:55:10  À espera  treino acaba 01:48 (em 1h57)
2026-10-05 23:55:10  [32m REAL BETIS   1.º Spain   jogo em 21h19   slots 4/4[0m
2026-10-05 23:55:10  Haaland        ATA    3h57  █████████░░░░░░░░░
2026-10-05 23:55:10  de Jong        MED    3h57  █████████░░░░░░░░░
2026-10-05 23:55:10  Gabriel        DEF    3h57  █████████░░░░░░░░░
2026-10-05 23:55:10  Donnarumma     GR     3h57  █████████░░░░░░░░░
2026-10-05 23:55:10  [32m FC VAN   4.º Armenia   jogo em 18h46   slots 4/4[0m
2026-10-05 23:55:10  Knauff         ATA    1h57  ██████████████░░░░
2026-10-05 23:55:10  K. Koné        MED    3h57  █████████░░░░░░░░░
2026-10-05 23:55:10  Mendes         DEF    3h57  █████████░░░░░░░░░
2026-10-05 23:55:10  Livakovic      GR     1h57  ██████████████░░░░
2026-10-05 23:55:10  Boss coins 2454    Anúncios: loja ✓  treino ✓
2026-10-05 23:55:10  desde o arranque (0h00) · saldo +0 boss coins · loja 1 vídeo(s) · treino 0 vídeo(s) · 0 recolhido(s) · 0 posto(s) a treinar
2026-10-05 23:55:10  ──────────────────────────────────────────────────────────────────
2026-10-05 23:55:10  [90m23:49:44 [0] Real Betis: 0 pronto(s) a recolher[0m
2026-10-05 23:55:10  [90m23:49:44 [1] FC Van: 0 pronto(s) a recolher[0m
2026-10-05 23:55:10  [90m23:49:47 [0] Real Betis: 0 treino(s) a pôr[0m
2026-10-05 23:55:10  [90m23:49:47 [1] FC Van: 0 treino(s) a pôr[0m
2026-10-05 23:55:10  [90m23:50:03 Anuncios da loja: video 1 visto.[0m
2026-10-05 23:55:10  Ctrl+C para parar
2026-10-05 23:55:10  [H[J OSMbot · A TRABALHAR · Windows                           23:50:17
2026-10-05 23:55:10  ──────────────────────────────────────────────────────────────────
2026-10-05 23:55:10  À espera  treino acaba 01:48 (em 1h57)
2026-10-05 23:55:10  [32m REAL BETIS   1.º Spain   jogo em 21h19   slots 4/4[0m
2026-10-05 23:55:10  Haaland        ATA    3h57  █████████░░░░░░░░░
2026-10-05 23:55:10  de Jong        MED    3h57  █████████░░░░░░░░░
2026-10-05 23:55:10  Gabriel        DEF    3h57  █████████░░░░░░░░░
2026-10-05 23:55:10  Donnarumma     GR     3h57  █████████░░░░░░░░░
2026-10-05 23:55:10  [32m FC VAN   4.º Armenia   jogo em 18h46   slots 4/4[0m
2026-10-05 23:55:10  Knauff         ATA    1h57  ██████████████░░░░
2026-10-05 23:55:10  K. Koné        MED    3h57  █████████░░░░░░░░░
2026-10-05 23:55:10  Mendes         DEF    3h57  █████████░░░░░░░░░
2026-10-05 23:55:10  Livakovic      GR     1h57  ██████████████░░░░
2026-10-05 23:55:10  Boss coins 2454    Anúncios: loja ✓  treino ✓
2026-10-05 23:55:10  desde o arranque (0h00) · saldo +0 boss coins · loja 1 vídeo(s) · treino 0 vídeo(s) · 0 recolhido(s) · 0 posto(s) a treinar
2026-10-05 23:55:10  ──────────────────────────────────────────────────────────────────
2026-10-05 23:55:10  [90m23:49:44 [0] Real Betis: 0 pronto(s) a recolher[0m
2026-10-05 23:55:10  [90m23:49:44 [1] FC Van: 0 pronto(s) a recolher[0m
2026-10-05 23:55:10  [90m23:49:47 [0] Real Betis: 0 treino(s) a pôr[0m
2026-10-05 23:55:10  [90m23:49:47 [1] FC Van: 0 treino(s) a pôr[0m
2026-10-05 23:55:10  [90m23:50:03 Anuncios da loja: video 1 visto.[0m
2026-10-05 23:55:10  Ctrl+C para parar
2026-10-05 23:55:10  [H[J OSMbot · A TRABALHAR · Windows                           23:50:18
2026-10-05 23:55:10  ──────────────────────────────────────────────────────────────────
2026-10-05 23:55:10  À espera  treino acaba 01:48 (em 1h57)
2026-10-05 23:55:10  [32m REAL BETIS   1.º Spain   jogo em 21h19   slots 4/4[0m
2026-10-05 23:55:10  Haaland        ATA    3h57  █████████░░░░░░░░░
2026-10-05 23:55:10  de Jong        MED    3h57  █████████░░░░░░░░░
2026-10-05 23:55:10  Gabriel        DEF    3h57  █████████░░░░░░░░░
2026-10-05 23:55:10  Donnarumma     GR     3h57  █████████░░░░░░░░░
2026-10-05 23:55:10  [32m FC VAN   4.º Armenia   jogo em 18h46   slots 4/4[0m
2026-10-05 23:55:10  Knauff         ATA    1h57  ██████████████░░░░
2026-10-05 23:55:10  K. Koné        MED    3h57  █████████░░░░░░░░░
2026-10-05 23:55:10  Mendes         DEF    3h57  █████████░░░░░░░░░
2026-10-05 23:55:10  Livakovic      GR     1h57  ██████████████░░░░
2026-10-05 23:55:10  Boss coins 2454    Anúncios: loja ✓  treino ✓
2026-10-05 23:55:10  desde o arranque (0h00) · saldo +0 boss coins · loja 1 vídeo(s) · treino 0 vídeo(s) · 0 recolhido(s) · 0 posto(s) a treinar
2026-10-05 23:55:10  ──────────────────────────────────────────────────────────────────
2026-10-05 23:55:10  [90m23:49:44 [0] Real Betis: 0 pronto(s) a recolher[0m
2026-10-05 23:55:10  [90m23:49:44 [1] FC Van: 0 pronto(s) a recolher[0m
2026-10-05 23:55:10  [90m23:49:47 [0] Real Betis: 0 treino(s) a pôr[0m
2026-10-05 23:55:10  [90m23:49:47 [1] FC Van: 0 treino(s) a pôr[0m
2026-10-05 23:55:10  [90m23:50:03 Anuncios da loja: video 1 visto.[0m
2026-10-05 23:55:10  Ctrl+C para parar
2026-10-05 23:55:10  [H[J OSMbot · A TRABALHAR · Windows                           23:50:19
2026-10-05 23:55:10  ──────────────────────────────────────────────────────────────────
2026-10-05 23:55:10  À espera  treino acaba 01:48 (em 1h57)
2026-10-05 23:55:10  [32m REAL BETIS   1.º Spain   jogo em 21h19   slots 4/4[0m
2026-10-05 23:55:10  Haaland        ATA    3h57  █████████░░░░░░░░░
2026-10-05 23:55:10  de Jong        MED    3h57  █████████░░░░░░░░░
2026-10-05 23:55:10  Gabriel        DEF    3h57  █████████░░░░░░░░░
2026-10-05 23:55:10  Donnarumma     GR     3h57  █████████░░░░░░░░░
2026-10-05 23:55:10  [32m FC VAN   4.º Armenia   jogo em 18h46   slots 4/4[0m
2026-10-05 23:55:10  Knauff         ATA    1h57  ██████████████░░░░
2026-10-05 23:55:10  K. Koné        MED    3h57  █████████░░░░░░░░░
2026-10-05 23:55:10  Mendes         DEF    3h57  █████████░░░░░░░░░
2026-10-05 23:55:10  Livakovic      GR     1h57  ██████████████░░░░
2026-10-05 23:55:10  Boss coins 2454    Anúncios: loja ✓  treino ✓
2026-10-05 23:55:10  desde o arranque (0h00) · saldo +0 boss coins · loja 1 vídeo(s) · treino 0 vídeo(s) · 0 recolhido(s) · 0 posto(s) a treinar
2026-10-05 23:55:10  ──────────────────────────────────────────────────────────────────
2026-10-05 23:55:10  [90m23:49:44 [0] Real Betis: 0 pronto(s) a recolher[0m
2026-10-05 23:55:10  [90m23:49:44 [1] FC Van: 0 pronto(s) a recolher[0m
2026-10-05 23:55:10  [90m23:49:47 [0] Real Betis: 0 treino(s) a pôr[0m
2026-10-05 23:55:10  [90m23:49:47 [1] FC Van: 0 treino(s) a pôr[0m
2026-10-05 23:55:10  [90m23:50:03 Anuncios da loja: video 1 visto.[0m
2026-10-05 23:55:10  Ctrl+C para parar
2026-10-05 23:55:10  [H[J OSMbot · A TRABALHAR · Windows                           23:50:20
2026-10-05 23:55:10  ──────────────────────────────────────────────────────────────────
2026-10-05 23:55:10  À espera  treino acaba 01:48 (em 1h57)
2026-10-05 23:55:10  [32m REAL BETIS   1.º Spain   jogo em 21h19   slots 4/4[0m
2026-10-05 23:55:10  Haaland        ATA    3h57  █████████░░░░░░░░░
2026-10-05 23:55:10  de Jong        MED    3h57  █████████░░░░░░░░░
2026-10-05 23:55:10  Gabriel        DEF    3h57  █████████░░░░░░░░░
2026-10-05 23:55:10  Donnarumma     GR     3h57  █████████░░░░░░░░░
2026-10-05 23:55:10  [32m FC VAN   4.º Armenia   jogo em 18h46   slots 4/4[0m
2026-10-05 23:55:10  Knauff         ATA    1h57  ██████████████░░░░
2026-10-05 23:55:10  K. Koné        MED    3h57  █████████░░░░░░░░░
2026-10-05 23:55:10  Mendes         DEF    3h57  █████████░░░░░░░░░
2026-10-05 23:55:10  Livakovic      GR     1h57  ██████████████░░░░
2026-10-05 23:55:10  Boss coins 2454    Anúncios: loja ✓  treino ✓
2026-10-05 23:55:10  desde o arranque (0h00) · saldo +0 boss coins · loja 1 vídeo(s) · treino 0 vídeo(s) · 0 recolhido(s) · 0 posto(s) a treinar
2026-10-05 23:55:10  ──────────────────────────────────────────────────────────────────
2026-10-05 23:55:10  [90m23:49:44 [0] Real Betis: 0 pronto(s) a recolher[0m
2026-10-05 23:55:10  [90m23:49:44 [1] FC Van: 0 pronto(s) a recolher[0m
2026-10-05 23:55:10  [90m23:49:47 [0] Real Betis: 0 treino(s) a pôr[0m
2026-10-05 23:55:10  [90m23:49:47 [1] FC Van: 0 treino(s) a pôr[0m
2026-10-05 23:55:10  [90m23:50:03 Anuncios da loja: video 1 visto.[0m
2026-10-05 23:55:10  Ctrl+C para parar
2026-10-05 23:55:10  [H[J OSMbot · A TRABALHAR · Windows                           23:50:21
2026-10-05 23:55:10  ──────────────────────────────────────────────────────────────────
2026-10-05 23:55:10  À espera  treino acaba 01:48 (em 1h57)
2026-10-05 23:55:10  [32m REAL BETIS   1.º Spain   jogo em 21h19   slots 4/4[0m
2026-10-05 23:55:10  Haaland        ATA    3h57  █████████░░░░░░░░░
2026-10-05 23:55:10  de Jong        MED    3h57  █████████░░░░░░░░░
2026-10-05 23:55:10  Gabriel        DEF    3h57  █████████░░░░░░░░░
2026-10-05 23:55:10  Donnarumma     GR     3h57  █████████░░░░░░░░░
2026-10-05 23:55:10  [32m FC VAN   4.º Armenia   jogo em 18h46   slots 4/4[0m
2026-10-05 23:55:10  Knauff         ATA    1h57  ██████████████░░░░
2026-10-05 23:55:10  K. Koné        MED    3h57  █████████░░░░░░░░░
2026-10-05 23:55:10  Mendes         DEF    3h57  █████████░░░░░░░░░
2026-10-05 23:55:10  Livakovic      GR     1h57  ██████████████░░░░
2026-10-05 23:55:10  Boss coins 2454    Anúncios: loja ✓  treino ✓
2026-10-05 23:55:10  desde o arranque (0h00) · saldo +0 boss coins · loja 1 vídeo(s) · treino 0 vídeo(s) · 0 recolhido(s) · 0 posto(s) a treinar
2026-10-05 23:55:10  ──────────────────────────────────────────────────────────────────
2026-10-05 23:55:10  [90m23:49:44 [0] Real Betis: 0 pronto(s) a recolher[0m
2026-10-05 23:55:10  [90m23:49:44 [1] FC Van: 0 pronto(s) a recolher[0m
2026-10-05 23:55:10  [90m23:49:47 [0] Real Betis: 0 treino(s) a pôr[0m
2026-10-05 23:55:10  [90m23:49:47 [1] FC Van: 0 treino(s) a pôr[0m
2026-10-05 23:55:10  [90m23:50:03 Anuncios da loja: video 1 visto.[0m
2026-10-05 23:55:10  Ctrl+C para parar
2026-10-05 23:55:10  [H[J OSMbot · A TRABALHAR · Windows                           23:50:22
2026-10-05 23:55:10  ──────────────────────────────────────────────────────────────────
2026-10-05 23:55:10  À espera  treino acaba 01:48 (em 1h57)
2026-10-05 23:55:10  [32m REAL BETIS   1.º Spain   jogo em 21h19   slots 4/4[0m
2026-10-05 23:55:10  Haaland        ATA    3h57  █████████░░░░░░░░░
2026-10-05 23:55:10  de Jong        MED    3h57  █████████░░░░░░░░░
2026-10-05 23:55:10  Gabriel        DEF    3h57  █████████░░░░░░░░░
2026-10-05 23:55:10  Donnarumma     GR     3h57  █████████░░░░░░░░░
2026-10-05 23:55:10  [32m FC VAN   4.º Armenia   jogo em 18h46   slots 4/4[0m
2026-10-05 23:55:10  Knauff         ATA    1h57  ██████████████░░░░
2026-10-05 23:55:10  K. Koné        MED    3h57  █████████░░░░░░░░░
2026-10-05 23:55:10  Mendes         DEF    3h57  █████████░░░░░░░░░
2026-10-05 23:55:10  Livakovic      GR     1h57  ██████████████░░░░
2026-10-05 23:55:10  Boss coins 2454    Anúncios: loja ✓  treino ✓
2026-10-05 23:55:10  desde o arranque (0h00) · saldo +0 boss coins · loja 1 vídeo(s) · treino 0 vídeo(s) · 0 recolhido(s) · 0 posto(s) a treinar
2026-10-05 23:55:10  ──────────────────────────────────────────────────────────────────
2026-10-05 23:55:10  [90m23:49:44 [0] Real Betis: 0 pronto(s) a recolher[0m
2026-10-05 23:55:10  [90m23:49:44 [1] FC Van: 0 pronto(s) a recolher[0m
2026-10-05 23:55:10  [90m23:49:47 [0] Real Betis: 0 treino(s) a pôr[0m
2026-10-05 23:55:10  [90m23:49:47 [1] FC Van: 0 treino(s) a pôr[0m
2026-10-05 23:55:10  [90m23:50:03 Anuncios da loja: video 1 visto.[0m
2026-10-05 23:55:10  Ctrl+C para parar
2026-10-05 23:55:10  [H[J OSMbot · A TRABALHAR · Windows                           23:50:23
2026-10-05 23:55:10  ──────────────────────────────────────────────────────────────────
2026-10-05 23:55:10  À espera  treino acaba 01:48 (em 1h57)
2026-10-05 23:55:10  [32m REAL BETIS   1.º Spain   jogo em 21h19   slots 4/4[0m
2026-10-05 23:55:10  Haaland        ATA    3h57  █████████░░░░░░░░░
2026-10-05 23:55:10  de Jong        MED    3h57  █████████░░░░░░░░░
2026-10-05 23:55:10  Gabriel        DEF    3h57  █████████░░░░░░░░░
2026-10-05 23:55:10  Donnarumma     GR     3h57  █████████░░░░░░░░░
2026-10-05 23:55:10  [32m FC VAN   4.º Armenia   jogo em 18h46   slots 4/4[0m
2026-10-05 23:55:10  Knauff         ATA    1h57  ██████████████░░░░
2026-10-05 23:55:10  K. Koné        MED    3h57  █████████░░░░░░░░░
2026-10-05 23:55:10  Mendes         DEF    3h57  █████████░░░░░░░░░
2026-10-05 23:55:10  Livakovic      GR     1h57  ██████████████░░░░
2026-10-05 23:55:10  Boss coins 2454    Anúncios: loja ✓  treino ✓
2026-10-05 23:55:10  desde o arranque (0h00) · saldo +0 boss coins · loja 1 vídeo(s) · treino 0 vídeo(s) · 0 recolhido(s) · 0 posto(s) a treinar
2026-10-05 23:55:10  ──────────────────────────────────────────────────────────────────
2026-10-05 23:55:10  [90m23:49:44 [0] Real Betis: 0 pronto(s) a recolher[0m
2026-10-05 23:55:10  [90m23:49:44 [1] FC Van: 0 pronto(s) a recolher[0m
2026-10-05 23:55:10  [90m23:49:47 [0] Real Betis: 0 treino(s) a pôr[0m
2026-10-05 23:55:10  [90m23:49:47 [1] FC Van: 0 treino(s) a pôr[0m
2026-10-05 23:55:10  [90m23:50:03 Anuncios da loja: video 1 visto.[0m
2026-10-05 23:55:10  Ctrl+C para parar
2026-10-05 23:55:10  [H[J OSMbot · A TRABALHAR · Windows                           23:50:24
2026-10-05 23:55:10  ──────────────────────────────────────────────────────────────────
2026-10-05 23:55:10  À espera  treino acaba 01:48 (em 1h57)
2026-10-05 23:55:10  [32m REAL BETIS   1.º Spain   jogo em 21h19   slots 4/4[0m
2026-10-05 23:55:10  Haaland        ATA    3h57  █████████░░░░░░░░░
2026-10-05 23:55:10  de Jong        MED    3h57  █████████░░░░░░░░░
2026-10-05 23:55:10  Gabriel        DEF    3h57  █████████░░░░░░░░░
2026-10-05 23:55:10  Donnarumma     GR     3h57  █████████░░░░░░░░░
2026-10-05 23:55:10  [32m FC VAN   4.º Armenia   jogo em 18h46   slots 4/4[0m
2026-10-05 23:55:10  Knauff         ATA    1h57  ██████████████░░░░
2026-10-05 23:55:10  K. Koné        MED    3h57  █████████░░░░░░░░░
2026-10-05 23:55:10  Mendes         DEF    3h57  █████████░░░░░░░░░
2026-10-05 23:55:10  Livakovic      GR     1h57  ██████████████░░░░
2026-10-05 23:55:10  Boss coins 2454    Anúncios: loja ✓  treino ✓
2026-10-05 23:55:10  desde o arranque (0h00) · saldo +0 boss coins · loja 1 vídeo(s) · treino 0 vídeo(s) · 0 recolhido(s) · 0 posto(s) a treinar
2026-10-05 23:55:10  ──────────────────────────────────────────────────────────────────
2026-10-05 23:55:10  [90m23:49:44 [0] Real Betis: 0 pronto(s) a recolher[0m
2026-10-05 23:55:10  [90m23:49:44 [1] FC Van: 0 pronto(s) a recolher[0m
2026-10-05 23:55:10  [90m23:49:47 [0] Real Betis: 0 treino(s) a pôr[0m
2026-10-05 23:55:10  [90m23:49:47 [1] FC Van: 0 treino(s) a pôr[0m
2026-10-05 23:55:10  [90m23:50:03 Anuncios da loja: video 1 visto.[0m
2026-10-05 23:55:10  Ctrl+C para parar
2026-10-05 23:55:10  [H[J OSMbot · A TRABALHAR · Windows                           23:50:25
2026-10-05 23:55:10  ──────────────────────────────────────────────────────────────────
2026-10-05 23:55:10  À espera  treino acaba 01:48 (em 1h57)
2026-10-05 23:55:10  [32m REAL BETIS   1.º Spain   jogo em 21h19   slots 4/4[0m
2026-10-05 23:55:10  Haaland        ATA    3h57  █████████░░░░░░░░░
2026-10-05 23:55:10  de Jong        MED    3h57  █████████░░░░░░░░░
2026-10-05 23:55:10  Gabriel        DEF    3h57  █████████░░░░░░░░░
2026-10-05 23:55:10  Donnarumma     GR     3h57  █████████░░░░░░░░░
2026-10-05 23:55:10  [32m FC VAN   4.º Armenia   jogo em 18h46   slots 4/4[0m
2026-10-05 23:55:10  Knauff         ATA    1h57  ██████████████░░░░
2026-10-05 23:55:10  K. Koné        MED    3h57  █████████░░░░░░░░░
2026-10-05 23:55:10  Mendes         DEF    3h57  █████████░░░░░░░░░
2026-10-05 23:55:10  Livakovic      GR     1h57  ██████████████░░░░
2026-10-05 23:55:10  Boss coins 2454    Anúncios: loja ✓  treino ✓
2026-10-05 23:55:10  desde o arranque (0h00) · saldo +0 boss coins · loja 1 vídeo(s) · treino 0 vídeo(s) · 0 recolhido(s) · 0 posto(s) a treinar
2026-10-05 23:55:10  ──────────────────────────────────────────────────────────────────
2026-10-05 23:55:10  [90m23:49:44 [0] Real Betis: 0 pronto(s) a recolher[0m
2026-10-05 23:55:10  [90m23:49:44 [1] FC Van: 0 pronto(s) a recolher[0m
2026-10-05 23:55:10  [90m23:49:47 [0] Real Betis: 0 treino(s) a pôr[0m
2026-10-05 23:55:10  [90m23:49:47 [1] FC Van: 0 treino(s) a pôr[0m
2026-10-05 23:55:10  [90m23:50:03 Anuncios da loja: video 1 visto.[0m
2026-10-05 23:55:10  Ctrl+C para parar
2026-10-05 23:55:10  [H[J OSMbot · A TRABALHAR · Windows                           23:50:26
2026-10-05 23:55:10  ──────────────────────────────────────────────────────────────────
2026-10-05 23:55:10  À espera  treino acaba 01:48 (em 1h57)
2026-10-05 23:55:10  [32m REAL BETIS   1.º Spain   jogo em 21h19   slots 4/4[0m
2026-10-05 23:55:10  Haaland        ATA    3h57  █████████░░░░░░░░░
2026-10-05 23:55:10  de Jong        MED    3h57  █████████░░░░░░░░░
2026-10-05 23:55:10  Gabriel        DEF    3h57  █████████░░░░░░░░░
2026-10-05 23:55:10  Donnarumma     GR     3h57  █████████░░░░░░░░░
2026-10-05 23:55:10  [32m FC VAN   4.º Armenia   jogo em 18h46   slots 4/4[0m
2026-10-05 23:55:10  Knauff         ATA    1h57  ██████████████░░░░
2026-10-05 23:55:10  K. Koné        MED    3h57  █████████░░░░░░░░░
2026-10-05 23:55:10  Mendes         DEF    3h57  █████████░░░░░░░░░
2026-10-05 23:55:10  Livakovic      GR     1h57  ██████████████░░░░
2026-10-05 23:55:10  Boss coins 2454    Anúncios: loja ✓  treino ✓
2026-10-05 23:55:10  desde o arranque (0h00) · saldo +0 boss coins · loja 1 vídeo(s) · treino 0 vídeo(s) · 0 recolhido(s) · 0 posto(s) a treinar
2026-10-05 23:55:10  ──────────────────────────────────────────────────────────────────
2026-10-05 23:55:10  [90m23:49:44 [0] Real Betis: 0 pronto(s) a recolher[0m
2026-10-05 23:55:10  [90m23:49:44 [1] FC Van: 0 pronto(s) a recolher[0m
2026-10-05 23:55:10  [90m23:49:47 [0] Real Betis: 0 treino(s) a pôr[0m
2026-10-05 23:55:10  [90m23:49:47 [1] FC Van: 0 treino(s) a pôr[0m
2026-10-05 23:55:10  [90m23:50:03 Anuncios da loja: video 1 visto.[0m
2026-10-05 23:55:10  Ctrl+C para parar
2026-10-05 23:55:10  [H[J OSMbot · A TRABALHAR · Windows                           23:50:27
2026-10-05 23:55:10  ──────────────────────────────────────────────────────────────────
2026-10-05 23:55:10  À espera  treino acaba 01:48 (em 1h57)
2026-10-05 23:55:10  [32m REAL BETIS   1.º Spain   jogo em 21h19   slots 4/4[0m
2026-10-05 23:55:10  Haaland        ATA    3h57  █████████░░░░░░░░░
2026-10-05 23:55:10  de Jong        MED    3h57  █████████░░░░░░░░░
2026-10-05 23:55:10  Gabriel        DEF    3h57  █████████░░░░░░░░░
2026-10-05 23:55:10  Donnarumma     GR     3h57  █████████░░░░░░░░░
2026-10-05 23:55:10  [32m FC VAN   4.º Armenia   jogo em 18h46   slots 4/4[0m
2026-10-05 23:55:10  Knauff         ATA    1h57  ██████████████░░░░
2026-10-05 23:55:10  K. Koné        MED    3h57  █████████░░░░░░░░░
2026-10-05 23:55:10  Mendes         DEF    3h57  █████████░░░░░░░░░
2026-10-05 23:55:10  Livakovic      GR     1h57  ██████████████░░░░
2026-10-05 23:55:10  Boss coins 2454    Anúncios: loja ✓  treino ✓
2026-10-05 23:55:10  desde o arranque (0h00) · saldo +0 boss coins · loja 1 vídeo(s) · treino 0 vídeo(s) · 0 recolhido(s) · 0 posto(s) a treinar
2026-10-05 23:55:10  ──────────────────────────────────────────────────────────────────
2026-10-05 23:55:10  [90m23:49:44 [0] Real Betis: 0 pronto(s) a recolher[0m
2026-10-05 23:55:10  [90m23:49:44 [1] FC Van: 0 pronto(s) a recolher[0m
2026-10-05 23:55:10  [90m23:49:47 [0] Real Betis: 0 treino(s) a pôr[0m
2026-10-05 23:55:10  [90m23:49:47 [1] FC Van: 0 treino(s) a pôr[0m
2026-10-05 23:55:10  [90m23:50:03 Anuncios da loja: video 1 visto.[0m
2026-10-05 23:55:10  Ctrl+C para parar
2026-10-05 23:55:10  [H[J OSMbot · A TRABALHAR · Windows                           23:50:28
2026-10-05 23:55:10  ──────────────────────────────────────────────────────────────────
2026-10-05 23:55:10  À espera  treino acaba 01:48 (em 1h57)
2026-10-05 23:55:10  [32m REAL BETIS   1.º Spain   jogo em 21h18   slots 4/4[0m
2026-10-05 23:55:10  Haaland        ATA    3h57  █████████░░░░░░░░░
2026-10-05 23:55:10  de Jong        MED    3h57  █████████░░░░░░░░░
2026-10-05 23:55:10  Gabriel        DEF    3h57  █████████░░░░░░░░░
2026-10-05 23:55:10  Donnarumma     GR     3h57  █████████░░░░░░░░░
2026-10-05 23:55:10  [32m FC VAN   4.º Armenia   jogo em 18h46   slots 4/4[0m
2026-10-05 23:55:10  Knauff         ATA    1h57  ██████████████░░░░
2026-10-05 23:55:10  K. Koné        MED    3h57  █████████░░░░░░░░░
2026-10-05 23:55:10  Mendes         DEF    3h57  █████████░░░░░░░░░
2026-10-05 23:55:10  Livakovic      GR     1h57  ██████████████░░░░
2026-10-05 23:55:10  Boss coins 2454    Anúncios: loja ✓  treino ✓
2026-10-05 23:55:10  desde o arranque (0h00) · saldo +0 boss coins · loja 1 vídeo(s) · treino 0 vídeo(s) · 0 recolhido(s) · 0 posto(s) a treinar
2026-10-05 23:55:10  ──────────────────────────────────────────────────────────────────
2026-10-05 23:55:10  [90m23:49:44 [0] Real Betis: 0 pronto(s) a recolher[0m
2026-10-05 23:55:10  [90m23:49:44 [1] FC Van: 0 pronto(s) a recolher[0m
2026-10-05 23:55:10  [90m23:49:47 [0] Real Betis: 0 treino(s) a pôr[0m
2026-10-05 23:55:10  [90m23:49:47 [1] FC Van: 0 treino(s) a pôr[0m
2026-10-05 23:55:10  [90m23:50:03 Anuncios da loja: video 1 visto.[0m
2026-10-05 23:55:10  Ctrl+C para parar
2026-10-05 23:55:10  [H[J OSMbot · A TRABALHAR · Windows                           23:50:29
2026-10-05 23:55:10  ──────────────────────────────────────────────────────────────────
2026-10-05 23:55:10  À espera  treino acaba 01:48 (em 1h57)
2026-10-05 23:55:10  [32m REAL BETIS   1.º Spain   jogo em 21h18   slots 4/4[0m
2026-10-05 23:55:10  Haaland        ATA    3h57  █████████░░░░░░░░░
2026-10-05 23:55:10  de Jong        MED    3h57  █████████░░░░░░░░░
2026-10-05 23:55:10  Gabriel        DEF    3h57  █████████░░░░░░░░░
2026-10-05 23:55:10  Donnarumma     GR     3h57  █████████░░░░░░░░░
2026-10-05 23:55:10  [32m FC VAN   4.º Armenia   jogo em 18h46   slots 4/4[0m
2026-10-05 23:55:10  Knauff         ATA    1h57  ██████████████░░░░
2026-10-05 23:55:10  K. Koné        MED    3h57  █████████░░░░░░░░░
2026-10-05 23:55:10  Mendes         DEF    3h57  █████████░░░░░░░░░
2026-10-05 23:55:10  Livakovic      GR     1h57  ██████████████░░░░
2026-10-05 23:55:10  Boss coins 2454    Anúncios: loja ✓  treino ✓
2026-10-05 23:55:10  desde o arranque (0h00) · saldo +0 boss coins · loja 1 vídeo(s) · treino 0 vídeo(s) · 0 recolhido(s) · 0 posto(s) a treinar
2026-10-05 23:55:10  ──────────────────────────────────────────────────────────────────
2026-10-05 23:55:10  [90m23:49:44 [0] Real Betis: 0 pronto(s) a recolher[0m
2026-10-05 23:55:10  [90m23:49:44 [1] FC Van: 0 pronto(s) a recolher[0m
2026-10-05 23:55:10  [90m23:49:47 [0] Real Betis: 0 treino(s) a pôr[0m
2026-10-05 23:55:10  [90m23:49:47 [1] FC Van: 0 treino(s) a pôr[0m
2026-10-05 23:55:10  [90m23:50:03 Anuncios da loja: video 1 visto.[0m
2026-10-05 23:55:10  Ctrl+C para parar
2026-10-05 23:55:10  [H[J OSMbot · A TRABALHAR · Windows                           23:50:30
2026-10-05 23:55:10  ──────────────────────────────────────────────────────────────────
2026-10-05 23:55:10  À espera  treino acaba 01:48 (em 1h57)
2026-10-05 23:55:10  [32m REAL BETIS   1.º Spain   jogo em 21h18   slots 4/4[0m
2026-10-05 23:55:10  Haaland        ATA    3h57  █████████░░░░░░░░░
2026-10-05 23:55:10  de Jong        MED    3h57  █████████░░░░░░░░░
2026-10-05 23:55:10  Gabriel        DEF    3h57  █████████░░░░░░░░░
2026-10-05 23:55:10  Donnarumma     GR     3h57  █████████░░░░░░░░░
2026-10-05 23:55:10  [32m FC VAN   4.º Armenia   jogo em 18h46   slots 4/4[0m
2026-10-05 23:55:10  Knauff         ATA    1h57  ██████████████░░░░
2026-10-05 23:55:10  K. Koné        MED    3h57  █████████░░░░░░░░░
2026-10-05 23:55:10  Mendes         DEF    3h57  █████████░░░░░░░░░
2026-10-05 23:55:10  Livakovic      GR     1h57  ██████████████░░░░
2026-10-05 23:55:10  Boss coins 2454    Anúncios: loja ✓  treino ✓
2026-10-05 23:55:10  desde o arranque (0h00) · saldo +0 boss coins · loja 1 vídeo(s) · treino 0 vídeo(s) · 0 recolhido(s) · 0 posto(s) a treinar
2026-10-05 23:55:10  ──────────────────────────────────────────────────────────────────
2026-10-05 23:55:10  [90m23:49:44 [0] Real Betis: 0 pronto(s) a recolher[0m
2026-10-05 23:55:10  [90m23:49:44 [1] FC Van: 0 pronto(s) a recolher[0m
2026-10-05 23:55:10  [90m23:49:47 [0] Real Betis: 0 treino(s) a pôr[0m
2026-10-05 23:55:10  [90m23:49:47 [1] FC Van: 0 treino(s) a pôr[0m
2026-10-05 23:55:10  [90m23:50:03 Anuncios da loja: video 1 visto.[0m
2026-10-05 23:55:10  Ctrl+C para parar
2026-10-05 23:55:10  [H[J OSMbot · A TRABALHAR · Windows                           23:50:31
2026-10-05 23:55:10  ──────────────────────────────────────────────────────────────────
2026-10-05 23:55:10  À espera  treino acaba 01:48 (em 1h57)
2026-10-05 23:55:10  [32m REAL BETIS   1.º Spain   jogo em 21h18   slots 4/4[0m
2026-10-05 23:55:10  Haaland        ATA    3h57  █████████░░░░░░░░░
2026-10-05 23:55:10  de Jong        MED    3h57  █████████░░░░░░░░░
2026-10-05 23:55:10  Gabriel        DEF    3h57  █████████░░░░░░░░░
2026-10-05 23:55:10  Donnarumma     GR     3h57  █████████░░░░░░░░░
2026-10-05 23:55:10  [32m FC VAN   4.º Armenia   jogo em 18h46   slots 4/4[0m
2026-10-05 23:55:10  Knauff         ATA    1h57  ██████████████░░░░
2026-10-05 23:55:10  K. Koné        MED    3h57  █████████░░░░░░░░░
2026-10-05 23:55:10  Mendes         DEF    3h57  █████████░░░░░░░░░
2026-10-05 23:55:10  Livakovic      GR     1h57  ██████████████░░░░
2026-10-05 23:55:10  Boss coins 2454    Anúncios: loja ✓  treino ✓
2026-10-05 23:55:10  desde o arranque (0h00) · saldo +0 boss coins · loja 1 vídeo(s) · treino 0 vídeo(s) · 0 recolhido(s) · 0 posto(s) a treinar
2026-10-05 23:55:10  ──────────────────────────────────────────────────────────────────
2026-10-05 23:55:10  [90m23:49:44 [0] Real Betis: 0 pronto(s) a recolher[0m
2026-10-05 23:55:10  [90m23:49:44 [1] FC Van: 0 pronto(s) a recolher[0m
2026-10-05 23:55:10  [90m23:49:47 [0] Real Betis: 0 treino(s) a pôr[0m
2026-10-05 23:55:10  [90m23:49:47 [1] FC Van: 0 treino(s) a pôr[0m
2026-10-05 23:55:10  [90m23:50:03 Anuncios da loja: video 1 visto.[0m
2026-10-05 23:55:10  Ctrl+C para parar
2026-10-05 23:55:10  [H[J OSMbot · A TRABALHAR · Windows                           23:50:32
2026-10-05 23:55:10  ──────────────────────────────────────────────────────────────────
2026-10-05 23:55:10  À espera  treino acaba 01:48 (em 1h57)
2026-10-05 23:55:10  [32m REAL BETIS   1.º Spain   jogo em 21h18   slots 4/4[0m
2026-10-05 23:55:10  Haaland        ATA    3h57  █████████░░░░░░░░░
2026-10-05 23:55:10  de Jong        MED    3h57  █████████░░░░░░░░░
2026-10-05 23:55:10  Gabriel        DEF    3h57  █████████░░░░░░░░░
2026-10-05 23:55:10  Donnarumma     GR     3h57  █████████░░░░░░░░░
2026-10-05 23:55:10  [32m FC VAN   4.º Armenia   jogo em 18h46   slots 4/4[0m
2026-10-05 23:55:10  Knauff         ATA    1h57  ██████████████░░░░
2026-10-05 23:55:10  K. Koné        MED    3h57  █████████░░░░░░░░░
2026-10-05 23:55:10  Mendes         DEF    3h57  █████████░░░░░░░░░
2026-10-05 23:55:10  Livakovic      GR     1h57  ██████████████░░░░
2026-10-05 23:55:10  Boss coins 2454    Anúncios: loja ✓  treino ✓
2026-10-05 23:55:10  desde o arranque (0h00) · saldo +0 boss coins · loja 1 vídeo(s) · treino 0 vídeo(s) · 0 recolhido(s) · 0 posto(s) a treinar
2026-10-05 23:55:10  ──────────────────────────────────────────────────────────────────
2026-10-05 23:55:10  [90m23:49:44 [0] Real Betis: 0 pronto(s) a recolher[0m
2026-10-05 23:55:10  [90m23:49:44 [1] FC Van: 0 pronto(s) a recolher[0m
2026-10-05 23:55:10  [90m23:49:47 [0] Real Betis: 0 treino(s) a pôr[0m
2026-10-05 23:55:10  [90m23:49:47 [1] FC Van: 0 treino(s) a pôr[0m
2026-10-05 23:55:10  [90m23:50:03 Anuncios da loja: video 1 visto.[0m
2026-10-05 23:55:10  Ctrl+C para parar
2026-10-05 23:55:10  [H[J OSMbot · A TRABALHAR · Windows                           23:50:33
2026-10-05 23:55:10  ──────────────────────────────────────────────────────────────────
2026-10-05 23:55:10  À espera  treino acaba 01:48 (em 1h57)
2026-10-05 23:55:10  [32m REAL BETIS   1.º Spain   jogo em 21h18   slots 4/4[0m
2026-10-05 23:55:10  Haaland        ATA    3h57  █████████░░░░░░░░░
2026-10-05 23:55:10  de Jong        MED    3h57  █████████░░░░░░░░░
2026-10-05 23:55:10  Gabriel        DEF    3h57  █████████░░░░░░░░░
2026-10-05 23:55:10  Donnarumma     GR     3h57  █████████░░░░░░░░░
2026-10-05 23:55:10  [32m FC VAN   4.º Armenia   jogo em 18h46   slots 4/4[0m
2026-10-05 23:55:10  Knauff         ATA    1h57  ██████████████░░░░
2026-10-05 23:55:10  K. Koné        MED    3h57  █████████░░░░░░░░░
2026-10-05 23:55:10  Mendes         DEF    3h57  █████████░░░░░░░░░
2026-10-05 23:55:10  Livakovic      GR     1h57  ██████████████░░░░
2026-10-05 23:55:10  Boss coins 2454    Anúncios: loja ✓  treino ✓
2026-10-05 23:55:10  desde o arranque (0h00) · saldo +0 boss coins · loja 1 vídeo(s) · treino 0 vídeo(s) · 0 recolhido(s) · 0 posto(s) a treinar
2026-10-05 23:55:10  ──────────────────────────────────────────────────────────────────
2026-10-05 23:55:10  [90m23:49:44 [0] Real Betis: 0 pronto(s) a recolher[0m
2026-10-05 23:55:10  [90m23:49:44 [1] FC Van: 0 pronto(s) a recolher[0m
2026-10-05 23:55:10  [90m23:49:47 [0] Real Betis: 0 treino(s) a pôr[0m
2026-10-05 23:55:10  [90m23:49:47 [1] FC Van: 0 treino(s) a pôr[0m
2026-10-05 23:55:10  [90m23:50:03 Anuncios da loja: video 1 visto.[0m
2026-10-05 23:55:10  Ctrl+C para parar
2026-10-05 23:55:10  [H[J OSMbot · A TRABALHAR · Windows                           23:50:34
2026-10-05 23:55:10  ──────────────────────────────────────────────────────────────────
2026-10-05 23:55:10  À espera  treino acaba 01:48 (em 1h57)
2026-10-05 23:55:10  [32m REAL BETIS   1.º Spain   jogo em 21h18   slots 4/4[0m
2026-10-05 23:55:10  Haaland        ATA    3h57  █████████░░░░░░░░░
2026-10-05 23:55:10  de Jong        MED    3h57  █████████░░░░░░░░░
2026-10-05 23:55:10  Gabriel        DEF    3h57  █████████░░░░░░░░░
2026-10-05 23:55:10  Donnarumma     GR     3h57  █████████░░░░░░░░░
2026-10-05 23:55:10  [32m FC VAN   4.º Armenia   jogo em 18h46   slots 4/4[0m
2026-10-05 23:55:10  Knauff         ATA    1h57  ██████████████░░░░
2026-10-05 23:55:10  K. Koné        MED    3h57  █████████░░░░░░░░░
2026-10-05 23:55:10  Mendes         DEF    3h57  █████████░░░░░░░░░
2026-10-05 23:55:10  Livakovic      GR     1h57  ██████████████░░░░
2026-10-05 23:55:10  Boss coins 2454    Anúncios: loja ✓  treino ✓
2026-10-05 23:55:10  desde o arranque (0h00) · saldo +0 boss coins · loja 1 vídeo(s) · treino 0 vídeo(s) · 0 recolhido(s) · 0 posto(s) a treinar
2026-10-05 23:55:10  ──────────────────────────────────────────────────────────────────
2026-10-05 23:55:10  [90m23:49:44 [0] Real Betis: 0 pronto(s) a recolher[0m
2026-10-05 23:55:10  [90m23:49:44 [1] FC Van: 0 pronto(s) a recolher[0m
2026-10-05 23:55:10  [90m23:49:47 [0] Real Betis: 0 treino(s) a pôr[0m
2026-10-05 23:55:10  [90m23:49:47 [1] FC Van: 0 treino(s) a pôr[0m
2026-10-05 23:55:10  [90m23:50:03 Anuncios da loja: video 1 visto.[0m
2026-10-05 23:55:10  Ctrl+C para parar
2026-10-05 23:55:10  [H[J OSMbot · A TRABALHAR · Windows                           23:50:35
2026-10-05 23:55:10  ──────────────────────────────────────────────────────────────────
2026-10-05 23:55:10  À espera  treino acaba 01:48 (em 1h57)
2026-10-05 23:55:10  [32m REAL BETIS   1.º Spain   jogo em 21h18   slots 4/4[0m
2026-10-05 23:55:10  Haaland        ATA    3h57  █████████░░░░░░░░░
2026-10-05 23:55:10  de Jong        MED    3h57  █████████░░░░░░░░░
2026-10-05 23:55:10  Gabriel        DEF    3h57  █████████░░░░░░░░░
2026-10-05 23:55:10  Donnarumma     GR     3h57  █████████░░░░░░░░░
2026-10-05 23:55:10  [32m FC VAN   4.º Armenia   jogo em 18h46   slots 4/4[0m
2026-10-05 23:55:10  Knauff         ATA    1h57  ██████████████░░░░
2026-10-05 23:55:10  K. Koné        MED    3h57  █████████░░░░░░░░░
2026-10-05 23:55:10  Mendes         DEF    3h57  █████████░░░░░░░░░
2026-10-05 23:55:10  Livakovic      GR     1h57  ██████████████░░░░
2026-10-05 23:55:10  Boss coins 2454    Anúncios: loja ✓  treino ✓
2026-10-05 23:55:10  desde o arranque (0h00) · saldo +0 boss coins · loja 1 vídeo(s) · treino 0 vídeo(s) · 0 recolhido(s) · 0 posto(s) a treinar
2026-10-05 23:55:10  ──────────────────────────────────────────────────────────────────
2026-10-05 23:55:10  [90m23:49:44 [0] Real Betis: 0 pronto(s) a recolher[0m
2026-10-05 23:55:10  [90m23:49:44 [1] FC Van: 0 pronto(s) a recolher[0m
2026-10-05 23:55:10  [90m23:49:47 [0] Real Betis: 0 treino(s) a pôr[0m
2026-10-05 23:55:10  [90m23:49:47 [1] FC Van: 0 treino(s) a pôr[0m
2026-10-05 23:55:10  [90m23:50:03 Anuncios da loja: video 1 visto.[0m
2026-10-05 23:55:10  Ctrl+C para parar
2026-10-05 23:55:10  [H[J OSMbot · A TRABALHAR · Windows                           23:50:36
2026-10-05 23:55:10  ──────────────────────────────────────────────────────────────────
2026-10-05 23:55:10  À espera  treino acaba 01:48 (em 1h57)
2026-10-05 23:55:10  [32m REAL BETIS   1.º Spain   jogo em 21h18   slots 4/4[0m
2026-10-05 23:55:10  Haaland        ATA    3h57  █████████░░░░░░░░░
2026-10-05 23:55:10  de Jong        MED    3h57  █████████░░░░░░░░░
2026-10-05 23:55:10  Gabriel        DEF    3h57  █████████░░░░░░░░░
2026-10-05 23:55:10  Donnarumma     GR     3h57  █████████░░░░░░░░░
2026-10-05 23:55:10  [32m FC VAN   4.º Armenia   jogo em 18h46   slots 4/4[0m
2026-10-05 23:55:10  Knauff         ATA    1h57  ██████████████░░░░
2026-10-05 23:55:10  K. Koné        MED    3h57  █████████░░░░░░░░░
2026-10-05 23:55:10  Mendes         DEF    3h57  █████████░░░░░░░░░
2026-10-05 23:55:10  Livakovic      GR     1h57  ██████████████░░░░
2026-10-05 23:55:10  Boss coins 2454    Anúncios: loja ✓  treino ✓
2026-10-05 23:55:10  desde o arranque (0h00) · saldo +0 boss coins · loja 1 vídeo(s) · treino 0 vídeo(s) · 0 recolhido(s) · 0 posto(s) a treinar
2026-10-05 23:55:10  ──────────────────────────────────────────────────────────────────
2026-10-05 23:55:10  [90m23:49:44 [0] Real Betis: 0 pronto(s) a recolher[0m
2026-10-05 23:55:10  [90m23:49:44 [1] FC Van: 0 pronto(s) a recolher[0m
2026-10-05 23:55:10  [90m23:49:47 [0] Real Betis: 0 treino(s) a pôr[0m
2026-10-05 23:55:10  [90m23:49:47 [1] FC Van: 0 treino(s) a pôr[0m
2026-10-05 23:55:10  [90m23:50:03 Anuncios da loja: video 1 visto.[0m
2026-10-05 23:55:10  Ctrl+C para parar
2026-10-05 23:55:10  [H[J OSMbot · A TRABALHAR · Windows                           23:50:37
2026-10-05 23:55:10  ──────────────────────────────────────────────────────────────────
2026-10-05 23:55:10  À espera  treino acaba 01:48 (em 1h57)
2026-10-05 23:55:10  [32m REAL BETIS   1.º Spain   jogo em 21h18   slots 4/4[0m
2026-10-05 23:55:10  Haaland        ATA    3h57  █████████░░░░░░░░░
2026-10-05 23:55:10  de Jong        MED    3h57  █████████░░░░░░░░░
2026-10-05 23:55:10  Gabriel        DEF    3h57  █████████░░░░░░░░░
2026-10-05 23:55:10  Donnarumma     GR     3h57  █████████░░░░░░░░░
2026-10-05 23:55:10  [32m FC VAN   4.º Armenia   jogo em 18h46   slots 4/4[0m
2026-10-05 23:55:10  Knauff         ATA    1h57  ██████████████░░░░
2026-10-05 23:55:10  K. Koné        MED    3h57  █████████░░░░░░░░░
2026-10-05 23:55:10  Mendes         DEF    3h57  █████████░░░░░░░░░
2026-10-05 23:55:10  Livakovic      GR     1h57  ██████████████░░░░
2026-10-05 23:55:10  Boss coins 2454    Anúncios: loja ✓  treino ✓
2026-10-05 23:55:10  desde o arranque (0h00) · saldo +0 boss coins · loja 1 vídeo(s) · treino 0 vídeo(s) · 0 recolhido(s) · 0 posto(s) a treinar
2026-10-05 23:55:10  ──────────────────────────────────────────────────────────────────
2026-10-05 23:55:10  [90m23:49:44 [0] Real Betis: 0 pronto(s) a recolher[0m
2026-10-05 23:55:10  [90m23:49:44 [1] FC Van: 0 pronto(s) a recolher[0m
2026-10-05 23:55:10  [90m23:49:47 [0] Real Betis: 0 treino(s) a pôr[0m
2026-10-05 23:55:10  [90m23:49:47 [1] FC Van: 0 treino(s) a pôr[0m
2026-10-05 23:55:10  [90m23:50:03 Anuncios da loja: video 1 visto.[0m
2026-10-05 23:55:10  Ctrl+C para parar
2026-10-05 23:55:10  [H[J OSMbot · A TRABALHAR · Windows                           23:50:38
2026-10-05 23:55:10  ──────────────────────────────────────────────────────────────────
2026-10-05 23:55:10  À espera  treino acaba 01:48 (em 1h57)
2026-10-05 23:55:10  [32m REAL BETIS   1.º Spain   jogo em 21h18   slots 4/4[0m
2026-10-05 23:55:10  Haaland        ATA    3h57  █████████░░░░░░░░░
2026-10-05 23:55:10  de Jong        MED    3h57  █████████░░░░░░░░░
2026-10-05 23:55:10  Gabriel        DEF    3h57  █████████░░░░░░░░░
2026-10-05 23:55:10  Donnarumma     GR     3h57  █████████░░░░░░░░░
2026-10-05 23:55:10  [32m FC VAN   4.º Armenia   jogo em 18h46   slots 4/4[0m
2026-10-05 23:55:10  Knauff         ATA    1h57  ██████████████░░░░
2026-10-05 23:55:10  K. Koné        MED    3h57  █████████░░░░░░░░░
2026-10-05 23:55:10  Mendes         DEF    3h57  █████████░░░░░░░░░
2026-10-05 23:55:10  Livakovic      GR     1h57  ██████████████░░░░
2026-10-05 23:55:10  Boss coins 2454    Anúncios: loja ✓  treino ✓
2026-10-05 23:55:10  desde o arranque (0h01) · saldo +0 boss coins · loja 1 vídeo(s) · treino 0 vídeo(s) · 0 recolhido(s) · 0 posto(s) a treinar
2026-10-05 23:55:10  ──────────────────────────────────────────────────────────────────
2026-10-05 23:55:10  [90m23:49:44 [0] Real Betis: 0 pronto(s) a recolher[0m
2026-10-05 23:55:10  [90m23:49:44 [1] FC Van: 0 pronto(s) a recolher[0m
2026-10-05 23:55:10  [90m23:49:47 [0] Real Betis: 0 treino(s) a pôr[0m
2026-10-05 23:55:10  [90m23:49:47 [1] FC Van: 0 treino(s) a pôr[0m
2026-10-05 23:55:10  [90m23:50:03 Anuncios da loja: video 1 visto.[0m
2026-10-05 23:55:10  Ctrl+C para parar
2026-10-05 23:55:10  [H[J OSMbot · A TRABALHAR · Windows                           23:50:39
2026-10-05 23:55:10  ──────────────────────────────────────────────────────────────────
2026-10-05 23:55:10  À espera  treino acaba 01:48 (em 1h57)
2026-10-05 23:55:10  [32m REAL BETIS   1.º Spain   jogo em 21h18   slots 4/4[0m
2026-10-05 23:55:10  Haaland        ATA    3h57  █████████░░░░░░░░░
2026-10-05 23:55:10  de Jong        MED    3h57  █████████░░░░░░░░░
2026-10-05 23:55:10  Gabriel        DEF    3h57  █████████░░░░░░░░░
2026-10-05 23:55:10  Donnarumma     GR     3h57  █████████░░░░░░░░░
2026-10-05 23:55:10  [32m FC VAN   4.º Armenia   jogo em 18h46   slots 4/4[0m
2026-10-05 23:55:10  Knauff         ATA    1h57  ██████████████░░░░
2026-10-05 23:55:10  K. Koné        MED    3h57  █████████░░░░░░░░░
2026-10-05 23:55:10  Mendes         DEF    3h57  █████████░░░░░░░░░
2026-10-05 23:55:10  Livakovic      GR     1h57  ██████████████░░░░
2026-10-05 23:55:10  Boss coins 2454    Anúncios: loja ✓  treino ✓
2026-10-05 23:55:10  desde o arranque (0h01) · saldo +0 boss coins · loja 1 vídeo(s) · treino 0 vídeo(s) · 0 recolhido(s) · 0 posto(s) a treinar
2026-10-05 23:55:10  ──────────────────────────────────────────────────────────────────
2026-10-05 23:55:10  [90m23:49:44 [0] Real Betis: 0 pronto(s) a recolher[0m
2026-10-05 23:55:10  [90m23:49:44 [1] FC Van: 0 pronto(s) a recolher[0m
2026-10-05 23:55:10  [90m23:49:47 [0] Real Betis: 0 treino(s) a pôr[0m
2026-10-05 23:55:10  [90m23:49:47 [1] FC Van: 0 treino(s) a pôr[0m
2026-10-05 23:55:10  [90m23:50:03 Anuncios da loja: video 1 visto.[0m
2026-10-05 23:55:10  Ctrl+C para parar
2026-10-05 23:55:10  [H[J OSMbot · A TRABALHAR · Windows                           23:50:40
2026-10-05 23:55:10  ──────────────────────────────────────────────────────────────────
2026-10-05 23:55:10  À espera  treino acaba 01:48 (em 1h57)
2026-10-05 23:55:10  [32m REAL BETIS   1.º Spain   jogo em 21h18   slots 4/4[0m
2026-10-05 23:55:10  Haaland        ATA    3h57  █████████░░░░░░░░░
2026-10-05 23:55:10  de Jong        MED    3h57  █████████░░░░░░░░░
2026-10-05 23:55:10  Gabriel        DEF    3h57  █████████░░░░░░░░░
2026-10-05 23:55:10  Donnarumma     GR     3h57  █████████░░░░░░░░░
2026-10-05 23:55:10  [32m FC VAN   4.º Armenia   jogo em 18h46   slots 4/4[0m
2026-10-05 23:55:10  Knauff         ATA    1h57  ██████████████░░░░
2026-10-05 23:55:10  K. Koné        MED    3h57  █████████░░░░░░░░░
2026-10-05 23:55:10  Mendes         DEF    3h57  █████████░░░░░░░░░
2026-10-05 23:55:10  Livakovic      GR     1h57  ██████████████░░░░
2026-10-05 23:55:10  Boss coins 2454    Anúncios: loja ✓  treino ✓
2026-10-05 23:55:10  desde o arranque (0h01) · saldo +0 boss coins · loja 1 vídeo(s) · treino 0 vídeo(s) · 0 recolhido(s) · 0 posto(s) a treinar
2026-10-05 23:55:10  ──────────────────────────────────────────────────────────────────
2026-10-05 23:55:10  [90m23:49:44 [0] Real Betis: 0 pronto(s) a recolher[0m
2026-10-05 23:55:10  [90m23:49:44 [1] FC Van: 0 pronto(s) a recolher[0m
2026-10-05 23:55:10  [90m23:49:47 [0] Real Betis: 0 treino(s) a pôr[0m
2026-10-05 23:55:10  [90m23:49:47 [1] FC Van: 0 treino(s) a pôr[0m
2026-10-05 23:55:10  [90m23:50:03 Anuncios da loja: video 1 visto.[0m
2026-10-05 23:55:10  Ctrl+C para parar
2026-10-05 23:55:10  [H[J OSMbot · A TRABALHAR · Windows                           23:50:41
2026-10-05 23:55:10  ──────────────────────────────────────────────────────────────────
2026-10-05 23:55:10  À espera  treino acaba 01:48 (em 1h57)
2026-10-05 23:55:10  [32m REAL BETIS   1.º Spain   jogo em 21h18   slots 4/4[0m
2026-10-05 23:55:10  Haaland        ATA    3h57  █████████░░░░░░░░░
2026-10-05 23:55:10  de Jong        MED    3h57  █████████░░░░░░░░░
2026-10-05 23:55:10  Gabriel        DEF    3h57  █████████░░░░░░░░░
2026-10-05 23:55:10  Donnarumma     GR     3h57  █████████░░░░░░░░░
2026-10-05 23:55:10  [32m FC VAN   4.º Armenia   jogo em 18h46   slots 4/4[0m
2026-10-05 23:55:10  Knauff         ATA    1h57  ██████████████░░░░
2026-10-05 23:55:10  K. Koné        MED    3h57  █████████░░░░░░░░░
2026-10-05 23:55:10  Mendes         DEF    3h57  █████████░░░░░░░░░
2026-10-05 23:55:10  Livakovic      GR     1h57  ██████████████░░░░
2026-10-05 23:55:10  Boss coins 2454    Anúncios: loja ✓  treino ✓
2026-10-05 23:55:10  desde o arranque (0h01) · saldo +0 boss coins · loja 1 vídeo(s) · treino 0 vídeo(s) · 0 recolhido(s) · 0 posto(s) a treinar
2026-10-05 23:55:10  ──────────────────────────────────────────────────────────────────
2026-10-05 23:55:10  [90m23:49:44 [0] Real Betis: 0 pronto(s) a recolher[0m
2026-10-05 23:55:10  [90m23:49:44 [1] FC Van: 0 pronto(s) a recolher[0m
2026-10-05 23:55:10  [90m23:49:47 [0] Real Betis: 0 treino(s) a pôr[0m
2026-10-05 23:55:10  [90m23:49:47 [1] FC Van: 0 treino(s) a pôr[0m
2026-10-05 23:55:10  [90m23:50:03 Anuncios da loja: video 1 visto.[0m
2026-10-05 23:55:10  Ctrl+C para parar
2026-10-05 23:55:10  [H[J OSMbot · A TRABALHAR · Windows                           23:50:42
2026-10-05 23:55:10  ──────────────────────────────────────────────────────────────────
2026-10-05 23:55:10  À espera  treino acaba 01:48 (em 1h57)
2026-10-05 23:55:10  [32m REAL BETIS   1.º Spain   jogo em 21h18   slots 4/4[0m
2026-10-05 23:55:10  Haaland        ATA    3h57  █████████░░░░░░░░░
2026-10-05 23:55:10  de Jong        MED    3h57  █████████░░░░░░░░░
2026-10-05 23:55:10  Gabriel        DEF    3h57  █████████░░░░░░░░░
2026-10-05 23:55:10  Donnarumma     GR     3h57  █████████░░░░░░░░░
2026-10-05 23:55:10  [32m FC VAN   4.º Armenia   jogo em 18h46   slots 4/4[0m
2026-10-05 23:55:10  Knauff         ATA    1h57  ██████████████░░░░
2026-10-05 23:55:10  K. Koné        MED    3h57  █████████░░░░░░░░░
2026-10-05 23:55:10  Mendes         DEF    3h57  █████████░░░░░░░░░
2026-10-05 23:55:10  Livakovic      GR     1h57  ██████████████░░░░
2026-10-05 23:55:10  Boss coins 2454    Anúncios: loja ✓  treino ✓
2026-10-05 23:55:10  desde o arranque (0h01) · saldo +0 boss coins · loja 1 vídeo(s) · treino 0 vídeo(s) · 0 recolhido(s) · 0 posto(s) a treinar
2026-10-05 23:55:10  ──────────────────────────────────────────────────────────────────
2026-10-05 23:55:10  [90m23:49:44 [0] Real Betis: 0 pronto(s) a recolher[0m
2026-10-05 23:55:10  [90m23:49:44 [1] FC Van: 0 pronto(s) a recolher[0m
2026-10-05 23:55:10  [90m23:49:47 [0] Real Betis: 0 treino(s) a pôr[0m
2026-10-05 23:55:10  [90m23:49:47 [1] FC Van: 0 treino(s) a pôr[0m
2026-10-05 23:55:10  [90m23:50:03 Anuncios da loja: video 1 visto.[0m
2026-10-05 23:55:10  Ctrl+C para parar
2026-10-05 23:55:10  [H[J OSMbot · A TRABALHAR · Windows                           23:50:43
2026-10-05 23:55:10  ──────────────────────────────────────────────────────────────────
2026-10-05 23:55:10  À espera  treino acaba 01:48 (em 1h57)
2026-10-05 23:55:10  [32m REAL BETIS   1.º Spain   jogo em 21h18   slots 4/4[0m
2026-10-05 23:55:10  Haaland        ATA    3h57  █████████░░░░░░░░░
2026-10-05 23:55:10  de Jong        MED    3h57  █████████░░░░░░░░░
2026-10-05 23:55:10  Gabriel        DEF    3h57  █████████░░░░░░░░░
2026-10-05 23:55:10  Donnarumma     GR     3h57  █████████░░░░░░░░░
2026-10-05 23:55:10  [32m FC VAN   4.º Armenia   jogo em 18h46   slots 4/4[0m
2026-10-05 23:55:10  Knauff         ATA    1h57  ██████████████░░░░
2026-10-05 23:55:10  K. Koné        MED    3h57  █████████░░░░░░░░░
2026-10-05 23:55:10  Mendes         DEF    3h57  █████████░░░░░░░░░
2026-10-05 23:55:10  Livakovic      GR     1h57  ██████████████░░░░
2026-10-05 23:55:10  Boss coins 2454    Anúncios: loja ✓  treino ✓
2026-10-05 23:55:10  desde o arranque (0h01) · saldo +0 boss coins · loja 1 vídeo(s) · treino 0 vídeo(s) · 0 recolhido(s) · 0 posto(s) a treinar
2026-10-05 23:55:10  ──────────────────────────────────────────────────────────────────
2026-10-05 23:55:10  [90m23:49:44 [0] Real Betis: 0 pronto(s) a recolher[0m
2026-10-05 23:55:10  [90m23:49:44 [1] FC Van: 0 pronto(s) a recolher[0m
2026-10-05 23:55:10  [90m23:49:47 [0] Real Betis: 0 treino(s) a pôr[0m
2026-10-05 23:55:10  [90m23:49:47 [1] FC Van: 0 treino(s) a pôr[0m
2026-10-05 23:55:10  [90m23:50:03 Anuncios da loja: video 1 visto.[0m
2026-10-05 23:55:10  Ctrl+C para parar
2026-10-05 23:55:10  [H[J OSMbot · A TRABALHAR · Windows                           23:50:44
2026-10-05 23:55:10  ──────────────────────────────────────────────────────────────────
2026-10-05 23:55:10  À espera  treino acaba 01:48 (em 1h57)
2026-10-05 23:55:10  [32m REAL BETIS   1.º Spain   jogo em 21h18   slots 4/4[0m
2026-10-05 23:55:10  Haaland        ATA    3h57  █████████░░░░░░░░░
2026-10-05 23:55:10  de Jong        MED    3h57  █████████░░░░░░░░░
2026-10-05 23:55:10  Gabriel        DEF    3h57  █████████░░░░░░░░░
2026-10-05 23:55:10  Donnarumma     GR     3h57  █████████░░░░░░░░░
2026-10-05 23:55:10  [32m FC VAN   4.º Armenia   jogo em 18h46   slots 4/4[0m
2026-10-05 23:55:10  Knauff         ATA    1h57  ██████████████░░░░
2026-10-05 23:55:10  K. Koné        MED    3h57  █████████░░░░░░░░░
2026-10-05 23:55:10  Mendes         DEF    3h57  █████████░░░░░░░░░
2026-10-05 23:55:10  Livakovic      GR     1h57  ██████████████░░░░
2026-10-05 23:55:10  Boss coins 2454    Anúncios: loja ✓  treino ✓
2026-10-05 23:55:10  desde o arranque (0h01) · saldo +0 boss coins · loja 1 vídeo(s) · treino 0 vídeo(s) · 0 recolhido(s) · 0 posto(s) a treinar
2026-10-05 23:55:10  ──────────────────────────────────────────────────────────────────
2026-10-05 23:55:10  [90m23:49:44 [0] Real Betis: 0 pronto(s) a recolher[0m
2026-10-05 23:55:10  [90m23:49:44 [1] FC Van: 0 pronto(s) a recolher[0m
2026-10-05 23:55:10  [90m23:49:47 [0] Real Betis: 0 treino(s) a pôr[0m
2026-10-05 23:55:10  [90m23:49:47 [1] FC Van: 0 treino(s) a pôr[0m
2026-10-05 23:55:10  [90m23:50:03 Anuncios da loja: video 1 visto.[0m
2026-10-05 23:55:10  Ctrl+C para parar
2026-10-05 23:55:10  [H[J OSMbot · A TRABALHAR · Windows                           23:50:45
2026-10-05 23:55:10  ──────────────────────────────────────────────────────────────────
2026-10-05 23:55:10  À espera  treino acaba 01:48 (em 1h57)
2026-10-05 23:55:10  [32m REAL BETIS   1.º Spain   jogo em 21h18   slots 4/4[0m
2026-10-05 23:55:10  Haaland        ATA    3h57  █████████░░░░░░░░░
2026-10-05 23:55:10  de Jong        MED    3h57  █████████░░░░░░░░░
2026-10-05 23:55:10  Gabriel        DEF    3h57  █████████░░░░░░░░░
2026-10-05 23:55:10  Donnarumma     GR     3h57  █████████░░░░░░░░░
2026-10-05 23:55:10  [32m FC VAN   4.º Armenia   jogo em 18h46   slots 4/4[0m
2026-10-05 23:55:10  Knauff         ATA    1h57  ██████████████░░░░
2026-10-05 23:55:10  K. Koné        MED    3h57  █████████░░░░░░░░░
2026-10-05 23:55:10  Mendes         DEF    3h57  █████████░░░░░░░░░
2026-10-05 23:55:10  Livakovic      GR     1h57  ██████████████░░░░
2026-10-05 23:55:10  Boss coins 2454    Anúncios: loja ✓  treino ✓
2026-10-05 23:55:10  desde o arranque (0h01) · saldo +0 boss coins · loja 1 vídeo(s) · treino 0 vídeo(s) · 0 recolhido(s) · 0 posto(s) a treinar
2026-10-05 23:55:10  ──────────────────────────────────────────────────────────────────
2026-10-05 23:55:10  [90m23:49:44 [0] Real Betis: 0 pronto(s) a recolher[0m
2026-10-05 23:55:10  [90m23:49:44 [1] FC Van: 0 pronto(s) a recolher[0m
2026-10-05 23:55:10  [90m23:49:47 [0] Real Betis: 0 treino(s) a pôr[0m
2026-10-05 23:55:10  [90m23:49:47 [1] FC Van: 0 treino(s) a pôr[0m
2026-10-05 23:55:10  [90m23:50:03 Anuncios da loja: video 1 visto.[0m
2026-10-05 23:55:10  Ctrl+C para parar
2026-10-05 23:55:10  [H[J OSMbot · A TRABALHAR · Windows                           23:50:46
2026-10-05 23:55:10  ──────────────────────────────────────────────────────────────────
2026-10-05 23:55:10  À espera  treino acaba 01:48 (em 1h57)
2026-10-05 23:55:10  [32m REAL BETIS   1.º Spain   jogo em 21h18   slots 4/4[0m
2026-10-05 23:55:10  Haaland        ATA    3h57  █████████░░░░░░░░░
2026-10-05 23:55:10  de Jong        MED    3h57  █████████░░░░░░░░░
2026-10-05 23:55:10  Gabriel        DEF    3h57  █████████░░░░░░░░░
2026-10-05 23:55:10  Donnarumma     GR     3h57  █████████░░░░░░░░░
2026-10-05 23:55:10  [32m FC VAN   4.º Armenia   jogo em 18h46   slots 4/4[0m
2026-10-05 23:55:10  Knauff         ATA    1h57  ██████████████░░░░
2026-10-05 23:55:10  K. Koné        MED    3h57  █████████░░░░░░░░░
2026-10-05 23:55:10  Mendes         DEF    3h57  █████████░░░░░░░░░
2026-10-05 23:55:10  Livakovic      GR     1h57  ██████████████░░░░
2026-10-05 23:55:10  Boss coins 2454    Anúncios: loja ✓  treino ✓
2026-10-05 23:55:10  desde o arranque (0h01) · saldo +0 boss coins · loja 1 vídeo(s) · treino 0 vídeo(s) · 0 recolhido(s) · 0 posto(s) a treinar
2026-10-05 23:55:10  ──────────────────────────────────────────────────────────────────
2026-10-05 23:55:10  [90m23:49:44 [0] Real Betis: 0 pronto(s) a recolher[0m
2026-10-05 23:55:10  [90m23:49:44 [1] FC Van: 0 pronto(s) a recolher[0m
2026-10-05 23:55:10  [90m23:49:47 [0] Real Betis: 0 treino(s) a pôr[0m
2026-10-05 23:55:10  [90m23:49:47 [1] FC Van: 0 treino(s) a pôr[0m
2026-10-05 23:55:10  [90m23:50:03 Anuncios da loja: video 1 visto.[0m
2026-10-05 23:55:10  Ctrl+C para parar
2026-10-05 23:55:10  [H[J OSMbot · A TRABALHAR · Windows                           23:50:47
2026-10-05 23:55:10  ──────────────────────────────────────────────────────────────────
2026-10-05 23:55:10  À espera  treino acaba 01:48 (em 1h57)
2026-10-05 23:55:10  [32m REAL BETIS   1.º Spain   jogo em 21h18   slots 4/4[0m
2026-10-05 23:55:10  Haaland        ATA    3h57  █████████░░░░░░░░░
2026-10-05 23:55:10  de Jong        MED    3h57  █████████░░░░░░░░░
2026-10-05 23:55:10  Gabriel        DEF    3h57  █████████░░░░░░░░░
2026-10-05 23:55:10  Donnarumma     GR     3h57  █████████░░░░░░░░░
2026-10-05 23:55:10  [32m FC VAN   4.º Armenia   jogo em 18h46   slots 4/4[0m
2026-10-05 23:55:10  Knauff         ATA    1h57  ██████████████░░░░
2026-10-05 23:55:10  K. Koné        MED    3h57  █████████░░░░░░░░░
2026-10-05 23:55:10  Mendes         DEF    3h57  █████████░░░░░░░░░
2026-10-05 23:55:10  Livakovic      GR     1h57  ██████████████░░░░
2026-10-05 23:55:10  Boss coins 2454    Anúncios: loja ✓  treino ✓
2026-10-05 23:55:10  desde o arranque (0h01) · saldo +0 boss coins · loja 1 vídeo(s) · treino 0 vídeo(s) · 0 recolhido(s) · 0 posto(s) a treinar
2026-10-05 23:55:10  ──────────────────────────────────────────────────────────────────
2026-10-05 23:55:10  [90m23:49:44 [0] Real Betis: 0 pronto(s) a recolher[0m
2026-10-05 23:55:10  [90m23:49:44 [1] FC Van: 0 pronto(s) a recolher[0m
2026-10-05 23:55:10  [90m23:49:47 [0] Real Betis: 0 treino(s) a pôr[0m
2026-10-05 23:55:10  [90m23:49:47 [1] FC Van: 0 treino(s) a pôr[0m
2026-10-05 23:55:10  [90m23:50:03 Anuncios da loja: video 1 visto.[0m
2026-10-05 23:55:10  Ctrl+C para parar
2026-10-05 23:55:10  [H[J OSMbot · A TRABALHAR · Windows                           23:50:48
2026-10-05 23:55:10  ──────────────────────────────────────────────────────────────────
2026-10-05 23:55:10  À espera  treino acaba 01:48 (em 1h57)
2026-10-05 23:55:10  [32m REAL BETIS   1.º Spain   jogo em 21h18   slots 4/4[0m
2026-10-05 23:55:10  Haaland        ATA    3h57  █████████░░░░░░░░░
2026-10-05 23:55:10  de Jong        MED    3h57  █████████░░░░░░░░░
2026-10-05 23:55:10  Gabriel        DEF    3h57  █████████░░░░░░░░░
2026-10-05 23:55:10  Donnarumma     GR     3h57  █████████░░░░░░░░░
2026-10-05 23:55:10  [32m FC VAN   4.º Armenia   jogo em 18h45   slots 4/4[0m
2026-10-05 23:55:10  Knauff         ATA    1h57  ██████████████░░░░
2026-10-05 23:55:10  K. Koné        MED    3h57  █████████░░░░░░░░░
2026-10-05 23:55:10  Mendes         DEF    3h57  █████████░░░░░░░░░
2026-10-05 23:55:10  Livakovic      GR     1h57  ██████████████░░░░
2026-10-05 23:55:10  Boss coins 2454    Anúncios: loja ✓  treino ✓
2026-10-05 23:55:10  desde o arranque (0h01) · saldo +0 boss coins · loja 1 vídeo(s) · treino 0 vídeo(s) · 0 recolhido(s) · 0 posto(s) a treinar
2026-10-05 23:55:10  ──────────────────────────────────────────────────────────────────
2026-10-05 23:55:10  [90m23:49:44 [0] Real Betis: 0 pronto(s) a recolher[0m
2026-10-05 23:55:10  [90m23:49:44 [1] FC Van: 0 pronto(s) a recolher[0m
2026-10-05 23:55:10  [90m23:49:47 [0] Real Betis: 0 treino(s) a pôr[0m
2026-10-05 23:55:10  [90m23:49:47 [1] FC Van: 0 treino(s) a pôr[0m
2026-10-05 23:55:10  [90m23:50:03 Anuncios da loja: video 1 visto.[0m
2026-10-05 23:55:10  Ctrl+C para parar
2026-10-05 23:55:10  [H[J OSMbot · A TRABALHAR · Windows                           23:50:49
2026-10-05 23:55:10  ──────────────────────────────────────────────────────────────────
2026-10-05 23:55:10  À espera  treino acaba 01:48 (em 1h57)
2026-10-05 23:55:10  [32m REAL BETIS   1.º Spain   jogo em 21h18   slots 4/4[0m
2026-10-05 23:55:10  Haaland        ATA    3h57  █████████░░░░░░░░░
2026-10-05 23:55:10  de Jong        MED    3h57  █████████░░░░░░░░░
2026-10-05 23:55:10  Gabriel        DEF    3h57  █████████░░░░░░░░░
2026-10-05 23:55:10  Donnarumma     GR     3h57  █████████░░░░░░░░░
2026-10-05 23:55:10  [32m FC VAN   4.º Armenia   jogo em 18h45   slots 4/4[0m
2026-10-05 23:55:10  Knauff         ATA    1h57  ██████████████░░░░
2026-10-05 23:55:10  K. Koné        MED    3h57  █████████░░░░░░░░░
2026-10-05 23:55:10  Mendes         DEF    3h57  █████████░░░░░░░░░
2026-10-05 23:55:10  Livakovic      GR     1h57  ██████████████░░░░
2026-10-05 23:55:10  Boss coins 2454    Anúncios: loja ✓  treino ✓
2026-10-05 23:55:10  desde o arranque (0h01) · saldo +0 boss coins · loja 1 vídeo(s) · treino 0 vídeo(s) · 0 recolhido(s) · 0 posto(s) a treinar
2026-10-05 23:55:10  ──────────────────────────────────────────────────────────────────
2026-10-05 23:55:10  [90m23:49:44 [0] Real Betis: 0 pronto(s) a recolher[0m
2026-10-05 23:55:10  [90m23:49:44 [1] FC Van: 0 pronto(s) a recolher[0m
2026-10-05 23:55:10  [90m23:49:47 [0] Real Betis: 0 treino(s) a pôr[0m
2026-10-05 23:55:10  [90m23:49:47 [1] FC Van: 0 treino(s) a pôr[0m
2026-10-05 23:55:10  [90m23:50:03 Anuncios da loja: video 1 visto.[0m
2026-10-05 23:55:10  Ctrl+C para parar
2026-10-05 23:55:10  [H[J OSMbot · A TRABALHAR · Windows                           23:50:50
2026-10-05 23:55:10  ──────────────────────────────────────────────────────────────────
2026-10-05 23:55:10  À espera  treino acaba 01:48 (em 1h57)
2026-10-05 23:55:10  [32m REAL BETIS   1.º Spain   jogo em 21h18   slots 4/4[0m
2026-10-05 23:55:10  Haaland        ATA    3h57  █████████░░░░░░░░░
2026-10-05 23:55:10  de Jong        MED    3h57  █████████░░░░░░░░░
2026-10-05 23:55:10  Gabriel        DEF    3h57  █████████░░░░░░░░░
2026-10-05 23:55:10  Donnarumma     GR     3h57  █████████░░░░░░░░░
2026-10-05 23:55:10  [32m FC VAN   4.º Armenia   jogo em 18h45   slots 4/4[0m
2026-10-05 23:55:10  Knauff         ATA    1h57  ██████████████░░░░
2026-10-05 23:55:10  K. Koné        MED    3h57  █████████░░░░░░░░░
2026-10-05 23:55:10  Mendes         DEF    3h57  █████████░░░░░░░░░
2026-10-05 23:55:10  Livakovic      GR     1h57  ██████████████░░░░
2026-10-05 23:55:10  Boss coins 2454    Anúncios: loja ✓  treino ✓
2026-10-05 23:55:10  desde o arranque (0h01) · saldo +0 boss coins · loja 1 vídeo(s) · treino 0 vídeo(s) · 0 recolhido(s) · 0 posto(s) a treinar
2026-10-05 23:55:10  ──────────────────────────────────────────────────────────────────
2026-10-05 23:55:10  [90m23:49:44 [0] Real Betis: 0 pronto(s) a recolher[0m
2026-10-05 23:55:10  [90m23:49:44 [1] FC Van: 0 pronto(s) a recolher[0m
2026-10-05 23:55:10  [90m23:49:47 [0] Real Betis: 0 treino(s) a pôr[0m
2026-10-05 23:55:10  [90m23:49:47 [1] FC Van: 0 treino(s) a pôr[0m
2026-10-05 23:55:10  [90m23:50:03 Anuncios da loja: video 1 visto.[0m
2026-10-05 23:55:10  Ctrl+C para parar
2026-10-05 23:55:10  [H[J OSMbot · A TRABALHAR · Windows                           23:50:51
2026-10-05 23:55:10  ──────────────────────────────────────────────────────────────────
2026-10-05 23:55:10  À espera  treino acaba 01:48 (em 1h57)
2026-10-05 23:55:10  [32m REAL BETIS   1.º Spain   jogo em 21h18   slots 4/4[0m
2026-10-05 23:55:10  Haaland        ATA    3h57  █████████░░░░░░░░░
2026-10-05 23:55:10  de Jong        MED    3h57  █████████░░░░░░░░░
2026-10-05 23:55:10  Gabriel        DEF    3h57  █████████░░░░░░░░░
2026-10-05 23:55:10  Donnarumma     GR     3h57  █████████░░░░░░░░░
2026-10-05 23:55:10  [32m FC VAN   4.º Armenia   jogo em 18h45   slots 4/4[0m
2026-10-05 23:55:10  Knauff         ATA    1h57  ██████████████░░░░
2026-10-05 23:55:10  K. Koné        MED    3h57  █████████░░░░░░░░░
2026-10-05 23:55:10  Mendes         DEF    3h57  █████████░░░░░░░░░
2026-10-05 23:55:10  Livakovic      GR     1h57  ██████████████░░░░
2026-10-05 23:55:10  Boss coins 2454    Anúncios: loja ✓  treino ✓
2026-10-05 23:55:10  desde o arranque (0h01) · saldo +0 boss coins · loja 1 vídeo(s) · treino 0 vídeo(s) · 0 recolhido(s) · 0 posto(s) a treinar
2026-10-05 23:55:10  ──────────────────────────────────────────────────────────────────
2026-10-05 23:55:10  [90m23:49:44 [0] Real Betis: 0 pronto(s) a recolher[0m
2026-10-05 23:55:10  [90m23:49:44 [1] FC Van: 0 pronto(s) a recolher[0m
2026-10-05 23:55:10  [90m23:49:47 [0] Real Betis: 0 treino(s) a pôr[0m
2026-10-05 23:55:10  [90m23:49:47 [1] FC Van: 0 treino(s) a pôr[0m
2026-10-05 23:55:10  [90m23:50:03 Anuncios da loja: video 1 visto.[0m
2026-10-05 23:55:10  Ctrl+C para parar
2026-10-05 23:55:10  [H[J OSMbot · A TRABALHAR · Windows                           23:50:52
2026-10-05 23:55:10  ──────────────────────────────────────────────────────────────────
2026-10-05 23:55:10  À espera  treino acaba 01:48 (em 1h57)
2026-10-05 23:55:10  [32m REAL BETIS   1.º Spain   jogo em 21h18   slots 4/4[0m
2026-10-05 23:55:10  Haaland        ATA    3h57  █████████░░░░░░░░░
2026-10-05 23:55:10  de Jong        MED    3h57  █████████░░░░░░░░░
2026-10-05 23:55:10  Gabriel        DEF    3h57  █████████░░░░░░░░░
2026-10-05 23:55:10  Donnarumma     GR     3h57  █████████░░░░░░░░░
2026-10-05 23:55:10  [32m FC VAN   4.º Armenia   jogo em 18h45   slots 4/4[0m
2026-10-05 23:55:10  Knauff         ATA    1h57  ██████████████░░░░
2026-10-05 23:55:10  K. Koné        MED    3h57  █████████░░░░░░░░░
2026-10-05 23:55:10  Mendes         DEF    3h57  █████████░░░░░░░░░
2026-10-05 23:55:10  Livakovic      GR     1h57  ██████████████░░░░
2026-10-05 23:55:10  Boss coins 2454    Anúncios: loja ✓  treino ✓
2026-10-05 23:55:10  desde o arranque (0h01) · saldo +0 boss coins · loja 1 vídeo(s) · treino 0 vídeo(s) · 0 recolhido(s) · 0 posto(s) a treinar
2026-10-05 23:55:10  ──────────────────────────────────────────────────────────────────
2026-10-05 23:55:10  [90m23:49:44 [0] Real Betis: 0 pronto(s) a recolher[0m
2026-10-05 23:55:10  [90m23:49:44 [1] FC Van: 0 pronto(s) a recolher[0m
2026-10-05 23:55:10  [90m23:49:47 [0] Real Betis: 0 treino(s) a pôr[0m
2026-10-05 23:55:10  [90m23:49:47 [1] FC Van: 0 treino(s) a pôr[0m
2026-10-05 23:55:10  [90m23:50:03 Anuncios da loja: video 1 visto.[0m
2026-10-05 23:55:10  Ctrl+C para parar
2026-10-05 23:55:10  [H[J OSMbot · A TRABALHAR · Windows                           23:50:53
2026-10-05 23:55:10  ──────────────────────────────────────────────────────────────────
2026-10-05 23:55:10  À espera  treino acaba 01:48 (em 1h57)
2026-10-05 23:55:10  [32m REAL BETIS   1.º Spain   jogo em 21h18   slots 4/4[0m
2026-10-05 23:55:10  Haaland        ATA    3h56  █████████░░░░░░░░░
2026-10-05 23:55:10  de Jong        MED    3h57  █████████░░░░░░░░░
2026-10-05 23:55:10  Gabriel        DEF    3h57  █████████░░░░░░░░░
2026-10-05 23:55:10  Donnarumma     GR     3h57  █████████░░░░░░░░░
2026-10-05 23:55:10  [32m FC VAN   4.º Armenia   jogo em 18h45   slots 4/4[0m
2026-10-05 23:55:10  Knauff         ATA    1h57  ██████████████░░░░
2026-10-05 23:55:10  K. Koné        MED    3h57  █████████░░░░░░░░░
2026-10-05 23:55:10  Mendes         DEF    3h57  █████████░░░░░░░░░
2026-10-05 23:55:10  Livakovic      GR     1h57  ██████████████░░░░
2026-10-05 23:55:10  Boss coins 2454    Anúncios: loja ✓  treino ✓
2026-10-05 23:55:10  desde o arranque (0h01) · saldo +0 boss coins · loja 1 vídeo(s) · treino 0 vídeo(s) · 0 recolhido(s) · 0 posto(s) a treinar
2026-10-05 23:55:10  ──────────────────────────────────────────────────────────────────
2026-10-05 23:55:10  [90m23:49:44 [0] Real Betis: 0 pronto(s) a recolher[0m
2026-10-05 23:55:10  [90m23:49:44 [1] FC Van: 0 pronto(s) a recolher[0m
2026-10-05 23:55:10  [90m23:49:47 [0] Real Betis: 0 treino(s) a pôr[0m
2026-10-05 23:55:10  [90m23:49:47 [1] FC Van: 0 treino(s) a pôr[0m
2026-10-05 23:55:10  [90m23:50:03 Anuncios da loja: video 1 visto.[0m
2026-10-05 23:55:10  Ctrl+C para parar
2026-10-05 23:55:10  [H[J OSMbot · A TRABALHAR · Windows                           23:50:54
2026-10-05 23:55:10  ──────────────────────────────────────────────────────────────────
2026-10-05 23:55:10  À espera  treino acaba 01:48 (em 1h57)
2026-10-05 23:55:10  [32m REAL BETIS   1.º Spain   jogo em 21h18   slots 4/4[0m
2026-10-05 23:55:10  Haaland        ATA    3h56  █████████░░░░░░░░░
2026-10-05 23:55:10  de Jong        MED    3h57  █████████░░░░░░░░░
2026-10-05 23:55:10  Gabriel        DEF    3h57  █████████░░░░░░░░░
2026-10-05 23:55:10  Donnarumma     GR     3h57  █████████░░░░░░░░░
2026-10-05 23:55:10  [32m FC VAN   4.º Armenia   jogo em 18h45   slots 4/4[0m
2026-10-05 23:55:10  Knauff         ATA    1h57  ██████████████░░░░
2026-10-05 23:55:10  K. Koné        MED    3h57  █████████░░░░░░░░░
2026-10-05 23:55:10  Mendes         DEF    3h57  █████████░░░░░░░░░
2026-10-05 23:55:10  Livakovic      GR     1h57  ██████████████░░░░
2026-10-05 23:55:10  Boss coins 2454    Anúncios: loja ✓  treino ✓
2026-10-05 23:55:10  desde o arranque (0h01) · saldo +0 boss coins · loja 1 vídeo(s) · treino 0 vídeo(s) · 0 recolhido(s) · 0 posto(s) a treinar
2026-10-05 23:55:10  ──────────────────────────────────────────────────────────────────
2026-10-05 23:55:10  [90m23:49:44 [0] Real Betis: 0 pronto(s) a recolher[0m
2026-10-05 23:55:10  [90m23:49:44 [1] FC Van: 0 pronto(s) a recolher[0m
2026-10-05 23:55:10  [90m23:49:47 [0] Real Betis: 0 treino(s) a pôr[0m
2026-10-05 23:55:10  [90m23:49:47 [1] FC Van: 0 treino(s) a pôr[0m
2026-10-05 23:55:10  [90m23:50:03 Anuncios da loja: video 1 visto.[0m
2026-10-05 23:55:10  Ctrl+C para parar
2026-10-05 23:55:10  [H[J OSMbot · A TRABALHAR · Windows                           23:50:55
2026-10-05 23:55:10  ──────────────────────────────────────────────────────────────────
2026-10-05 23:55:10  À espera  treino acaba 01:48 (em 1h57)
2026-10-05 23:55:10  [32m REAL BETIS   1.º Spain   jogo em 21h18   slots 4/4[0m
2026-10-05 23:55:10  Haaland        ATA    3h56  █████████░░░░░░░░░
2026-10-05 23:55:10  de Jong        MED    3h56  █████████░░░░░░░░░
2026-10-05 23:55:10  Gabriel        DEF    3h57  █████████░░░░░░░░░
2026-10-05 23:55:10  Donnarumma     GR     3h57  █████████░░░░░░░░░
2026-10-05 23:55:10  [32m FC VAN   4.º Armenia   jogo em 18h45   slots 4/4[0m
2026-10-05 23:55:10  Knauff         ATA    1h57  ██████████████░░░░
2026-10-05 23:55:10  K. Koné        MED    3h57  █████████░░░░░░░░░
2026-10-05 23:55:10  Mendes         DEF    3h57  █████████░░░░░░░░░
2026-10-05 23:55:10  Livakovic      GR     1h57  ██████████████░░░░
2026-10-05 23:55:10  Boss coins 2454    Anúncios: loja ✓  treino ✓
2026-10-05 23:55:10  desde o arranque (0h01) · saldo +0 boss coins · loja 1 vídeo(s) · treino 0 vídeo(s) · 0 recolhido(s) · 0 posto(s) a treinar
2026-10-05 23:55:10  ──────────────────────────────────────────────────────────────────
2026-10-05 23:55:10  [90m23:49:44 [0] Real Betis: 0 pronto(s) a recolher[0m
2026-10-05 23:55:10  [90m23:49:44 [1] FC Van: 0 pronto(s) a recolher[0m
2026-10-05 23:55:10  [90m23:49:47 [0] Real Betis: 0 treino(s) a pôr[0m
2026-10-05 23:55:10  [90m23:49:47 [1] FC Van: 0 treino(s) a pôr[0m
2026-10-05 23:55:10  [90m23:50:03 Anuncios da loja: video 1 visto.[0m
2026-10-05 23:55:10  Ctrl+C para parar
2026-10-05 23:55:10  [H[J OSMbot · A TRABALHAR · Windows                           23:50:56
2026-10-05 23:55:10  ──────────────────────────────────────────────────────────────────
2026-10-05 23:55:10  À espera  treino acaba 01:48 (em 1h57)
2026-10-05 23:55:10  [32m REAL BETIS   1.º Spain   jogo em 21h18   slots 4/4[0m
2026-10-05 23:55:10  Haaland        ATA    3h56  █████████░░░░░░░░░
2026-10-05 23:55:10  de Jong        MED    3h56  █████████░░░░░░░░░
2026-10-05 23:55:10  Gabriel        DEF    3h57  █████████░░░░░░░░░
2026-10-05 23:55:10  Donnarumma     GR     3h57  █████████░░░░░░░░░
2026-10-05 23:55:10  [32m FC VAN   4.º Armenia   jogo em 18h45   slots 4/4[0m
2026-10-05 23:55:10  Knauff         ATA    1h57  ██████████████░░░░
2026-10-05 23:55:10  K. Koné        MED    3h57  █████████░░░░░░░░░
2026-10-05 23:55:10  Mendes         DEF    3h57  █████████░░░░░░░░░
2026-10-05 23:55:10  Livakovic      GR     1h57  ██████████████░░░░
2026-10-05 23:55:10  Boss coins 2454    Anúncios: loja ✓  treino ✓
2026-10-05 23:55:10  desde o arranque (0h01) · saldo +0 boss coins · loja 1 vídeo(s) · treino 0 vídeo(s) · 0 recolhido(s) · 0 posto(s) a treinar
2026-10-05 23:55:10  ──────────────────────────────────────────────────────────────────
2026-10-05 23:55:10  [90m23:49:44 [0] Real Betis: 0 pronto(s) a recolher[0m
2026-10-05 23:55:10  [90m23:49:44 [1] FC Van: 0 pronto(s) a recolher[0m
2026-10-05 23:55:10  [90m23:49:47 [0] Real Betis: 0 treino(s) a pôr[0m
2026-10-05 23:55:10  [90m23:49:47 [1] FC Van: 0 treino(s) a pôr[0m
2026-10-05 23:55:10  [90m23:50:03 Anuncios da loja: video 1 visto.[0m
2026-10-05 23:55:10  Ctrl+C para parar
2026-10-05 23:55:10  [H[J OSMbot · A TRABALHAR · Windows                           23:50:57
2026-10-05 23:55:10  ──────────────────────────────────────────────────────────────────
2026-10-05 23:55:10  À espera  treino acaba 01:48 (em 1h57)
2026-10-05 23:55:10  [32m REAL BETIS   1.º Spain   jogo em 21h18   slots 4/4[0m
2026-10-05 23:55:10  Haaland        ATA    3h56  █████████░░░░░░░░░
2026-10-05 23:55:10  de Jong        MED    3h56  █████████░░░░░░░░░
2026-10-05 23:55:10  Gabriel        DEF    3h56  █████████░░░░░░░░░
2026-10-05 23:55:10  Donnarumma     GR     3h57  █████████░░░░░░░░░
2026-10-05 23:55:10  [32m FC VAN   4.º Armenia   jogo em 18h45   slots 4/4[0m
2026-10-05 23:55:10  Knauff         ATA    1h57  ██████████████░░░░
2026-10-05 23:55:10  K. Koné        MED    3h57  █████████░░░░░░░░░
2026-10-05 23:55:10  Mendes         DEF    3h57  █████████░░░░░░░░░
2026-10-05 23:55:10  Livakovic      GR     1h57  ██████████████░░░░
2026-10-05 23:55:10  Boss coins 2454    Anúncios: loja ✓  treino ✓
2026-10-05 23:55:10  desde o arranque (0h01) · saldo +0 boss coins · loja 1 vídeo(s) · treino 0 vídeo(s) · 0 recolhido(s) · 0 posto(s) a treinar
2026-10-05 23:55:10  ──────────────────────────────────────────────────────────────────
2026-10-05 23:55:10  [90m23:49:44 [0] Real Betis: 0 pronto(s) a recolher[0m
2026-10-05 23:55:10  [90m23:49:44 [1] FC Van: 0 pronto(s) a recolher[0m
2026-10-05 23:55:10  [90m23:49:47 [0] Real Betis: 0 treino(s) a pôr[0m
2026-10-05 23:55:10  [90m23:49:47 [1] FC Van: 0 treino(s) a pôr[0m
2026-10-05 23:55:10  [90m23:50:03 Anuncios da loja: video 1 visto.[0m
2026-10-05 23:55:10  Ctrl+C para parar
2026-10-05 23:55:10  [H[J OSMbot · A TRABALHAR · Windows                           23:50:58
2026-10-05 23:55:10  ──────────────────────────────────────────────────────────────────
2026-10-05 23:55:10  À espera  treino acaba 01:48 (em 1h57)
2026-10-05 23:55:10  [32m REAL BETIS   1.º Spain   jogo em 21h18   slots 4/4[0m
2026-10-05 23:55:10  Haaland        ATA    3h56  █████████░░░░░░░░░
2026-10-05 23:55:10  de Jong        MED    3h56  █████████░░░░░░░░░
2026-10-05 23:55:10  Gabriel        DEF    3h56  █████████░░░░░░░░░
2026-10-05 23:55:10  Donnarumma     GR     3h57  █████████░░░░░░░░░
2026-10-05 23:55:10  [32m FC VAN   4.º Armenia   jogo em 18h45   slots 4/4[0m
2026-10-05 23:55:10  Knauff         ATA    1h57  ██████████████░░░░
2026-10-05 23:55:10  K. Koné        MED    3h57  █████████░░░░░░░░░
2026-10-05 23:55:10  Mendes         DEF    3h57  █████████░░░░░░░░░
2026-10-05 23:55:10  Livakovic      GR     1h57  ██████████████░░░░
2026-10-05 23:55:10  Boss coins 2454    Anúncios: loja ✓  treino ✓
2026-10-05 23:55:10  desde o arranque (0h01) · saldo +0 boss coins · loja 1 vídeo(s) · treino 0 vídeo(s) · 0 recolhido(s) · 0 posto(s) a treinar
2026-10-05 23:55:10  ──────────────────────────────────────────────────────────────────
2026-10-05 23:55:10  [90m23:49:44 [0] Real Betis: 0 pronto(s) a recolher[0m
2026-10-05 23:55:10  [90m23:49:44 [1] FC Van: 0 pronto(s) a recolher[0m
2026-10-05 23:55:10  [90m23:49:47 [0] Real Betis: 0 treino(s) a pôr[0m
2026-10-05 23:55:10  [90m23:49:47 [1] FC Van: 0 treino(s) a pôr[0m
2026-10-05 23:55:10  [90m23:50:03 Anuncios da loja: video 1 visto.[0m
2026-10-05 23:55:10  Ctrl+C para parar
2026-10-05 23:55:10  [H[J OSMbot · A TRABALHAR · Windows                           23:50:59
2026-10-05 23:55:10  ──────────────────────────────────────────────────────────────────
2026-10-05 23:55:10  À espera  treino acaba 01:48 (em 1h57)
2026-10-05 23:55:10  [32m REAL BETIS   1.º Spain   jogo em 21h18   slots 4/4[0m
2026-10-05 23:55:10  Haaland        ATA    3h56  █████████░░░░░░░░░
2026-10-05 23:55:10  de Jong        MED    3h56  █████████░░░░░░░░░
2026-10-05 23:55:10  Gabriel        DEF    3h56  █████████░░░░░░░░░
2026-10-05 23:55:10  Donnarumma     GR     3h56  █████████░░░░░░░░░
2026-10-05 23:55:10  [32m FC VAN   4.º Armenia   jogo em 18h45   slots 4/4[0m
2026-10-05 23:55:10  Knauff         ATA    1h57  ██████████████░░░░
2026-10-05 23:55:10  K. Koné        MED    3h57  █████████░░░░░░░░░
2026-10-05 23:55:10  Mendes         DEF    3h57  █████████░░░░░░░░░
2026-10-05 23:55:10  Livakovic      GR     1h57  ██████████████░░░░
2026-10-05 23:55:10  Boss coins 2454    Anúncios: loja ✓  treino ✓
2026-10-05 23:55:10  desde o arranque (0h01) · saldo +0 boss coins · loja 1 vídeo(s) · treino 0 vídeo(s) · 0 recolhido(s) · 0 posto(s) a treinar
2026-10-05 23:55:10  ──────────────────────────────────────────────────────────────────
2026-10-05 23:55:10  [90m23:49:44 [0] Real Betis: 0 pronto(s) a recolher[0m
2026-10-05 23:55:10  [90m23:49:44 [1] FC Van: 0 pronto(s) a recolher[0m
2026-10-05 23:55:10  [90m23:49:47 [0] Real Betis: 0 treino(s) a pôr[0m
2026-10-05 23:55:10  [90m23:49:47 [1] FC Van: 0 treino(s) a pôr[0m
2026-10-05 23:55:10  [90m23:50:03 Anuncios da loja: video 1 visto.[0m
2026-10-05 23:55:10  Ctrl+C para parar
2026-10-05 23:55:10  [H[J OSMbot · A TRABALHAR · Windows                           23:51:00
2026-10-05 23:55:10  ──────────────────────────────────────────────────────────────────
2026-10-05 23:55:10  À espera  treino acaba 01:48 (em 1h57)
2026-10-05 23:55:10  [32m REAL BETIS   1.º Spain   jogo em 21h18   slots 4/4[0m
2026-10-05 23:55:10  Haaland        ATA    3h56  █████████░░░░░░░░░
2026-10-05 23:55:10  de Jong        MED    3h56  █████████░░░░░░░░░
2026-10-05 23:55:10  Gabriel        DEF    3h56  █████████░░░░░░░░░
2026-10-05 23:55:10  Donnarumma     GR     3h56  █████████░░░░░░░░░
2026-10-05 23:55:10  [32m FC VAN   4.º Armenia   jogo em 18h45   slots 4/4[0m
2026-10-05 23:55:10  Knauff         ATA    1h57  ██████████████░░░░
2026-10-05 23:55:10  K. Koné        MED    3h57  █████████░░░░░░░░░
2026-10-05 23:55:10  Mendes         DEF    3h57  █████████░░░░░░░░░
2026-10-05 23:55:10  Livakovic      GR     1h57  ██████████████░░░░
2026-10-05 23:55:10  Boss coins 2454    Anúncios: loja ✓  treino ✓
2026-10-05 23:55:10  desde o arranque (0h01) · saldo +0 boss coins · loja 1 vídeo(s) · treino 0 vídeo(s) · 0 recolhido(s) · 0 posto(s) a treinar
2026-10-05 23:55:10  ──────────────────────────────────────────────────────────────────
2026-10-05 23:55:10  [90m23:49:44 [0] Real Betis: 0 pronto(s) a recolher[0m
2026-10-05 23:55:10  [90m23:49:44 [1] FC Van: 0 pronto(s) a recolher[0m
2026-10-05 23:55:10  [90m23:49:47 [0] Real Betis: 0 treino(s) a pôr[0m
2026-10-05 23:55:10  [90m23:49:47 [1] FC Van: 0 treino(s) a pôr[0m
2026-10-05 23:55:10  [90m23:50:03 Anuncios da loja: video 1 visto.[0m
2026-10-05 23:55:10  Ctrl+C para parar
2026-10-05 23:55:10  [H[J OSMbot · A TRABALHAR · Windows                           23:51:01
2026-10-05 23:55:10  ──────────────────────────────────────────────────────────────────
2026-10-05 23:55:10  À espera  treino acaba 01:48 (em 1h57)
2026-10-05 23:55:10  [32m REAL BETIS   1.º Spain   jogo em 21h18   slots 4/4[0m
2026-10-05 23:55:10  Haaland        ATA    3h56  █████████░░░░░░░░░
2026-10-05 23:55:10  de Jong        MED    3h56  █████████░░░░░░░░░
2026-10-05 23:55:10  Gabriel        DEF    3h56  █████████░░░░░░░░░
2026-10-05 23:55:10  Donnarumma     GR     3h56  █████████░░░░░░░░░
2026-10-05 23:55:10  [32m FC VAN   4.º Armenia   jogo em 18h45   slots 4/4[0m
2026-10-05 23:55:10  Knauff         ATA    1h57  ██████████████░░░░
2026-10-05 23:55:10  K. Koné        MED    3h57  █████████░░░░░░░░░
2026-10-05 23:55:10  Mendes         DEF    3h57  █████████░░░░░░░░░
2026-10-05 23:55:10  Livakovic      GR     1h57  ██████████████░░░░
2026-10-05 23:55:10  Boss coins 2454    Anúncios: loja ✓  treino ✓
2026-10-05 23:55:10  desde o arranque (0h01) · saldo +0 boss coins · loja 1 vídeo(s) · treino 0 vídeo(s) · 0 recolhido(s) · 0 posto(s) a treinar
2026-10-05 23:55:10  ──────────────────────────────────────────────────────────────────
2026-10-05 23:55:10  [90m23:49:44 [0] Real Betis: 0 pronto(s) a recolher[0m
2026-10-05 23:55:10  [90m23:49:44 [1] FC Van: 0 pronto(s) a recolher[0m
2026-10-05 23:55:10  [90m23:49:47 [0] Real Betis: 0 treino(s) a pôr[0m
2026-10-05 23:55:10  [90m23:49:47 [1] FC Van: 0 treino(s) a pôr[0m
2026-10-05 23:55:10  [90m23:50:03 Anuncios da loja: video 1 visto.[0m
2026-10-05 23:55:10  Ctrl+C para parar
2026-10-05 23:55:10  [H[J OSMbot · A TRABALHAR · Windows                           23:51:02
2026-10-05 23:55:10  ──────────────────────────────────────────────────────────────────
2026-10-05 23:55:10  À espera  treino acaba 01:48 (em 1h56)
2026-10-05 23:55:10  [32m REAL BETIS   1.º Spain   jogo em 21h18   slots 4/4[0m
2026-10-05 23:55:10  Haaland        ATA    3h56  █████████░░░░░░░░░
2026-10-05 23:55:10  de Jong        MED    3h56  █████████░░░░░░░░░
2026-10-05 23:55:10  Gabriel        DEF    3h56  █████████░░░░░░░░░
2026-10-05 23:55:10  Donnarumma     GR     3h56  █████████░░░░░░░░░
2026-10-05 23:55:10  [32m FC VAN   4.º Armenia   jogo em 18h45   slots 4/4[0m
2026-10-05 23:55:10  Knauff         ATA    1h56  ██████████████░░░░
2026-10-05 23:55:10  K. Koné        MED    3h57  █████████░░░░░░░░░
2026-10-05 23:55:10  Mendes         DEF    3h57  █████████░░░░░░░░░
2026-10-05 23:55:10  Livakovic      GR     1h57  ██████████████░░░░
2026-10-05 23:55:10  Boss coins 2454    Anúncios: loja ✓  treino ✓
2026-10-05 23:55:10  desde o arranque (0h01) · saldo +0 boss coins · loja 1 vídeo(s) · treino 0 vídeo(s) · 0 recolhido(s) · 0 posto(s) a treinar
2026-10-05 23:55:10  ──────────────────────────────────────────────────────────────────
2026-10-05 23:55:10  [90m23:49:44 [0] Real Betis: 0 pronto(s) a recolher[0m
2026-10-05 23:55:10  [90m23:49:44 [1] FC Van: 0 pronto(s) a recolher[0m
2026-10-05 23:55:10  [90m23:49:47 [0] Real Betis: 0 treino(s) a pôr[0m
2026-10-05 23:55:10  [90m23:49:47 [1] FC Van: 0 treino(s) a pôr[0m
2026-10-05 23:55:10  [90m23:50:03 Anuncios da loja: video 1 visto.[0m
2026-10-05 23:55:10  Ctrl+C para parar
2026-10-05 23:55:10  [H[J OSMbot · A TRABALHAR · Windows                           23:51:03
2026-10-05 23:55:10  ──────────────────────────────────────────────────────────────────
2026-10-05 23:55:10  À espera  treino acaba 01:48 (em 1h56)
2026-10-05 23:55:10  [32m REAL BETIS   1.º Spain   jogo em 21h18   slots 4/4[0m
2026-10-05 23:55:10  Haaland        ATA    3h56  █████████░░░░░░░░░
2026-10-05 23:55:10  de Jong        MED    3h56  █████████░░░░░░░░░
2026-10-05 23:55:10  Gabriel        DEF    3h56  █████████░░░░░░░░░
2026-10-05 23:55:10  Donnarumma     GR     3h56  █████████░░░░░░░░░
2026-10-05 23:55:10  [32m FC VAN   4.º Armenia   jogo em 18h45   slots 4/4[0m
2026-10-05 23:55:10  Knauff         ATA    1h56  ██████████████░░░░
2026-10-05 23:55:10  K. Koné        MED    3h57  █████████░░░░░░░░░
2026-10-05 23:55:10  Mendes         DEF    3h57  █████████░░░░░░░░░
2026-10-05 23:55:10  Livakovic      GR     1h57  ██████████████░░░░
2026-10-05 23:55:10  Boss coins 2454    Anúncios: loja ✓  treino ✓
2026-10-05 23:55:10  desde o arranque (0h01) · saldo +0 boss coins · loja 1 vídeo(s) · treino 0 vídeo(s) · 0 recolhido(s) · 0 posto(s) a treinar
2026-10-05 23:55:10  ──────────────────────────────────────────────────────────────────
2026-10-05 23:55:10  [90m23:49:44 [0] Real Betis: 0 pronto(s) a recolher[0m
2026-10-05 23:55:10  [90m23:49:44 [1] FC Van: 0 pronto(s) a recolher[0m
2026-10-05 23:55:10  [90m23:49:47 [0] Real Betis: 0 treino(s) a pôr[0m
2026-10-05 23:55:10  [90m23:49:47 [1] FC Van: 0 treino(s) a pôr[0m
2026-10-05 23:55:10  [90m23:50:03 Anuncios da loja: video 1 visto.[0m
2026-10-05 23:55:10  Ctrl+C para parar
2026-10-05 23:55:10  [H[J OSMbot · A TRABALHAR · Windows                           23:51:04
2026-10-05 23:55:10  ──────────────────────────────────────────────────────────────────
2026-10-05 23:55:10  À espera  treino acaba 01:48 (em 1h56)
2026-10-05 23:55:10  [32m REAL BETIS   1.º Spain   jogo em 21h18   slots 4/4[0m
2026-10-05 23:55:10  Haaland        ATA    3h56  █████████░░░░░░░░░
2026-10-05 23:55:10  de Jong        MED    3h56  █████████░░░░░░░░░
2026-10-05 23:55:10  Gabriel        DEF    3h56  █████████░░░░░░░░░
2026-10-05 23:55:10  Donnarumma     GR     3h56  █████████░░░░░░░░░
2026-10-05 23:55:10  [32m FC VAN   4.º Armenia   jogo em 18h45   slots 4/4[0m
2026-10-05 23:55:10  Knauff         ATA    1h56  ██████████████░░░░
2026-10-05 23:55:10  K. Koné        MED    3h56  █████████░░░░░░░░░
2026-10-05 23:55:10  Mendes         DEF    3h57  █████████░░░░░░░░░
2026-10-05 23:55:10  Livakovic      GR     1h57  ██████████████░░░░
2026-10-05 23:55:10  Boss coins 2454    Anúncios: loja ✓  treino ✓
2026-10-05 23:55:10  desde o arranque (0h01) · saldo +0 boss coins · loja 1 vídeo(s) · treino 0 vídeo(s) · 0 recolhido(s) · 0 posto(s) a treinar
2026-10-05 23:55:10  ──────────────────────────────────────────────────────────────────
2026-10-05 23:55:10  [90m23:49:44 [0] Real Betis: 0 pronto(s) a recolher[0m
2026-10-05 23:55:10  [90m23:49:44 [1] FC Van: 0 pronto(s) a recolher[0m
2026-10-05 23:55:10  [90m23:49:47 [0] Real Betis: 0 treino(s) a pôr[0m
2026-10-05 23:55:10  [90m23:49:47 [1] FC Van: 0 treino(s) a pôr[0m
2026-10-05 23:55:10  [90m23:50:03 Anuncios da loja: video 1 visto.[0m
2026-10-05 23:55:10  Ctrl+C para parar
2026-10-05 23:55:10  [H[J OSMbot · A TRABALHAR · Windows                           23:51:05
2026-10-05 23:55:10  ──────────────────────────────────────────────────────────────────
2026-10-05 23:55:10  À espera  treino acaba 01:48 (em 1h56)
2026-10-05 23:55:10  [32m REAL BETIS   1.º Spain   jogo em 21h18   slots 4/4[0m
2026-10-05 23:55:10  Haaland        ATA    3h56  █████████░░░░░░░░░
2026-10-05 23:55:10  de Jong        MED    3h56  █████████░░░░░░░░░
2026-10-05 23:55:10  Gabriel        DEF    3h56  █████████░░░░░░░░░
2026-10-05 23:55:10  Donnarumma     GR     3h56  █████████░░░░░░░░░
2026-10-05 23:55:10  [32m FC VAN   4.º Armenia   jogo em 18h45   slots 4/4[0m
2026-10-05 23:55:10  Knauff         ATA    1h56  ██████████████░░░░
2026-10-05 23:55:10  K. Koné        MED    3h56  █████████░░░░░░░░░
2026-10-05 23:55:10  Mendes         DEF    3h57  █████████░░░░░░░░░
2026-10-05 23:55:10  Livakovic      GR     1h57  ██████████████░░░░
2026-10-05 23:55:10  Boss coins 2454    Anúncios: loja ✓  treino ✓
2026-10-05 23:55:10  desde o arranque (0h01) · saldo +0 boss coins · loja 1 vídeo(s) · treino 0 vídeo(s) · 0 recolhido(s) · 0 posto(s) a treinar
2026-10-05 23:55:10  ──────────────────────────────────────────────────────────────────
2026-10-05 23:55:10  [90m23:49:44 [0] Real Betis: 0 pronto(s) a recolher[0m
2026-10-05 23:55:10  [90m23:49:44 [1] FC Van: 0 pronto(s) a recolher[0m
2026-10-05 23:55:10  [90m23:49:47 [0] Real Betis: 0 treino(s) a pôr[0m
2026-10-05 23:55:10  [90m23:49:47 [1] FC Van: 0 treino(s) a pôr[0m
2026-10-05 23:55:10  [90m23:50:03 Anuncios da loja: video 1 visto.[0m
2026-10-05 23:55:10  Ctrl+C para parar
2026-10-05 23:55:10  [H[J OSMbot · A TRABALHAR · Windows                           23:51:06
2026-10-05 23:55:10  ──────────────────────────────────────────────────────────────────
2026-10-05 23:55:10  À espera  treino acaba 01:48 (em 1h56)
2026-10-05 23:55:10  [32m REAL BETIS   1.º Spain   jogo em 21h18   slots 4/4[0m
2026-10-05 23:55:10  Haaland        ATA    3h56  █████████░░░░░░░░░
2026-10-05 23:55:10  de Jong        MED    3h56  █████████░░░░░░░░░
2026-10-05 23:55:10  Gabriel        DEF    3h56  █████████░░░░░░░░░
2026-10-05 23:55:10  Donnarumma     GR     3h56  █████████░░░░░░░░░
2026-10-05 23:55:10  [32m FC VAN   4.º Armenia   jogo em 18h45   slots 4/4[0m
2026-10-05 23:55:10  Knauff         ATA    1h56  ██████████████░░░░
2026-10-05 23:55:10  K. Koné        MED    3h56  █████████░░░░░░░░░
2026-10-05 23:55:10  Mendes         DEF    3h56  █████████░░░░░░░░░
2026-10-05 23:55:10  Livakovic      GR     1h57  ██████████████░░░░
2026-10-05 23:55:10  Boss coins 2454    Anúncios: loja ✓  treino ✓
2026-10-05 23:55:10  desde o arranque (0h01) · saldo +0 boss coins · loja 1 vídeo(s) · treino 0 vídeo(s) · 0 recolhido(s) · 0 posto(s) a treinar
2026-10-05 23:55:10  ──────────────────────────────────────────────────────────────────
2026-10-05 23:55:10  [90m23:49:44 [0] Real Betis: 0 pronto(s) a recolher[0m
2026-10-05 23:55:10  [90m23:49:44 [1] FC Van: 0 pronto(s) a recolher[0m
2026-10-05 23:55:10  [90m23:49:47 [0] Real Betis: 0 treino(s) a pôr[0m
2026-10-05 23:55:10  [90m23:49:47 [1] FC Van: 0 treino(s) a pôr[0m
2026-10-05 23:55:10  [90m23:50:03 Anuncios da loja: video 1 visto.[0m
2026-10-05 23:55:10  Ctrl+C para parar
2026-10-05 23:55:10  [H[J OSMbot · A TRABALHAR · Windows                           23:51:07
2026-10-05 23:55:10  ──────────────────────────────────────────────────────────────────
2026-10-05 23:55:10  À espera  treino acaba 01:48 (em 1h56)
2026-10-05 23:55:10  [32m REAL BETIS   1.º Spain   jogo em 21h18   slots 4/4[0m
2026-10-05 23:55:10  Haaland        ATA    3h56  █████████░░░░░░░░░
2026-10-05 23:55:10  de Jong        MED    3h56  █████████░░░░░░░░░
2026-10-05 23:55:10  Gabriel        DEF    3h56  █████████░░░░░░░░░
2026-10-05 23:55:10  Donnarumma     GR     3h56  █████████░░░░░░░░░
2026-10-05 23:55:10  [32m FC VAN   4.º Armenia   jogo em 18h45   slots 4/4[0m
2026-10-05 23:55:10  Knauff         ATA    1h56  ██████████████░░░░
2026-10-05 23:55:10  K. Koné        MED    3h56  █████████░░░░░░░░░
2026-10-05 23:55:10  Mendes         DEF    3h56  █████████░░░░░░░░░
2026-10-05 23:55:10  Livakovic      GR     1h57  ██████████████░░░░
2026-10-05 23:55:10  Boss coins 2454    Anúncios: loja ✓  treino ✓
2026-10-05 23:55:10  desde o arranque (0h01) · saldo +0 boss coins · loja 1 vídeo(s) · treino 0 vídeo(s) · 0 recolhido(s) · 0 posto(s) a treinar
2026-10-05 23:55:10  ──────────────────────────────────────────────────────────────────
2026-10-05 23:55:10  [90m23:49:44 [0] Real Betis: 0 pronto(s) a recolher[0m
2026-10-05 23:55:10  [90m23:49:44 [1] FC Van: 0 pronto(s) a recolher[0m
2026-10-05 23:55:10  [90m23:49:47 [0] Real Betis: 0 treino(s) a pôr[0m
2026-10-05 23:55:10  [90m23:49:47 [1] FC Van: 0 treino(s) a pôr[0m
2026-10-05 23:55:10  [90m23:50:03 Anuncios da loja: video 1 visto.[0m
2026-10-05 23:55:10  Ctrl+C para parar
2026-10-05 23:55:10  [H[J OSMbot · A TRABALHAR · Windows                           23:51:08
2026-10-05 23:55:10  ──────────────────────────────────────────────────────────────────
2026-10-05 23:55:10  À espera  treino acaba 01:48 (em 1h56)
2026-10-05 23:55:10  [32m REAL BETIS   1.º Spain   jogo em 21h18   slots 4/4[0m
2026-10-05 23:55:10  Haaland        ATA    3h56  █████████░░░░░░░░░
2026-10-05 23:55:10  de Jong        MED    3h56  █████████░░░░░░░░░
2026-10-05 23:55:10  Gabriel        DEF    3h56  █████████░░░░░░░░░
2026-10-05 23:55:10  Donnarumma     GR     3h56  █████████░░░░░░░░░
2026-10-05 23:55:10  [32m FC VAN   4.º Armenia   jogo em 18h45   slots 4/4[0m
2026-10-05 23:55:10  Knauff         ATA    1h56  ██████████████░░░░
2026-10-05 23:55:10  K. Koné        MED    3h56  █████████░░░░░░░░░
2026-10-05 23:55:10  Mendes         DEF    3h56  █████████░░░░░░░░░
2026-10-05 23:55:10  Livakovic      GR     1h56  ██████████████░░░░
2026-10-05 23:55:10  Boss coins 2454    Anúncios: loja ✓  treino ✓
2026-10-05 23:55:10  desde o arranque (0h01) · saldo +0 boss coins · loja 1 vídeo(s) · treino 0 vídeo(s) · 0 recolhido(s) · 0 posto(s) a treinar
2026-10-05 23:55:10  ──────────────────────────────────────────────────────────────────
2026-10-05 23:55:10  [90m23:49:44 [0] Real Betis: 0 pronto(s) a recolher[0m
2026-10-05 23:55:10  [90m23:49:44 [1] FC Van: 0 pronto(s) a recolher[0m
2026-10-05 23:55:10  [90m23:49:47 [0] Real Betis: 0 treino(s) a pôr[0m
2026-10-05 23:55:10  [90m23:49:47 [1] FC Van: 0 treino(s) a pôr[0m
2026-10-05 23:55:10  [90m23:50:03 Anuncios da loja: video 1 visto.[0m
2026-10-05 23:55:10  Ctrl+C para parar
2026-10-05 23:55:10  [H[J OSMbot · A TRABALHAR · Windows                           23:51:09
2026-10-05 23:55:10  ──────────────────────────────────────────────────────────────────
2026-10-05 23:55:10  À espera  treino acaba 01:48 (em 1h56)
2026-10-05 23:55:10  [32m REAL BETIS   1.º Spain   jogo em 21h18   slots 4/4[0m
2026-10-05 23:55:10  Haaland        ATA    3h56  █████████░░░░░░░░░
2026-10-05 23:55:10  de Jong        MED    3h56  █████████░░░░░░░░░
2026-10-05 23:55:10  Gabriel        DEF    3h56  █████████░░░░░░░░░
2026-10-05 23:55:10  Donnarumma     GR     3h56  █████████░░░░░░░░░
2026-10-05 23:55:10  [32m FC VAN   4.º Armenia   jogo em 18h45   slots 4/4[0m
2026-10-05 23:55:10  Knauff         ATA    1h56  ██████████████░░░░
2026-10-05 23:55:10  K. Koné        MED    3h56  █████████░░░░░░░░░
2026-10-05 23:55:10  Mendes         DEF    3h56  █████████░░░░░░░░░
2026-10-05 23:55:10  Livakovic      GR     1h56  ██████████████░░░░
2026-10-05 23:55:10  Boss coins 2454    Anúncios: loja ✓  treino ✓
2026-10-05 23:55:10  desde o arranque (0h01) · saldo +0 boss coins · loja 1 vídeo(s) · treino 0 vídeo(s) · 0 recolhido(s) · 0 posto(s) a treinar
2026-10-05 23:55:10  ──────────────────────────────────────────────────────────────────
2026-10-05 23:55:10  [90m23:49:44 [0] Real Betis: 0 pronto(s) a recolher[0m
2026-10-05 23:55:10  [90m23:49:44 [1] FC Van: 0 pronto(s) a recolher[0m
2026-10-05 23:55:10  [90m23:49:47 [0] Real Betis: 0 treino(s) a pôr[0m
2026-10-05 23:55:10  [90m23:49:47 [1] FC Van: 0 treino(s) a pôr[0m
2026-10-05 23:55:10  [90m23:50:03 Anuncios da loja: video 1 visto.[0m
2026-10-05 23:55:10  Ctrl+C para parar
2026-10-05 23:55:10  [H[J OSMbot · A TRABALHAR · Windows                           23:51:10
2026-10-05 23:55:10  ──────────────────────────────────────────────────────────────────
2026-10-05 23:55:10  À espera  treino acaba 01:48 (em 1h56)
2026-10-05 23:55:10  [32m REAL BETIS   1.º Spain   jogo em 21h18   slots 4/4[0m
2026-10-05 23:55:10  Haaland        ATA    3h56  █████████░░░░░░░░░
2026-10-05 23:55:10  de Jong        MED    3h56  █████████░░░░░░░░░
2026-10-05 23:55:10  Gabriel        DEF    3h56  █████████░░░░░░░░░
2026-10-05 23:55:10  Donnarumma     GR     3h56  █████████░░░░░░░░░
2026-10-05 23:55:10  [32m FC VAN   4.º Armenia   jogo em 18h45   slots 4/4[0m
2026-10-05 23:55:10  Knauff         ATA    1h56  ██████████████░░░░
2026-10-05 23:55:10  K. Koné        MED    3h56  █████████░░░░░░░░░
2026-10-05 23:55:10  Mendes         DEF    3h56  █████████░░░░░░░░░
2026-10-05 23:55:10  Livakovic      GR     1h56  ██████████████░░░░
2026-10-05 23:55:10  Boss coins 2454    Anúncios: loja ✓  treino ✓
2026-10-05 23:55:10  desde o arranque (0h01) · saldo +0 boss coins · loja 1 vídeo(s) · treino 0 vídeo(s) · 0 recolhido(s) · 0 posto(s) a treinar
2026-10-05 23:55:10  ──────────────────────────────────────────────────────────────────
2026-10-05 23:55:10  [90m23:49:44 [0] Real Betis: 0 pronto(s) a recolher[0m
2026-10-05 23:55:10  [90m23:49:44 [1] FC Van: 0 pronto(s) a recolher[0m
2026-10-05 23:55:10  [90m23:49:47 [0] Real Betis: 0 treino(s) a pôr[0m
2026-10-05 23:55:10  [90m23:49:47 [1] FC Van: 0 treino(s) a pôr[0m
2026-10-05 23:55:10  [90m23:50:03 Anuncios da loja: video 1 visto.[0m
2026-10-05 23:55:10  Ctrl+C para parar
2026-10-05 23:55:10  [H[J OSMbot · A TRABALHAR · Windows                           23:51:11
2026-10-05 23:55:10  ──────────────────────────────────────────────────────────────────
2026-10-05 23:55:10  À espera  treino acaba 01:48 (em 1h56)
2026-10-05 23:55:10  [32m REAL BETIS   1.º Spain   jogo em 21h18   slots 4/4[0m
2026-10-05 23:55:10  Haaland        ATA    3h56  █████████░░░░░░░░░
2026-10-05 23:55:10  de Jong        MED    3h56  █████████░░░░░░░░░
2026-10-05 23:55:10  Gabriel        DEF    3h56  █████████░░░░░░░░░
2026-10-05 23:55:10  Donnarumma     GR     3h56  █████████░░░░░░░░░
2026-10-05 23:55:10  [32m FC VAN   4.º Armenia   jogo em 18h45   slots 4/4[0m
2026-10-05 23:55:10  Knauff         ATA    1h56  ██████████████░░░░
2026-10-05 23:55:10  K. Koné        MED    3h56  █████████░░░░░░░░░
2026-10-05 23:55:10  Mendes         DEF    3h56  █████████░░░░░░░░░
2026-10-05 23:55:10  Livakovic      GR     1h56  ██████████████░░░░
2026-10-05 23:55:10  Boss coins 2454    Anúncios: loja ✓  treino ✓
2026-10-05 23:55:10  desde o arranque (0h01) · saldo +0 boss coins · loja 1 vídeo(s) · treino 0 vídeo(s) · 0 recolhido(s) · 0 posto(s) a treinar
2026-10-05 23:55:10  ──────────────────────────────────────────────────────────────────
2026-10-05 23:55:10  [90m23:49:44 [0] Real Betis: 0 pronto(s) a recolher[0m
2026-10-05 23:55:10  [90m23:49:44 [1] FC Van: 0 pronto(s) a recolher[0m
2026-10-05 23:55:10  [90m23:49:47 [0] Real Betis: 0 treino(s) a pôr[0m
2026-10-05 23:55:10  [90m23:49:47 [1] FC Van: 0 treino(s) a pôr[0m
2026-10-05 23:55:10  [90m23:50:03 Anuncios da loja: video 1 visto.[0m
2026-10-05 23:55:10  Ctrl+C para parar
2026-10-05 23:55:10  [H[J OSMbot · A TRABALHAR · Windows                           23:51:12
2026-10-05 23:55:10  ──────────────────────────────────────────────────────────────────
2026-10-05 23:55:10  À espera  treino acaba 01:48 (em 1h56)
2026-10-05 23:55:10  [32m REAL BETIS   1.º Spain   jogo em 21h18   slots 4/4[0m
2026-10-05 23:55:10  Haaland        ATA    3h56  █████████░░░░░░░░░
2026-10-05 23:55:10  de Jong        MED    3h56  █████████░░░░░░░░░
2026-10-05 23:55:10  Gabriel        DEF    3h56  █████████░░░░░░░░░
2026-10-05 23:55:10  Donnarumma     GR     3h56  █████████░░░░░░░░░
2026-10-05 23:55:10  [32m FC VAN   4.º Armenia   jogo em 18h45   slots 4/4[0m
2026-10-05 23:55:10  Knauff         ATA    1h56  ██████████████░░░░
2026-10-05 23:55:10  K. Koné        MED    3h56  █████████░░░░░░░░░
2026-10-05 23:55:10  Mendes         DEF    3h56  █████████░░░░░░░░░
2026-10-05 23:55:10  Livakovic      GR     1h56  ██████████████░░░░
2026-10-05 23:55:10  Boss coins 2454    Anúncios: loja ✓  treino ✓
2026-10-05 23:55:10  desde o arranque (0h01) · saldo +0 boss coins · loja 1 vídeo(s) · treino 0 vídeo(s) · 0 recolhido(s) · 0 posto(s) a treinar
2026-10-05 23:55:10  ──────────────────────────────────────────────────────────────────
2026-10-05 23:55:10  [90m23:49:44 [0] Real Betis: 0 pronto(s) a recolher[0m
2026-10-05 23:55:10  [90m23:49:44 [1] FC Van: 0 pronto(s) a recolher[0m
2026-10-05 23:55:10  [90m23:49:47 [0] Real Betis: 0 treino(s) a pôr[0m
2026-10-05 23:55:10  [90m23:49:47 [1] FC Van: 0 treino(s) a pôr[0m
2026-10-05 23:55:10  [90m23:50:03 Anuncios da loja: video 1 visto.[0m
2026-10-05 23:55:10  Ctrl+C para parar
2026-10-05 23:55:10  [H[J OSMbot · A TRABALHAR · Windows                           23:51:21
2026-10-05 23:55:10  ──────────────────────────────────────────────────────────────────
2026-10-05 23:55:10  À espera  treino acaba 01:48 (em 1h56)
2026-10-05 23:55:10  [32m REAL BETIS   1.º Spain   jogo em 21h18   slots 4/4[0m
2026-10-05 23:55:10  Haaland        ATA    3h56  █████████░░░░░░░░░
2026-10-05 23:55:10  de Jong        MED    3h56  █████████░░░░░░░░░
2026-10-05 23:55:10  Gabriel        DEF    3h56  █████████░░░░░░░░░
2026-10-05 23:55:10  Donnarumma     GR     3h56  █████████░░░░░░░░░
2026-10-05 23:55:10  [32m FC VAN   4.º Armenia   jogo em 18h45   slots 4/4[0m
2026-10-05 23:55:10  Knauff         ATA    1h56  ██████████████░░░░
2026-10-05 23:55:10  K. Koné        MED    3h56  █████████░░░░░░░░░
2026-10-05 23:55:10  Mendes         DEF    3h56  █████████░░░░░░░░░
2026-10-05 23:55:10  Livakovic      GR     1h56  ██████████████░░░░
2026-10-05 23:55:10  Boss coins 2454    Anúncios: loja ✓  treino ✓
2026-10-05 23:55:10  desde o arranque (0h01) · saldo +0 boss coins · loja 2 vídeo(s) · treino 0 vídeo(s) · 0 recolhido(s) · 0 posto(s) a treinar
2026-10-05 23:55:10  ──────────────────────────────────────────────────────────────────
2026-10-05 23:55:10  [90m23:49:44 [0] Real Betis: 0 pronto(s) a recolher[0m
2026-10-05 23:55:10  [90m23:49:44 [1] FC Van: 0 pronto(s) a recolher[0m
2026-10-05 23:55:10  [90m23:49:47 [0] Real Betis: 0 treino(s) a pôr[0m
2026-10-05 23:55:10  [90m23:49:47 [1] FC Van: 0 treino(s) a pôr[0m
2026-10-05 23:55:10  [90m23:50:03 Anuncios da loja: video 1 visto.[0m
2026-10-05 23:55:10  Ctrl+C para parar
2026-10-05 23:55:10  [H[J OSMbot · A TRABALHAR · Windows                           23:51:21
2026-10-05 23:55:10  ──────────────────────────────────────────────────────────────────
2026-10-05 23:55:10  À espera  treino acaba 01:48 (em 1h56)
2026-10-05 23:55:10  [32m REAL BETIS   1.º Spain   jogo em 21h18   slots 4/4[0m
2026-10-05 23:55:10  Haaland        ATA    3h56  █████████░░░░░░░░░
2026-10-05 23:55:10  de Jong        MED    3h56  █████████░░░░░░░░░
2026-10-05 23:55:10  Gabriel        DEF    3h56  █████████░░░░░░░░░
2026-10-05 23:55:10  Donnarumma     GR     3h56  █████████░░░░░░░░░
2026-10-05 23:55:10  [32m FC VAN   4.º Armenia   jogo em 18h45   slots 4/4[0m
2026-10-05 23:55:10  Knauff         ATA    1h56  ██████████████░░░░
2026-10-05 23:55:10  K. Koné        MED    3h56  █████████░░░░░░░░░
2026-10-05 23:55:10  Mendes         DEF    3h56  █████████░░░░░░░░░
2026-10-05 23:55:10  Livakovic      GR     1h56  ██████████████░░░░
2026-10-05 23:55:10  Boss coins 2454    Anúncios: loja ✓  treino ✓
2026-10-05 23:55:10  desde o arranque (0h01) · saldo +0 boss coins · loja 2 vídeo(s) · treino 0 vídeo(s) · 0 recolhido(s) · 0 posto(s) a treinar
2026-10-05 23:55:10  ──────────────────────────────────────────────────────────────────
2026-10-05 23:55:10  [90m23:49:44 [1] FC Van: 0 pronto(s) a recolher[0m
2026-10-05 23:55:10  [90m23:49:47 [0] Real Betis: 0 treino(s) a pôr[0m
2026-10-05 23:55:10  [90m23:49:47 [1] FC Van: 0 treino(s) a pôr[0m
2026-10-05 23:55:10  [90m23:50:03 Anuncios da loja: video 1 visto.[0m
2026-10-05 23:55:10  [90m23:51:21 Anuncios da loja: video 2 visto.[0m
2026-10-05 23:55:10  Ctrl+C para parar
2026-10-05 23:55:10  [H[J OSMbot · A TRABALHAR · Windows                           23:51:22
2026-10-05 23:55:10  ──────────────────────────────────────────────────────────────────
2026-10-05 23:55:10  À espera  treino acaba 01:48 (em 1h56)
2026-10-05 23:55:10  [32m REAL BETIS   1.º Spain   jogo em 21h18   slots 4/4[0m
2026-10-05 23:55:10  Haaland        ATA    3h56  █████████░░░░░░░░░
2026-10-05 23:55:10  de Jong        MED    3h56  █████████░░░░░░░░░
2026-10-05 23:55:10  Gabriel        DEF    3h56  █████████░░░░░░░░░
2026-10-05 23:55:10  Donnarumma     GR     3h56  █████████░░░░░░░░░
2026-10-05 23:55:10  [32m FC VAN   4.º Armenia   jogo em 18h45   slots 4/4[0m
2026-10-05 23:55:10  Knauff         ATA    1h56  ██████████████░░░░
2026-10-05 23:55:10  K. Koné        MED    3h56  █████████░░░░░░░░░
2026-10-05 23:55:10  Mendes         DEF    3h56  █████████░░░░░░░░░
2026-10-05 23:55:10  Livakovic      GR     1h56  ██████████████░░░░
2026-10-05 23:55:10  Boss coins 2454    Anúncios: loja ✓  treino ✓
2026-10-05 23:55:10  desde o arranque (0h01) · saldo +0 boss coins · loja 2 vídeo(s) · treino 0 vídeo(s) · 0 recolhido(s) · 0 posto(s) a treinar
2026-10-05 23:55:10  ──────────────────────────────────────────────────────────────────
2026-10-05 23:55:10  [90m23:49:44 [1] FC Van: 0 pronto(s) a recolher[0m
2026-10-05 23:55:10  [90m23:49:47 [0] Real Betis: 0 treino(s) a pôr[0m
2026-10-05 23:55:10  [90m23:49:47 [1] FC Van: 0 treino(s) a pôr[0m
2026-10-05 23:55:10  [90m23:50:03 Anuncios da loja: video 1 visto.[0m
2026-10-05 23:55:10  [90m23:51:21 Anuncios da loja: video 2 visto.[0m
2026-10-05 23:55:10  Ctrl+C para parar
2026-10-05 23:55:10  [H[J OSMbot · A TRABALHAR · Windows                           23:51:23
2026-10-05 23:55:10  ──────────────────────────────────────────────────────────────────
2026-10-05 23:55:10  À espera  treino acaba 01:48 (em 1h56)
2026-10-05 23:55:10  [32m REAL BETIS   1.º Spain   jogo em 21h18   slots 4/4[0m
2026-10-05 23:55:10  Haaland        ATA    3h56  █████████░░░░░░░░░
2026-10-05 23:55:10  de Jong        MED    3h56  █████████░░░░░░░░░
2026-10-05 23:55:10  Gabriel        DEF    3h56  █████████░░░░░░░░░
2026-10-05 23:55:10  Donnarumma     GR     3h56  █████████░░░░░░░░░
2026-10-05 23:55:10  [32m FC VAN   4.º Armenia   jogo em 18h45   slots 4/4[0m
2026-10-05 23:55:10  Knauff         ATA    1h56  ██████████████░░░░
2026-10-05 23:55:10  K. Koné        MED    3h56  █████████░░░░░░░░░
2026-10-05 23:55:10  Mendes         DEF    3h56  █████████░░░░░░░░░
2026-10-05 23:55:10  Livakovic      GR     1h56  ██████████████░░░░
2026-10-05 23:55:10  Boss coins 2454    Anúncios: loja ✓  treino ✓
2026-10-05 23:55:10  desde o arranque (0h01) · saldo +0 boss coins · loja 2 vídeo(s) · treino 0 vídeo(s) · 0 recolhido(s) · 0 posto(s) a treinar
2026-10-05 23:55:10  ──────────────────────────────────────────────────────────────────
2026-10-05 23:55:10  [90m23:49:44 [1] FC Van: 0 pronto(s) a recolher[0m
2026-10-05 23:55:10  [90m23:49:47 [0] Real Betis: 0 treino(s) a pôr[0m
2026-10-05 23:55:10  [90m23:49:47 [1] FC Van: 0 treino(s) a pôr[0m
2026-10-05 23:55:10  [90m23:50:03 Anuncios da loja: video 1 visto.[0m
2026-10-05 23:55:10  [90m23:51:21 Anuncios da loja: video 2 visto.[0m
2026-10-05 23:55:10  Ctrl+C para parar
2026-10-05 23:55:10  [H[J OSMbot · A TRABALHAR · Windows                           23:51:24
2026-10-05 23:55:10  ──────────────────────────────────────────────────────────────────
2026-10-05 23:55:10  À espera  treino acaba 01:48 (em 1h56)
2026-10-05 23:55:10  [32m REAL BETIS   1.º Spain   jogo em 21h18   slots 4/4[0m
2026-10-05 23:55:10  Haaland        ATA    3h56  █████████░░░░░░░░░
2026-10-05 23:55:10  de Jong        MED    3h56  █████████░░░░░░░░░
2026-10-05 23:55:10  Gabriel        DEF    3h56  █████████░░░░░░░░░
2026-10-05 23:55:10  Donnarumma     GR     3h56  █████████░░░░░░░░░
2026-10-05 23:55:10  [32m FC VAN   4.º Armenia   jogo em 18h45   slots 4/4[0m
2026-10-05 23:55:10  Knauff         ATA    1h56  ██████████████░░░░
2026-10-05 23:55:10  K. Koné        MED    3h56  █████████░░░░░░░░░
2026-10-05 23:55:10  Mendes         DEF    3h56  █████████░░░░░░░░░
2026-10-05 23:55:10  Livakovic      GR     1h56  ██████████████░░░░
2026-10-05 23:55:10  Boss coins 2454    Anúncios: loja ✓  treino ✓
2026-10-05 23:55:10  desde o arranque (0h01) · saldo +0 boss coins · loja 2 vídeo(s) · treino 0 vídeo(s) · 0 recolhido(s) · 0 posto(s) a treinar
2026-10-05 23:55:10  ──────────────────────────────────────────────────────────────────
2026-10-05 23:55:10  [90m23:49:44 [1] FC Van: 0 pronto(s) a recolher[0m
2026-10-05 23:55:10  [90m23:49:47 [0] Real Betis: 0 treino(s) a pôr[0m
2026-10-05 23:55:10  [90m23:49:47 [1] FC Van: 0 treino(s) a pôr[0m
2026-10-05 23:55:10  [90m23:50:03 Anuncios da loja: video 1 visto.[0m
2026-10-05 23:55:10  [90m23:51:21 Anuncios da loja: video 2 visto.[0m
2026-10-05 23:55:10  Ctrl+C para parar
2026-10-05 23:55:10  [H[J OSMbot · A TRABALHAR · Windows                           23:51:25
2026-10-05 23:55:10  ──────────────────────────────────────────────────────────────────
2026-10-05 23:55:10  À espera  treino acaba 01:48 (em 1h56)
2026-10-05 23:55:10  [32m REAL BETIS   1.º Spain   jogo em 21h18   slots 4/4[0m
2026-10-05 23:55:10  Haaland        ATA    3h56  █████████░░░░░░░░░
2026-10-05 23:55:10  de Jong        MED    3h56  █████████░░░░░░░░░
2026-10-05 23:55:10  Gabriel        DEF    3h56  █████████░░░░░░░░░
2026-10-05 23:55:10  Donnarumma     GR     3h56  █████████░░░░░░░░░
2026-10-05 23:55:10  [32m FC VAN   4.º Armenia   jogo em 18h45   slots 4/4[0m
2026-10-05 23:55:10  Knauff         ATA    1h56  ██████████████░░░░
2026-10-05 23:55:10  K. Koné        MED    3h56  █████████░░░░░░░░░
2026-10-05 23:55:10  Mendes         DEF    3h56  █████████░░░░░░░░░
2026-10-05 23:55:10  Livakovic      GR     1h56  ██████████████░░░░
2026-10-05 23:55:10  Boss coins 2454    Anúncios: loja ✓  treino ✓
2026-10-05 23:55:10  desde o arranque (0h01) · saldo +0 boss coins · loja 2 vídeo(s) · treino 0 vídeo(s) · 0 recolhido(s) · 0 posto(s) a treinar
2026-10-05 23:55:10  ──────────────────────────────────────────────────────────────────
2026-10-05 23:55:10  [90m23:49:44 [1] FC Van: 0 pronto(s) a recolher[0m
2026-10-05 23:55:10  [90m23:49:47 [0] Real Betis: 0 treino(s) a pôr[0m
2026-10-05 23:55:10  [90m23:49:47 [1] FC Van: 0 treino(s) a pôr[0m
2026-10-05 23:55:10  [90m23:50:03 Anuncios da loja: video 1 visto.[0m
2026-10-05 23:55:10  [90m23:51:21 Anuncios da loja: video 2 visto.[0m
2026-10-05 23:55:10  Ctrl+C para parar
2026-10-05 23:55:10  [H[J OSMbot · A TRABALHAR · Windows                           23:51:26
2026-10-05 23:55:10  ──────────────────────────────────────────────────────────────────
2026-10-05 23:55:10  À espera  treino acaba 01:48 (em 1h56)
2026-10-05 23:55:10  [32m REAL BETIS   1.º Spain   jogo em 21h18   slots 4/4[0m
2026-10-05 23:55:10  Haaland        ATA    3h56  █████████░░░░░░░░░
2026-10-05 23:55:10  de Jong        MED    3h56  █████████░░░░░░░░░
2026-10-05 23:55:10  Gabriel        DEF    3h56  █████████░░░░░░░░░
2026-10-05 23:55:10  Donnarumma     GR     3h56  █████████░░░░░░░░░
2026-10-05 23:55:10  [32m FC VAN   4.º Armenia   jogo em 18h45   slots 4/4[0m
2026-10-05 23:55:10  Knauff         ATA    1h56  ██████████████░░░░
2026-10-05 23:55:10  K. Koné        MED    3h56  █████████░░░░░░░░░
2026-10-05 23:55:10  Mendes         DEF    3h56  █████████░░░░░░░░░
2026-10-05 23:55:10  Livakovic      GR     1h56  ██████████████░░░░
2026-10-05 23:55:10  Boss coins 2454    Anúncios: loja ✓  treino ✓
2026-10-05 23:55:10  desde o arranque (0h01) · saldo +0 boss coins · loja 2 vídeo(s) · treino 0 vídeo(s) · 0 recolhido(s) · 0 posto(s) a treinar
2026-10-05 23:55:10  ──────────────────────────────────────────────────────────────────
2026-10-05 23:55:10  [90m23:49:44 [1] FC Van: 0 pronto(s) a recolher[0m
2026-10-05 23:55:10  [90m23:49:47 [0] Real Betis: 0 treino(s) a pôr[0m
2026-10-05 23:55:10  [90m23:49:47 [1] FC Van: 0 treino(s) a pôr[0m
2026-10-05 23:55:10  [90m23:50:03 Anuncios da loja: video 1 visto.[0m
2026-10-05 23:55:10  [90m23:51:21 Anuncios da loja: video 2 visto.[0m
2026-10-05 23:55:10  Ctrl+C para parar
2026-10-05 23:55:10  [H[J OSMbot · A TRABALHAR · Windows                           23:51:27
2026-10-05 23:55:10  ──────────────────────────────────────────────────────────────────
2026-10-05 23:55:10  À espera  treino acaba 01:48 (em 1h56)
2026-10-05 23:55:10  [32m REAL BETIS   1.º Spain   jogo em 21h18   slots 4/4[0m
2026-10-05 23:55:10  Haaland        ATA    3h56  █████████░░░░░░░░░
2026-10-05 23:55:10  de Jong        MED    3h56  █████████░░░░░░░░░
2026-10-05 23:55:10  Gabriel        DEF    3h56  █████████░░░░░░░░░
2026-10-05 23:55:10  Donnarumma     GR     3h56  █████████░░░░░░░░░
2026-10-05 23:55:10  [32m FC VAN   4.º Armenia   jogo em 18h45   slots 4/4[0m
2026-10-05 23:55:10  Knauff         ATA    1h56  ██████████████░░░░
2026-10-05 23:55:10  K. Koné        MED    3h56  █████████░░░░░░░░░
2026-10-05 23:55:10  Mendes         DEF    3h56  █████████░░░░░░░░░
2026-10-05 23:55:10  Livakovic      GR     1h56  ██████████████░░░░
2026-10-05 23:55:10  Boss coins 2454    Anúncios: loja ✓  treino ✓
2026-10-05 23:55:10  desde o arranque (0h01) · saldo +0 boss coins · loja 2 vídeo(s) · treino 0 vídeo(s) · 0 recolhido(s) · 0 posto(s) a treinar
2026-10-05 23:55:10  ──────────────────────────────────────────────────────────────────
2026-10-05 23:55:10  [90m23:49:44 [1] FC Van: 0 pronto(s) a recolher[0m
2026-10-05 23:55:10  [90m23:49:47 [0] Real Betis: 0 treino(s) a pôr[0m
2026-10-05 23:55:10  [90m23:49:47 [1] FC Van: 0 treino(s) a pôr[0m
2026-10-05 23:55:10  [90m23:50:03 Anuncios da loja: video 1 visto.[0m
2026-10-05 23:55:10  [90m23:51:21 Anuncios da loja: video 2 visto.[0m
2026-10-05 23:55:10  Ctrl+C para parar
2026-10-05 23:55:10  [H[J OSMbot · A TRABALHAR · Windows                           23:51:28
2026-10-05 23:55:10  ──────────────────────────────────────────────────────────────────
2026-10-05 23:55:10  À espera  treino acaba 01:48 (em 1h56)
2026-10-05 23:55:10  [32m REAL BETIS   1.º Spain   jogo em 21h17   slots 4/4[0m
2026-10-05 23:55:10  Haaland        ATA    3h56  █████████░░░░░░░░░
2026-10-05 23:55:10  de Jong        MED    3h56  █████████░░░░░░░░░
2026-10-05 23:55:10  Gabriel        DEF    3h56  █████████░░░░░░░░░
2026-10-05 23:55:10  Donnarumma     GR     3h56  █████████░░░░░░░░░
2026-10-05 23:55:10  [32m FC VAN   4.º Armenia   jogo em 18h45   slots 4/4[0m
2026-10-05 23:55:10  Knauff         ATA    1h56  ██████████████░░░░
2026-10-05 23:55:10  K. Koné        MED    3h56  █████████░░░░░░░░░
2026-10-05 23:55:10  Mendes         DEF    3h56  █████████░░░░░░░░░
2026-10-05 23:55:10  Livakovic      GR     1h56  ██████████████░░░░
2026-10-05 23:55:10  Boss coins 2454    Anúncios: loja ✓  treino ✓
2026-10-05 23:55:10  desde o arranque (0h01) · saldo +0 boss coins · loja 2 vídeo(s) · treino 0 vídeo(s) · 0 recolhido(s) · 0 posto(s) a treinar
2026-10-05 23:55:10  ──────────────────────────────────────────────────────────────────
2026-10-05 23:55:10  [90m23:49:44 [1] FC Van: 0 pronto(s) a recolher[0m
2026-10-05 23:55:10  [90m23:49:47 [0] Real Betis: 0 treino(s) a pôr[0m
2026-10-05 23:55:10  [90m23:49:47 [1] FC Van: 0 treino(s) a pôr[0m
2026-10-05 23:55:10  [90m23:50:03 Anuncios da loja: video 1 visto.[0m
2026-10-05 23:55:10  [90m23:51:21 Anuncios da loja: video 2 visto.[0m
2026-10-05 23:55:10  Ctrl+C para parar
2026-10-05 23:55:10  [H[J OSMbot · A TRABALHAR · Windows                           23:51:29
2026-10-05 23:55:10  ──────────────────────────────────────────────────────────────────
2026-10-05 23:55:10  À espera  treino acaba 01:48 (em 1h56)
2026-10-05 23:55:10  [32m REAL BETIS   1.º Spain   jogo em 21h17   slots 4/4[0m
2026-10-05 23:55:10  Haaland        ATA    3h56  █████████░░░░░░░░░
2026-10-05 23:55:10  de Jong        MED    3h56  █████████░░░░░░░░░
2026-10-05 23:55:10  Gabriel        DEF    3h56  █████████░░░░░░░░░
2026-10-05 23:55:10  Donnarumma     GR     3h56  █████████░░░░░░░░░
2026-10-05 23:55:10  [32m FC VAN   4.º Armenia   jogo em 18h45   slots 4/4[0m
2026-10-05 23:55:10  Knauff         ATA    1h56  ██████████████░░░░
2026-10-05 23:55:10  K. Koné        MED    3h56  █████████░░░░░░░░░
2026-10-05 23:55:10  Mendes         DEF    3h56  █████████░░░░░░░░░
2026-10-05 23:55:10  Livakovic      GR     1h56  ██████████████░░░░
2026-10-05 23:55:10  Boss coins 2454    Anúncios: loja ✓  treino ✓
2026-10-05 23:55:10  desde o arranque (0h01) · saldo +0 boss coins · loja 2 vídeo(s) · treino 0 vídeo(s) · 0 recolhido(s) · 0 posto(s) a treinar
2026-10-05 23:55:10  ──────────────────────────────────────────────────────────────────
2026-10-05 23:55:10  [90m23:49:44 [1] FC Van: 0 pronto(s) a recolher[0m
2026-10-05 23:55:10  [90m23:49:47 [0] Real Betis: 0 treino(s) a pôr[0m
2026-10-05 23:55:10  [90m23:49:47 [1] FC Van: 0 treino(s) a pôr[0m
2026-10-05 23:55:10  [90m23:50:03 Anuncios da loja: video 1 visto.[0m
2026-10-05 23:55:10  [90m23:51:21 Anuncios da loja: video 2 visto.[0m
2026-10-05 23:55:10  Ctrl+C para parar
2026-10-05 23:55:10  [H[J OSMbot · A TRABALHAR · Windows                           23:51:30
2026-10-05 23:55:10  ──────────────────────────────────────────────────────────────────
2026-10-05 23:55:10  À espera  treino acaba 01:48 (em 1h56)
2026-10-05 23:55:10  [32m REAL BETIS   1.º Spain   jogo em 21h17   slots 4/4[0m
2026-10-05 23:55:10  Haaland        ATA    3h56  █████████░░░░░░░░░
2026-10-05 23:55:10  de Jong        MED    3h56  █████████░░░░░░░░░
2026-10-05 23:55:10  Gabriel        DEF    3h56  █████████░░░░░░░░░
2026-10-05 23:55:10  Donnarumma     GR     3h56  █████████░░░░░░░░░
2026-10-05 23:55:10  [32m FC VAN   4.º Armenia   jogo em 18h45   slots 4/4[0m
2026-10-05 23:55:10  Knauff         ATA    1h56  ██████████████░░░░
2026-10-05 23:55:10  K. Koné        MED    3h56  █████████░░░░░░░░░
2026-10-05 23:55:10  Mendes         DEF    3h56  █████████░░░░░░░░░
2026-10-05 23:55:10  Livakovic      GR     1h56  ██████████████░░░░
2026-10-05 23:55:10  Boss coins 2454    Anúncios: loja ✓  treino ✓
2026-10-05 23:55:10  desde o arranque (0h01) · saldo +0 boss coins · loja 2 vídeo(s) · treino 0 vídeo(s) · 0 recolhido(s) · 0 posto(s) a treinar
2026-10-05 23:55:10  ──────────────────────────────────────────────────────────────────
2026-10-05 23:55:10  [90m23:49:44 [1] FC Van: 0 pronto(s) a recolher[0m
2026-10-05 23:55:10  [90m23:49:47 [0] Real Betis: 0 treino(s) a pôr[0m
2026-10-05 23:55:10  [90m23:49:47 [1] FC Van: 0 treino(s) a pôr[0m
2026-10-05 23:55:10  [90m23:50:03 Anuncios da loja: video 1 visto.[0m
2026-10-05 23:55:10  [90m23:51:21 Anuncios da loja: video 2 visto.[0m
2026-10-05 23:55:10  Ctrl+C para parar
2026-10-05 23:55:10  [H[J OSMbot · A TRABALHAR · Windows                           23:51:31
2026-10-05 23:55:10  ──────────────────────────────────────────────────────────────────
2026-10-05 23:55:10  À espera  treino acaba 01:48 (em 1h56)
2026-10-05 23:55:10  [32m REAL BETIS   1.º Spain   jogo em 21h17   slots 4/4[0m
2026-10-05 23:55:10  Haaland        ATA    3h56  █████████░░░░░░░░░
2026-10-05 23:55:10  de Jong        MED    3h56  █████████░░░░░░░░░
2026-10-05 23:55:10  Gabriel        DEF    3h56  █████████░░░░░░░░░
2026-10-05 23:55:10  Donnarumma     GR     3h56  █████████░░░░░░░░░
2026-10-05 23:55:10  [32m FC VAN   4.º Armenia   jogo em 18h45   slots 4/4[0m
2026-10-05 23:55:10  Knauff         ATA    1h56  ██████████████░░░░
2026-10-05 23:55:10  K. Koné        MED    3h56  █████████░░░░░░░░░
2026-10-05 23:55:10  Mendes         DEF    3h56  █████████░░░░░░░░░
2026-10-05 23:55:10  Livakovic      GR     1h56  ██████████████░░░░
2026-10-05 23:55:10  Boss coins 2454    Anúncios: loja ✓  treino ✓
2026-10-05 23:55:10  desde o arranque (0h01) · saldo +0 boss coins · loja 2 vídeo(s) · treino 0 vídeo(s) · 0 recolhido(s) · 0 posto(s) a treinar
2026-10-05 23:55:10  ──────────────────────────────────────────────────────────────────
2026-10-05 23:55:10  [90m23:49:44 [1] FC Van: 0 pronto(s) a recolher[0m
2026-10-05 23:55:10  [90m23:49:47 [0] Real Betis: 0 treino(s) a pôr[0m
2026-10-05 23:55:10  [90m23:49:47 [1] FC Van: 0 treino(s) a pôr[0m
2026-10-05 23:55:10  [90m23:50:03 Anuncios da loja: video 1 visto.[0m
2026-10-05 23:55:10  [90m23:51:21 Anuncios da loja: video 2 visto.[0m
2026-10-05 23:55:10  Ctrl+C para parar
2026-10-05 23:55:10  [H[J OSMbot · A TRABALHAR · Windows                           23:51:32
2026-10-05 23:55:10  ──────────────────────────────────────────────────────────────────
2026-10-05 23:55:10  À espera  treino acaba 01:48 (em 1h56)
2026-10-05 23:55:10  [32m REAL BETIS   1.º Spain   jogo em 21h17   slots 4/4[0m
2026-10-05 23:55:10  Haaland        ATA    3h56  █████████░░░░░░░░░
2026-10-05 23:55:10  de Jong        MED    3h56  █████████░░░░░░░░░
2026-10-05 23:55:10  Gabriel        DEF    3h56  █████████░░░░░░░░░
2026-10-05 23:55:10  Donnarumma     GR     3h56  █████████░░░░░░░░░
2026-10-05 23:55:10  [32m FC VAN   4.º Armenia   jogo em 18h45   slots 4/4[0m
2026-10-05 23:55:10  Knauff         ATA    1h56  ██████████████░░░░
2026-10-05 23:55:10  K. Koné        MED    3h56  █████████░░░░░░░░░
2026-10-05 23:55:10  Mendes         DEF    3h56  █████████░░░░░░░░░
2026-10-05 23:55:10  Livakovic      GR     1h56  ██████████████░░░░
2026-10-05 23:55:10  Boss coins 2454    Anúncios: loja ✓  treino ✓
2026-10-05 23:55:10  desde o arranque (0h01) · saldo +0 boss coins · loja 2 vídeo(s) · treino 0 vídeo(s) · 0 recolhido(s) · 0 posto(s) a treinar
2026-10-05 23:55:10  ──────────────────────────────────────────────────────────────────
2026-10-05 23:55:10  [90m23:49:44 [1] FC Van: 0 pronto(s) a recolher[0m
2026-10-05 23:55:10  [90m23:49:47 [0] Real Betis: 0 treino(s) a pôr[0m
2026-10-05 23:55:10  [90m23:49:47 [1] FC Van: 0 treino(s) a pôr[0m
2026-10-05 23:55:10  [90m23:50:03 Anuncios da loja: video 1 visto.[0m
2026-10-05 23:55:10  [90m23:51:21 Anuncios da loja: video 2 visto.[0m
2026-10-05 23:55:10  Ctrl+C para parar
2026-10-05 23:55:10  [H[J OSMbot · A TRABALHAR · Windows                           23:51:33
2026-10-05 23:55:10  ──────────────────────────────────────────────────────────────────
2026-10-05 23:55:10  À espera  treino acaba 01:48 (em 1h56)
2026-10-05 23:55:10  [32m REAL BETIS   1.º Spain   jogo em 21h17   slots 4/4[0m
2026-10-05 23:55:10  Haaland        ATA    3h56  █████████░░░░░░░░░
2026-10-05 23:55:10  de Jong        MED    3h56  █████████░░░░░░░░░
2026-10-05 23:55:10  Gabriel        DEF    3h56  █████████░░░░░░░░░
2026-10-05 23:55:10  Donnarumma     GR     3h56  █████████░░░░░░░░░
2026-10-05 23:55:10  [32m FC VAN   4.º Armenia   jogo em 18h45   slots 4/4[0m
2026-10-05 23:55:10  Knauff         ATA    1h56  ██████████████░░░░
2026-10-05 23:55:10  K. Koné        MED    3h56  █████████░░░░░░░░░
2026-10-05 23:55:10  Mendes         DEF    3h56  █████████░░░░░░░░░
2026-10-05 23:55:10  Livakovic      GR     1h56  ██████████████░░░░
2026-10-05 23:55:10  Boss coins 2454    Anúncios: loja ✓  treino ✓
2026-10-05 23:55:10  desde o arranque (0h01) · saldo +0 boss coins · loja 2 vídeo(s) · treino 0 vídeo(s) · 0 recolhido(s) · 0 posto(s) a treinar
2026-10-05 23:55:10  ──────────────────────────────────────────────────────────────────
2026-10-05 23:55:10  [90m23:49:44 [1] FC Van: 0 pronto(s) a recolher[0m
2026-10-05 23:55:10  [90m23:49:47 [0] Real Betis: 0 treino(s) a pôr[0m
2026-10-05 23:55:10  [90m23:49:47 [1] FC Van: 0 treino(s) a pôr[0m
2026-10-05 23:55:10  [90m23:50:03 Anuncios da loja: video 1 visto.[0m
2026-10-05 23:55:10  [90m23:51:21 Anuncios da loja: video 2 visto.[0m
2026-10-05 23:55:10  Ctrl+C para parar
2026-10-05 23:55:10  [H[J OSMbot · A TRABALHAR · Windows                           23:51:34
2026-10-05 23:55:10  ──────────────────────────────────────────────────────────────────
2026-10-05 23:55:10  À espera  treino acaba 01:48 (em 1h56)
2026-10-05 23:55:10  [32m REAL BETIS   1.º Spain   jogo em 21h17   slots 4/4[0m
2026-10-05 23:55:10  Haaland        ATA    3h56  █████████░░░░░░░░░
2026-10-05 23:55:10  de Jong        MED    3h56  █████████░░░░░░░░░
2026-10-05 23:55:10  Gabriel        DEF    3h56  █████████░░░░░░░░░
2026-10-05 23:55:10  Donnarumma     GR     3h56  █████████░░░░░░░░░
2026-10-05 23:55:10  [32m FC VAN   4.º Armenia   jogo em 18h45   slots 4/4[0m
2026-10-05 23:55:10  Knauff         ATA    1h56  ██████████████░░░░
2026-10-05 23:55:10  K. Koné        MED    3h56  █████████░░░░░░░░░
2026-10-05 23:55:10  Mendes         DEF    3h56  █████████░░░░░░░░░
2026-10-05 23:55:10  Livakovic      GR     1h56  ██████████████░░░░
2026-10-05 23:55:10  Boss coins 2454    Anúncios: loja ✓  treino ✓
2026-10-05 23:55:10  desde o arranque (0h01) · saldo +0 boss coins · loja 2 vídeo(s) · treino 0 vídeo(s) · 0 recolhido(s) · 0 posto(s) a treinar
2026-10-05 23:55:10  ──────────────────────────────────────────────────────────────────
2026-10-05 23:55:10  [90m23:49:44 [1] FC Van: 0 pronto(s) a recolher[0m
2026-10-05 23:55:10  [90m23:49:47 [0] Real Betis: 0 treino(s) a pôr[0m
2026-10-05 23:55:10  [90m23:49:47 [1] FC Van: 0 treino(s) a pôr[0m
2026-10-05 23:55:10  [90m23:50:03 Anuncios da loja: video 1 visto.[0m
2026-10-05 23:55:10  [90m23:51:21 Anuncios da loja: video 2 visto.[0m
2026-10-05 23:55:10  Ctrl+C para parar
2026-10-05 23:55:10  [H[J OSMbot · A TRABALHAR · Windows                           23:51:35
2026-10-05 23:55:10  ──────────────────────────────────────────────────────────────────
2026-10-05 23:55:10  À espera  treino acaba 01:48 (em 1h56)
2026-10-05 23:55:10  [32m REAL BETIS   1.º Spain   jogo em 21h17   slots 4/4[0m
2026-10-05 23:55:10  Haaland        ATA    3h56  █████████░░░░░░░░░
2026-10-05 23:55:10  de Jong        MED    3h56  █████████░░░░░░░░░
2026-10-05 23:55:10  Gabriel        DEF    3h56  █████████░░░░░░░░░
2026-10-05 23:55:10  Donnarumma     GR     3h56  █████████░░░░░░░░░
2026-10-05 23:55:10  [32m FC VAN   4.º Armenia   jogo em 18h45   slots 4/4[0m
2026-10-05 23:55:10  Knauff         ATA    1h56  ██████████████░░░░
2026-10-05 23:55:10  K. Koné        MED    3h56  █████████░░░░░░░░░
2026-10-05 23:55:10  Mendes         DEF    3h56  █████████░░░░░░░░░
2026-10-05 23:55:10  Livakovic      GR     1h56  ██████████████░░░░
2026-10-05 23:55:10  Boss coins 2454    Anúncios: loja ✓  treino ✓
2026-10-05 23:55:10  desde o arranque (0h01) · saldo +0 boss coins · loja 2 vídeo(s) · treino 0 vídeo(s) · 0 recolhido(s) · 0 posto(s) a treinar
2026-10-05 23:55:10  ──────────────────────────────────────────────────────────────────
2026-10-05 23:55:10  [90m23:49:44 [1] FC Van: 0 pronto(s) a recolher[0m
2026-10-05 23:55:10  [90m23:49:47 [0] Real Betis: 0 treino(s) a pôr[0m
2026-10-05 23:55:10  [90m23:49:47 [1] FC Van: 0 treino(s) a pôr[0m
2026-10-05 23:55:10  [90m23:50:03 Anuncios da loja: video 1 visto.[0m
2026-10-05 23:55:10  [90m23:51:21 Anuncios da loja: video 2 visto.[0m
2026-10-05 23:55:10  Ctrl+C para parar
2026-10-05 23:55:10  [H[J OSMbot · A TRABALHAR · Windows                           23:51:36
2026-10-05 23:55:10  ──────────────────────────────────────────────────────────────────
2026-10-05 23:55:10  À espera  treino acaba 01:48 (em 1h56)
2026-10-05 23:55:10  [32m REAL BETIS   1.º Spain   jogo em 21h17   slots 4/4[0m
2026-10-05 23:55:10  Haaland        ATA    3h56  █████████░░░░░░░░░
2026-10-05 23:55:10  de Jong        MED    3h56  █████████░░░░░░░░░
2026-10-05 23:55:10  Gabriel        DEF    3h56  █████████░░░░░░░░░
2026-10-05 23:55:10  Donnarumma     GR     3h56  █████████░░░░░░░░░
2026-10-05 23:55:10  [32m FC VAN   4.º Armenia   jogo em 18h45   slots 4/4[0m
2026-10-05 23:55:10  Knauff         ATA    1h56  ██████████████░░░░
2026-10-05 23:55:10  K. Koné        MED    3h56  █████████░░░░░░░░░
2026-10-05 23:55:10  Mendes         DEF    3h56  █████████░░░░░░░░░
2026-10-05 23:55:10  Livakovic      GR     1h56  ██████████████░░░░
2026-10-05 23:55:10  Boss coins 2454    Anúncios: loja ✓  treino ✓
2026-10-05 23:55:10  desde o arranque (0h01) · saldo +0 boss coins · loja 2 vídeo(s) · treino 0 vídeo(s) · 0 recolhido(s) · 0 posto(s) a treinar
2026-10-05 23:55:10  ──────────────────────────────────────────────────────────────────
2026-10-05 23:55:10  [90m23:49:44 [1] FC Van: 0 pronto(s) a recolher[0m
2026-10-05 23:55:10  [90m23:49:47 [0] Real Betis: 0 treino(s) a pôr[0m
2026-10-05 23:55:10  [90m23:49:47 [1] FC Van: 0 treino(s) a pôr[0m
2026-10-05 23:55:10  [90m23:50:03 Anuncios da loja: video 1 visto.[0m
2026-10-05 23:55:10  [90m23:51:21 Anuncios da loja: video 2 visto.[0m
2026-10-05 23:55:10  Ctrl+C para parar
2026-10-05 23:55:10  [H[J OSMbot · A TRABALHAR · Windows                           23:51:37
2026-10-05 23:55:10  ──────────────────────────────────────────────────────────────────
2026-10-05 23:55:10  À espera  treino acaba 01:48 (em 1h56)
2026-10-05 23:55:10  [32m REAL BETIS   1.º Spain   jogo em 21h17   slots 4/4[0m
2026-10-05 23:55:10  Haaland        ATA    3h56  █████████░░░░░░░░░
2026-10-05 23:55:10  de Jong        MED    3h56  █████████░░░░░░░░░
2026-10-05 23:55:10  Gabriel        DEF    3h56  █████████░░░░░░░░░
2026-10-05 23:55:10  Donnarumma     GR     3h56  █████████░░░░░░░░░
2026-10-05 23:55:10  [32m FC VAN   4.º Armenia   jogo em 18h45   slots 4/4[0m
2026-10-05 23:55:10  Knauff         ATA    1h56  ██████████████░░░░
2026-10-05 23:55:10  K. Koné        MED    3h56  █████████░░░░░░░░░
2026-10-05 23:55:10  Mendes         DEF    3h56  █████████░░░░░░░░░
2026-10-05 23:55:10  Livakovic      GR     1h56  ██████████████░░░░
2026-10-05 23:55:10  Boss coins 2454    Anúncios: loja ✓  treino ✓
2026-10-05 23:55:10  desde o arranque (0h01) · saldo +0 boss coins · loja 2 vídeo(s) · treino 0 vídeo(s) · 0 recolhido(s) · 0 posto(s) a treinar
2026-10-05 23:55:10  ──────────────────────────────────────────────────────────────────
2026-10-05 23:55:10  [90m23:49:44 [1] FC Van: 0 pronto(s) a recolher[0m
2026-10-05 23:55:10  [90m23:49:47 [0] Real Betis: 0 treino(s) a pôr[0m
2026-10-05 23:55:10  [90m23:49:47 [1] FC Van: 0 treino(s) a pôr[0m
2026-10-05 23:55:10  [90m23:50:03 Anuncios da loja: video 1 visto.[0m
2026-10-05 23:55:10  [90m23:51:21 Anuncios da loja: video 2 visto.[0m
2026-10-05 23:55:10  Ctrl+C para parar
2026-10-05 23:55:10  [H[J OSMbot · A TRABALHAR · Windows                           23:51:38
2026-10-05 23:55:10  ──────────────────────────────────────────────────────────────────
2026-10-05 23:55:10  À espera  treino acaba 01:48 (em 1h56)
2026-10-05 23:55:10  [32m REAL BETIS   1.º Spain   jogo em 21h17   slots 4/4[0m
2026-10-05 23:55:10  Haaland        ATA    3h56  █████████░░░░░░░░░
2026-10-05 23:55:10  de Jong        MED    3h56  █████████░░░░░░░░░
2026-10-05 23:55:10  Gabriel        DEF    3h56  █████████░░░░░░░░░
2026-10-05 23:55:10  Donnarumma     GR     3h56  █████████░░░░░░░░░
2026-10-05 23:55:10  [32m FC VAN   4.º Armenia   jogo em 18h45   slots 4/4[0m
2026-10-05 23:55:10  Knauff         ATA    1h56  ██████████████░░░░
2026-10-05 23:55:10  K. Koné        MED    3h56  █████████░░░░░░░░░
2026-10-05 23:55:10  Mendes         DEF    3h56  █████████░░░░░░░░░
2026-10-05 23:55:10  Livakovic      GR     1h56  ██████████████░░░░
2026-10-05 23:55:10  Boss coins 2454    Anúncios: loja ✓  treino ✓
2026-10-05 23:55:10  desde o arranque (0h02) · saldo +0 boss coins · loja 2 vídeo(s) · treino 0 vídeo(s) · 0 recolhido(s) · 0 posto(s) a treinar
2026-10-05 23:55:10  ──────────────────────────────────────────────────────────────────
2026-10-05 23:55:10  [90m23:49:44 [1] FC Van: 0 pronto(s) a recolher[0m
2026-10-05 23:55:10  [90m23:49:47 [0] Real Betis: 0 treino(s) a pôr[0m
2026-10-05 23:55:10  [90m23:49:47 [1] FC Van: 0 treino(s) a pôr[0m
2026-10-05 23:55:10  [90m23:50:03 Anuncios da loja: video 1 visto.[0m
2026-10-05 23:55:10  [90m23:51:21 Anuncios da loja: video 2 visto.[0m
2026-10-05 23:55:10  Ctrl+C para parar
2026-10-05 23:55:10  [H[J OSMbot · A TRABALHAR · Windows                           23:51:39
2026-10-05 23:55:10  ──────────────────────────────────────────────────────────────────
2026-10-05 23:55:10  À espera  treino acaba 01:48 (em 1h56)
2026-10-05 23:55:10  [32m REAL BETIS   1.º Spain   jogo em 21h17   slots 4/4[0m
2026-10-05 23:55:10  Haaland        ATA    3h56  █████████░░░░░░░░░
2026-10-05 23:55:10  de Jong        MED    3h56  █████████░░░░░░░░░
2026-10-05 23:55:10  Gabriel        DEF    3h56  █████████░░░░░░░░░
2026-10-05 23:55:10  Donnarumma     GR     3h56  █████████░░░░░░░░░
2026-10-05 23:55:10  [32m FC VAN   4.º Armenia   jogo em 18h45   slots 4/4[0m
2026-10-05 23:55:10  Knauff         ATA    1h56  ██████████████░░░░
2026-10-05 23:55:10  K. Koné        MED    3h56  █████████░░░░░░░░░
2026-10-05 23:55:10  Mendes         DEF    3h56  █████████░░░░░░░░░
2026-10-05 23:55:10  Livakovic      GR     1h56  ██████████████░░░░
2026-10-05 23:55:10  Boss coins 2454    Anúncios: loja ✓  treino ✓
2026-10-05 23:55:10  desde o arranque (0h02) · saldo +0 boss coins · loja 2 vídeo(s) · treino 0 vídeo(s) · 0 recolhido(s) · 0 posto(s) a treinar
2026-10-05 23:55:10  ──────────────────────────────────────────────────────────────────
2026-10-05 23:55:10  [90m23:49:44 [1] FC Van: 0 pronto(s) a recolher[0m
2026-10-05 23:55:10  [90m23:49:47 [0] Real Betis: 0 treino(s) a pôr[0m
2026-10-05 23:55:10  [90m23:49:47 [1] FC Van: 0 treino(s) a pôr[0m
2026-10-05 23:55:10  [90m23:50:03 Anuncios da loja: video 1 visto.[0m
2026-10-05 23:55:10  [90m23:51:21 Anuncios da loja: video 2 visto.[0m
2026-10-05 23:55:10  Ctrl+C para parar
2026-10-05 23:55:10  [H[J OSMbot · A TRABALHAR · Windows                           23:51:40
2026-10-05 23:55:10  ──────────────────────────────────────────────────────────────────
2026-10-05 23:55:10  À espera  treino acaba 01:48 (em 1h56)
2026-10-05 23:55:10  [32m REAL BETIS   1.º Spain   jogo em 21h17   slots 4/4[0m
2026-10-05 23:55:10  Haaland        ATA    3h56  █████████░░░░░░░░░
2026-10-05 23:55:10  de Jong        MED    3h56  █████████░░░░░░░░░
2026-10-05 23:55:10  Gabriel        DEF    3h56  █████████░░░░░░░░░
2026-10-05 23:55:10  Donnarumma     GR     3h56  █████████░░░░░░░░░
2026-10-05 23:55:10  [32m FC VAN   4.º Armenia   jogo em 18h45   slots 4/4[0m
2026-10-05 23:55:10  Knauff         ATA    1h56  ██████████████░░░░
2026-10-05 23:55:10  K. Koné        MED    3h56  █████████░░░░░░░░░
2026-10-05 23:55:10  Mendes         DEF    3h56  █████████░░░░░░░░░
2026-10-05 23:55:10  Livakovic      GR     1h56  ██████████████░░░░
2026-10-05 23:55:10  Boss coins 2454    Anúncios: loja ✓  treino ✓
2026-10-05 23:55:10  desde o arranque (0h02) · saldo +0 boss coins · loja 2 vídeo(s) · treino 0 vídeo(s) · 0 recolhido(s) · 0 posto(s) a treinar
2026-10-05 23:55:10  ──────────────────────────────────────────────────────────────────
2026-10-05 23:55:10  [90m23:49:44 [1] FC Van: 0 pronto(s) a recolher[0m
2026-10-05 23:55:10  [90m23:49:47 [0] Real Betis: 0 treino(s) a pôr[0m
2026-10-05 23:55:10  [90m23:49:47 [1] FC Van: 0 treino(s) a pôr[0m
2026-10-05 23:55:10  [90m23:50:03 Anuncios da loja: video 1 visto.[0m
2026-10-05 23:55:10  [90m23:51:21 Anuncios da loja: video 2 visto.[0m
2026-10-05 23:55:10  Ctrl+C para parar
2026-10-05 23:55:10  [H[J OSMbot · A TRABALHAR · Windows                           23:51:41
2026-10-05 23:55:10  ──────────────────────────────────────────────────────────────────
2026-10-05 23:55:10  À espera  treino acaba 01:48 (em 1h56)
2026-10-05 23:55:10  [32m REAL BETIS   1.º Spain   jogo em 21h17   slots 4/4[0m
2026-10-05 23:55:10  Haaland        ATA    3h56  █████████░░░░░░░░░
2026-10-05 23:55:10  de Jong        MED    3h56  █████████░░░░░░░░░
2026-10-05 23:55:10  Gabriel        DEF    3h56  █████████░░░░░░░░░
2026-10-05 23:55:10  Donnarumma     GR     3h56  █████████░░░░░░░░░
2026-10-05 23:55:10  [32m FC VAN   4.º Armenia   jogo em 18h45   slots 4/4[0m
2026-10-05 23:55:10  Knauff         ATA    1h56  ██████████████░░░░
2026-10-05 23:55:10  K. Koné        MED    3h56  █████████░░░░░░░░░
2026-10-05 23:55:10  Mendes         DEF    3h56  █████████░░░░░░░░░
2026-10-05 23:55:10  Livakovic      GR     1h56  ██████████████░░░░
2026-10-05 23:55:10  Boss coins 2454    Anúncios: loja ✓  treino ✓
2026-10-05 23:55:10  desde o arranque (0h02) · saldo +0 boss coins · loja 2 vídeo(s) · treino 0 vídeo(s) · 0 recolhido(s) · 0 posto(s) a treinar
2026-10-05 23:55:10  ──────────────────────────────────────────────────────────────────
2026-10-05 23:55:10  [90m23:49:44 [1] FC Van: 0 pronto(s) a recolher[0m
2026-10-05 23:55:10  [90m23:49:47 [0] Real Betis: 0 treino(s) a pôr[0m
2026-10-05 23:55:10  [90m23:49:47 [1] FC Van: 0 treino(s) a pôr[0m
2026-10-05 23:55:10  [90m23:50:03 Anuncios da loja: video 1 visto.[0m
2026-10-05 23:55:10  [90m23:51:21 Anuncios da loja: video 2 visto.[0m
2026-10-05 23:55:10  Ctrl+C para parar
2026-10-05 23:55:10  [H[J OSMbot · A TRABALHAR · Windows                           23:51:42
2026-10-05 23:55:10  ──────────────────────────────────────────────────────────────────
2026-10-05 23:55:10  À espera  treino acaba 01:48 (em 1h56)
2026-10-05 23:55:10  [32m REAL BETIS   1.º Spain   jogo em 21h17   slots 4/4[0m
2026-10-05 23:55:10  Haaland        ATA    3h56  █████████░░░░░░░░░
2026-10-05 23:55:10  de Jong        MED    3h56  █████████░░░░░░░░░
2026-10-05 23:55:10  Gabriel        DEF    3h56  █████████░░░░░░░░░
2026-10-05 23:55:10  Donnarumma     GR     3h56  █████████░░░░░░░░░
2026-10-05 23:55:10  [32m FC VAN   4.º Armenia   jogo em 18h45   slots 4/4[0m
2026-10-05 23:55:10  Knauff         ATA    1h56  ██████████████░░░░
2026-10-05 23:55:10  K. Koné        MED    3h56  █████████░░░░░░░░░
2026-10-05 23:55:10  Mendes         DEF    3h56  █████████░░░░░░░░░
2026-10-05 23:55:10  Livakovic      GR     1h56  ██████████████░░░░
2026-10-05 23:55:10  Boss coins 2454    Anúncios: loja ✓  treino ✓
2026-10-05 23:55:10  desde o arranque (0h02) · saldo +0 boss coins · loja 2 vídeo(s) · treino 0 vídeo(s) · 0 recolhido(s) · 0 posto(s) a treinar
2026-10-05 23:55:10  ──────────────────────────────────────────────────────────────────
2026-10-05 23:55:10  [90m23:49:44 [1] FC Van: 0 pronto(s) a recolher[0m
2026-10-05 23:55:10  [90m23:49:47 [0] Real Betis: 0 treino(s) a pôr[0m
2026-10-05 23:55:10  [90m23:49:47 [1] FC Van: 0 treino(s) a pôr[0m
2026-10-05 23:55:10  [90m23:50:03 Anuncios da loja: video 1 visto.[0m
2026-10-05 23:55:10  [90m23:51:21 Anuncios da loja: video 2 visto.[0m
2026-10-05 23:55:10  Ctrl+C para parar
2026-10-05 23:55:10  [H[J OSMbot · A TRABALHAR · Windows                           23:51:43
2026-10-05 23:55:10  ──────────────────────────────────────────────────────────────────
2026-10-05 23:55:10  À espera  treino acaba 01:48 (em 1h56)
2026-10-05 23:55:10  [32m REAL BETIS   1.º Spain   jogo em 21h17   slots 4/4[0m
2026-10-05 23:55:10  Haaland        ATA    3h56  █████████░░░░░░░░░
2026-10-05 23:55:10  de Jong        MED    3h56  █████████░░░░░░░░░
2026-10-05 23:55:10  Gabriel        DEF    3h56  █████████░░░░░░░░░
2026-10-05 23:55:10  Donnarumma     GR     3h56  █████████░░░░░░░░░
2026-10-05 23:55:10  [32m FC VAN   4.º Armenia   jogo em 18h45   slots 4/4[0m
2026-10-05 23:55:10  Knauff         ATA    1h56  ██████████████░░░░
2026-10-05 23:55:10  K. Koné        MED    3h56  █████████░░░░░░░░░
2026-10-05 23:55:10  Mendes         DEF    3h56  █████████░░░░░░░░░
2026-10-05 23:55:10  Livakovic      GR     1h56  ██████████████░░░░
2026-10-05 23:55:10  Boss coins 2454    Anúncios: loja ✓  treino ✓
2026-10-05 23:55:10  desde o arranque (0h02) · saldo +0 boss coins · loja 2 vídeo(s) · treino 0 vídeo(s) · 0 recolhido(s) · 0 posto(s) a treinar
2026-10-05 23:55:10  ──────────────────────────────────────────────────────────────────
2026-10-05 23:55:10  [90m23:49:44 [1] FC Van: 0 pronto(s) a recolher[0m
2026-10-05 23:55:10  [90m23:49:47 [0] Real Betis: 0 treino(s) a pôr[0m
2026-10-05 23:55:10  [90m23:49:47 [1] FC Van: 0 treino(s) a pôr[0m
2026-10-05 23:55:10  [90m23:50:03 Anuncios da loja: video 1 visto.[0m
2026-10-05 23:55:10  [90m23:51:21 Anuncios da loja: video 2 visto.[0m
2026-10-05 23:55:10  Ctrl+C para parar
2026-10-05 23:55:10  [H[J OSMbot · A TRABALHAR · Windows                           23:51:44
2026-10-05 23:55:10  ──────────────────────────────────────────────────────────────────
2026-10-05 23:55:10  À espera  treino acaba 01:48 (em 1h56)
2026-10-05 23:55:10  [32m REAL BETIS   1.º Spain   jogo em 21h17   slots 4/4[0m
2026-10-05 23:55:10  Haaland        ATA    3h56  █████████░░░░░░░░░
2026-10-05 23:55:10  de Jong        MED    3h56  █████████░░░░░░░░░
2026-10-05 23:55:10  Gabriel        DEF    3h56  █████████░░░░░░░░░
2026-10-05 23:55:10  Donnarumma     GR     3h56  █████████░░░░░░░░░
2026-10-05 23:55:10  [32m FC VAN   4.º Armenia   jogo em 18h45   slots 4/4[0m
2026-10-05 23:55:10  Knauff         ATA    1h56  ██████████████░░░░
2026-10-05 23:55:10  K. Koné        MED    3h56  █████████░░░░░░░░░
2026-10-05 23:55:10  Mendes         DEF    3h56  █████████░░░░░░░░░
2026-10-05 23:55:10  Livakovic      GR     1h56  ██████████████░░░░
2026-10-05 23:55:10  Boss coins 2454    Anúncios: loja ✓  treino ✓
2026-10-05 23:55:10  desde o arranque (0h02) · saldo +0 boss coins · loja 2 vídeo(s) · treino 0 vídeo(s) · 0 recolhido(s) · 0 posto(s) a treinar
2026-10-05 23:55:10  ──────────────────────────────────────────────────────────────────
2026-10-05 23:55:10  [90m23:49:44 [1] FC Van: 0 pronto(s) a recolher[0m
2026-10-05 23:55:10  [90m23:49:47 [0] Real Betis: 0 treino(s) a pôr[0m
2026-10-05 23:55:10  [90m23:49:47 [1] FC Van: 0 treino(s) a pôr[0m
2026-10-05 23:55:10  [90m23:50:03 Anuncios da loja: video 1 visto.[0m
2026-10-05 23:55:10  [90m23:51:21 Anuncios da loja: video 2 visto.[0m
2026-10-05 23:55:10  Ctrl+C para parar
2026-10-05 23:55:10  [H[J OSMbot · A TRABALHAR · Windows                           23:51:45
2026-10-05 23:55:10  ──────────────────────────────────────────────────────────────────
2026-10-05 23:55:10  À espera  treino acaba 01:48 (em 1h56)
2026-10-05 23:55:10  [32m REAL BETIS   1.º Spain   jogo em 21h17   slots 4/4[0m
2026-10-05 23:55:10  Haaland        ATA    3h56  █████████░░░░░░░░░
2026-10-05 23:55:10  de Jong        MED    3h56  █████████░░░░░░░░░
2026-10-05 23:55:10  Gabriel        DEF    3h56  █████████░░░░░░░░░
2026-10-05 23:55:10  Donnarumma     GR     3h56  █████████░░░░░░░░░
2026-10-05 23:55:10  [32m FC VAN   4.º Armenia   jogo em 18h45   slots 4/4[0m
2026-10-05 23:55:10  Knauff         ATA    1h56  ██████████████░░░░
2026-10-05 23:55:10  K. Koné        MED    3h56  █████████░░░░░░░░░
2026-10-05 23:55:10  Mendes         DEF    3h56  █████████░░░░░░░░░
2026-10-05 23:55:10  Livakovic      GR     1h56  ██████████████░░░░
2026-10-05 23:55:10  Boss coins 2454    Anúncios: loja ✓  treino ✓
2026-10-05 23:55:10  desde o arranque (0h02) · saldo +0 boss coins · loja 2 vídeo(s) · treino 0 vídeo(s) · 0 recolhido(s) · 0 posto(s) a treinar
2026-10-05 23:55:10  ──────────────────────────────────────────────────────────────────
2026-10-05 23:55:10  [90m23:49:44 [1] FC Van: 0 pronto(s) a recolher[0m
2026-10-05 23:55:10  [90m23:49:47 [0] Real Betis: 0 treino(s) a pôr[0m
2026-10-05 23:55:10  [90m23:49:47 [1] FC Van: 0 treino(s) a pôr[0m
2026-10-05 23:55:10  [90m23:50:03 Anuncios da loja: video 1 visto.[0m
2026-10-05 23:55:10  [90m23:51:21 Anuncios da loja: video 2 visto.[0m
2026-10-05 23:55:10  Ctrl+C para parar
2026-10-05 23:55:10  [H[J OSMbot · A TRABALHAR · Windows                           23:51:46
2026-10-05 23:55:10  ──────────────────────────────────────────────────────────────────
2026-10-05 23:55:10  À espera  treino acaba 01:48 (em 1h56)
2026-10-05 23:55:10  [32m REAL BETIS   1.º Spain   jogo em 21h17   slots 4/4[0m
2026-10-05 23:55:10  Haaland        ATA    3h56  █████████░░░░░░░░░
2026-10-05 23:55:10  de Jong        MED    3h56  █████████░░░░░░░░░
2026-10-05 23:55:10  Gabriel        DEF    3h56  █████████░░░░░░░░░
2026-10-05 23:55:10  Donnarumma     GR     3h56  █████████░░░░░░░░░
2026-10-05 23:55:10  [32m FC VAN   4.º Armenia   jogo em 18h45   slots 4/4[0m
2026-10-05 23:55:10  Knauff         ATA    1h56  ██████████████░░░░
2026-10-05 23:55:10  K. Koné        MED    3h56  █████████░░░░░░░░░
2026-10-05 23:55:10  Mendes         DEF    3h56  █████████░░░░░░░░░
2026-10-05 23:55:10  Livakovic      GR     1h56  ██████████████░░░░
2026-10-05 23:55:10  Boss coins 2454    Anúncios: loja ✓  treino ✓
2026-10-05 23:55:10  desde o arranque (0h02) · saldo +0 boss coins · loja 2 vídeo(s) · treino 0 vídeo(s) · 0 recolhido(s) · 0 posto(s) a treinar
2026-10-05 23:55:10  ──────────────────────────────────────────────────────────────────
2026-10-05 23:55:10  [90m23:49:44 [1] FC Van: 0 pronto(s) a recolher[0m
2026-10-05 23:55:10  [90m23:49:47 [0] Real Betis: 0 treino(s) a pôr[0m
2026-10-05 23:55:10  [90m23:49:47 [1] FC Van: 0 treino(s) a pôr[0m
2026-10-05 23:55:10  [90m23:50:03 Anuncios da loja: video 1 visto.[0m
2026-10-05 23:55:10  [90m23:51:21 Anuncios da loja: video 2 visto.[0m
2026-10-05 23:55:10  Ctrl+C para parar
2026-10-05 23:55:10  [H[J OSMbot · A TRABALHAR · Windows                           23:51:47
2026-10-05 23:55:10  ──────────────────────────────────────────────────────────────────
2026-10-05 23:55:10  À espera  treino acaba 01:48 (em 1h56)
2026-10-05 23:55:10  [32m REAL BETIS   1.º Spain   jogo em 21h17   slots 4/4[0m
2026-10-05 23:55:10  Haaland        ATA    3h56  █████████░░░░░░░░░
2026-10-05 23:55:10  de Jong        MED    3h56  █████████░░░░░░░░░
2026-10-05 23:55:10  Gabriel        DEF    3h56  █████████░░░░░░░░░
2026-10-05 23:55:10  Donnarumma     GR     3h56  █████████░░░░░░░░░
2026-10-05 23:55:10  [32m FC VAN   4.º Armenia   jogo em 18h45   slots 4/4[0m
2026-10-05 23:55:10  Knauff         ATA    1h56  ██████████████░░░░
2026-10-05 23:55:10  K. Koné        MED    3h56  █████████░░░░░░░░░
2026-10-05 23:55:10  Mendes         DEF    3h56  █████████░░░░░░░░░
2026-10-05 23:55:10  Livakovic      GR     1h56  ██████████████░░░░
2026-10-05 23:55:10  Boss coins 2454    Anúncios: loja ✓  treino ✓
2026-10-05 23:55:10  desde o arranque (0h02) · saldo +0 boss coins · loja 2 vídeo(s) · treino 0 vídeo(s) · 0 recolhido(s) · 0 posto(s) a treinar
2026-10-05 23:55:10  ──────────────────────────────────────────────────────────────────
2026-10-05 23:55:10  [90m23:49:44 [1] FC Van: 0 pronto(s) a recolher[0m
2026-10-05 23:55:10  [90m23:49:47 [0] Real Betis: 0 treino(s) a pôr[0m
2026-10-05 23:55:10  [90m23:49:47 [1] FC Van: 0 treino(s) a pôr[0m
2026-10-05 23:55:10  [90m23:50:03 Anuncios da loja: video 1 visto.[0m
2026-10-05 23:55:10  [90m23:51:21 Anuncios da loja: video 2 visto.[0m
2026-10-05 23:55:10  Ctrl+C para parar
2026-10-05 23:55:10  [H[J OSMbot · A TRABALHAR · Windows                           23:51:48
2026-10-05 23:55:10  ──────────────────────────────────────────────────────────────────
2026-10-05 23:55:10  À espera  treino acaba 01:48 (em 1h56)
2026-10-05 23:55:10  [32m REAL BETIS   1.º Spain   jogo em 21h17   slots 4/4[0m
2026-10-05 23:55:10  Haaland        ATA    3h56  █████████░░░░░░░░░
2026-10-05 23:55:10  de Jong        MED    3h56  █████████░░░░░░░░░
2026-10-05 23:55:10  Gabriel        DEF    3h56  █████████░░░░░░░░░
2026-10-05 23:55:10  Donnarumma     GR     3h56  █████████░░░░░░░░░
2026-10-05 23:55:10  [32m FC VAN   4.º Armenia   jogo em 18h44   slots 4/4[0m
2026-10-05 23:55:10  Knauff         ATA    1h56  ██████████████░░░░
2026-10-05 23:55:10  K. Koné        MED    3h56  █████████░░░░░░░░░
2026-10-05 23:55:10  Mendes         DEF    3h56  █████████░░░░░░░░░
2026-10-05 23:55:10  Livakovic      GR     1h56  ██████████████░░░░
2026-10-05 23:55:10  Boss coins 2454    Anúncios: loja ✓  treino ✓
2026-10-05 23:55:10  desde o arranque (0h02) · saldo +0 boss coins · loja 2 vídeo(s) · treino 0 vídeo(s) · 0 recolhido(s) · 0 posto(s) a treinar
2026-10-05 23:55:10  ──────────────────────────────────────────────────────────────────
2026-10-05 23:55:10  [90m23:49:44 [1] FC Van: 0 pronto(s) a recolher[0m
2026-10-05 23:55:10  [90m23:49:47 [0] Real Betis: 0 treino(s) a pôr[0m
2026-10-05 23:55:10  [90m23:49:47 [1] FC Van: 0 treino(s) a pôr[0m
2026-10-05 23:55:10  [90m23:50:03 Anuncios da loja: video 1 visto.[0m
2026-10-05 23:55:10  [90m23:51:21 Anuncios da loja: video 2 visto.[0m
2026-10-05 23:55:10  Ctrl+C para parar
2026-10-05 23:55:10  [H[J OSMbot · A TRABALHAR · Windows                           23:51:49
2026-10-05 23:55:10  ──────────────────────────────────────────────────────────────────
2026-10-05 23:55:10  À espera  treino acaba 01:48 (em 1h56)
2026-10-05 23:55:10  [32m REAL BETIS   1.º Spain   jogo em 21h17   slots 4/4[0m
2026-10-05 23:55:10  Haaland        ATA    3h56  █████████░░░░░░░░░
2026-10-05 23:55:10  de Jong        MED    3h56  █████████░░░░░░░░░
2026-10-05 23:55:10  Gabriel        DEF    3h56  █████████░░░░░░░░░
2026-10-05 23:55:10  Donnarumma     GR     3h56  █████████░░░░░░░░░
2026-10-05 23:55:10  [32m FC VAN   4.º Armenia   jogo em 18h44   slots 4/4[0m
2026-10-05 23:55:10  Knauff         ATA    1h56  ██████████████░░░░
2026-10-05 23:55:10  K. Koné        MED    3h56  █████████░░░░░░░░░
2026-10-05 23:55:10  Mendes         DEF    3h56  █████████░░░░░░░░░
2026-10-05 23:55:10  Livakovic      GR     1h56  ██████████████░░░░
2026-10-05 23:55:10  Boss coins 2454    Anúncios: loja ✓  treino ✓
2026-10-05 23:55:10  desde o arranque (0h02) · saldo +0 boss coins · loja 2 vídeo(s) · treino 0 vídeo(s) · 0 recolhido(s) · 0 posto(s) a treinar
2026-10-05 23:55:10  ──────────────────────────────────────────────────────────────────
2026-10-05 23:55:10  [90m23:49:44 [1] FC Van: 0 pronto(s) a recolher[0m
2026-10-05 23:55:10  [90m23:49:47 [0] Real Betis: 0 treino(s) a pôr[0m
2026-10-05 23:55:10  [90m23:49:47 [1] FC Van: 0 treino(s) a pôr[0m
2026-10-05 23:55:10  [90m23:50:03 Anuncios da loja: video 1 visto.[0m
2026-10-05 23:55:10  [90m23:51:21 Anuncios da loja: video 2 visto.[0m
2026-10-05 23:55:10  Ctrl+C para parar
2026-10-05 23:55:10  [H[J OSMbot · A TRABALHAR · Windows                           23:51:50
2026-10-05 23:55:10  ──────────────────────────────────────────────────────────────────
2026-10-05 23:55:10  À espera  treino acaba 01:48 (em 1h56)
2026-10-05 23:55:10  [32m REAL BETIS   1.º Spain   jogo em 21h17   slots 4/4[0m
2026-10-05 23:55:10  Haaland        ATA    3h56  █████████░░░░░░░░░
2026-10-05 23:55:10  de Jong        MED    3h56  █████████░░░░░░░░░
2026-10-05 23:55:10  Gabriel        DEF    3h56  █████████░░░░░░░░░
2026-10-05 23:55:10  Donnarumma     GR     3h56  █████████░░░░░░░░░
2026-10-05 23:55:10  [32m FC VAN   4.º Armenia   jogo em 18h44   slots 4/4[0m
2026-10-05 23:55:10  Knauff         ATA    1h56  ██████████████░░░░
2026-10-05 23:55:10  K. Koné        MED    3h56  █████████░░░░░░░░░
2026-10-05 23:55:10  Mendes         DEF    3h56  █████████░░░░░░░░░
2026-10-05 23:55:10  Livakovic      GR     1h56  ██████████████░░░░
2026-10-05 23:55:10  Boss coins 2454    Anúncios: loja ✓  treino ✓
2026-10-05 23:55:10  desde o arranque (0h02) · saldo +0 boss coins · loja 2 vídeo(s) · treino 0 vídeo(s) · 0 recolhido(s) · 0 posto(s) a treinar
2026-10-05 23:55:10  ──────────────────────────────────────────────────────────────────
2026-10-05 23:55:10  [90m23:49:44 [1] FC Van: 0 pronto(s) a recolher[0m
2026-10-05 23:55:10  [90m23:49:47 [0] Real Betis: 0 treino(s) a pôr[0m
2026-10-05 23:55:10  [90m23:49:47 [1] FC Van: 0 treino(s) a pôr[0m
2026-10-05 23:55:10  [90m23:50:03 Anuncios da loja: video 1 visto.[0m
2026-10-05 23:55:10  [90m23:51:21 Anuncios da loja: video 2 visto.[0m
2026-10-05 23:55:10  Ctrl+C para parar
2026-10-05 23:55:10  [H[J OSMbot · A TRABALHAR · Windows                           23:51:51
2026-10-05 23:55:10  ──────────────────────────────────────────────────────────────────
2026-10-05 23:55:10  À espera  treino acaba 01:48 (em 1h56)
2026-10-05 23:55:10  [32m REAL BETIS   1.º Spain   jogo em 21h17   slots 4/4[0m
2026-10-05 23:55:10  Haaland        ATA    3h56  █████████░░░░░░░░░
2026-10-05 23:55:10  de Jong        MED    3h56  █████████░░░░░░░░░
2026-10-05 23:55:10  Gabriel        DEF    3h56  █████████░░░░░░░░░
2026-10-05 23:55:10  Donnarumma     GR     3h56  █████████░░░░░░░░░
2026-10-05 23:55:10  [32m FC VAN   4.º Armenia   jogo em 18h44   slots 4/4[0m
2026-10-05 23:55:10  Knauff         ATA    1h56  ██████████████░░░░
2026-10-05 23:55:10  K. Koné        MED    3h56  █████████░░░░░░░░░
2026-10-05 23:55:10  Mendes         DEF    3h56  █████████░░░░░░░░░
2026-10-05 23:55:10  Livakovic      GR     1h56  ██████████████░░░░
2026-10-05 23:55:10  Boss coins 2454    Anúncios: loja ✓  treino ✓
2026-10-05 23:55:10  desde o arranque (0h02) · saldo +0 boss coins · loja 2 vídeo(s) · treino 0 vídeo(s) · 0 recolhido(s) · 0 posto(s) a treinar
2026-10-05 23:55:10  ──────────────────────────────────────────────────────────────────
2026-10-05 23:55:10  [90m23:49:44 [1] FC Van: 0 pronto(s) a recolher[0m
2026-10-05 23:55:10  [90m23:49:47 [0] Real Betis: 0 treino(s) a pôr[0m
2026-10-05 23:55:10  [90m23:49:47 [1] FC Van: 0 treino(s) a pôr[0m
2026-10-05 23:55:10  [90m23:50:03 Anuncios da loja: video 1 visto.[0m
2026-10-05 23:55:10  [90m23:51:21 Anuncios da loja: video 2 visto.[0m
2026-10-05 23:55:10  Ctrl+C para parar
2026-10-05 23:55:10  [H[J OSMbot · A TRABALHAR · Windows                           23:51:52
2026-10-05 23:55:10  ──────────────────────────────────────────────────────────────────
2026-10-05 23:55:10  À espera  treino acaba 01:48 (em 1h56)
2026-10-05 23:55:10  [32m REAL BETIS   1.º Spain   jogo em 21h17   slots 4/4[0m
2026-10-05 23:55:10  Haaland        ATA    3h56  █████████░░░░░░░░░
2026-10-05 23:55:10  de Jong        MED    3h56  █████████░░░░░░░░░
2026-10-05 23:55:10  Gabriel        DEF    3h56  █████████░░░░░░░░░
2026-10-05 23:55:10  Donnarumma     GR     3h56  █████████░░░░░░░░░
2026-10-05 23:55:10  [32m FC VAN   4.º Armenia   jogo em 18h44   slots 4/4[0m
2026-10-05 23:55:10  Knauff         ATA    1h56  ██████████████░░░░
2026-10-05 23:55:10  K. Koné        MED    3h56  █████████░░░░░░░░░
2026-10-05 23:55:10  Mendes         DEF    3h56  █████████░░░░░░░░░
2026-10-05 23:55:10  Livakovic      GR     1h56  ██████████████░░░░
2026-10-05 23:55:10  Boss coins 2454    Anúncios: loja ✓  treino ✓
2026-10-05 23:55:10  desde o arranque (0h02) · saldo +0 boss coins · loja 2 vídeo(s) · treino 0 vídeo(s) · 0 recolhido(s) · 0 posto(s) a treinar
2026-10-05 23:55:10  ──────────────────────────────────────────────────────────────────
2026-10-05 23:55:10  [90m23:49:44 [1] FC Van: 0 pronto(s) a recolher[0m
2026-10-05 23:55:10  [90m23:49:47 [0] Real Betis: 0 treino(s) a pôr[0m
2026-10-05 23:55:10  [90m23:49:47 [1] FC Van: 0 treino(s) a pôr[0m
2026-10-05 23:55:10  [90m23:50:03 Anuncios da loja: video 1 visto.[0m
2026-10-05 23:55:10  [90m23:51:21 Anuncios da loja: video 2 visto.[0m
2026-10-05 23:55:10  Ctrl+C para parar
2026-10-05 23:55:10  [H[J OSMbot · A TRABALHAR · Windows                           23:51:53
2026-10-05 23:55:10  ──────────────────────────────────────────────────────────────────
2026-10-05 23:55:10  À espera  treino acaba 01:48 (em 1h56)
2026-10-05 23:55:10  [32m REAL BETIS   1.º Spain   jogo em 21h17   slots 4/4[0m
2026-10-05 23:55:10  Haaland        ATA    3h55  █████████░░░░░░░░░
2026-10-05 23:55:10  de Jong        MED    3h56  █████████░░░░░░░░░
2026-10-05 23:55:10  Gabriel        DEF    3h56  █████████░░░░░░░░░
2026-10-05 23:55:10  Donnarumma     GR     3h56  █████████░░░░░░░░░
2026-10-05 23:55:10  [32m FC VAN   4.º Armenia   jogo em 18h44   slots 4/4[0m
2026-10-05 23:55:10  Knauff         ATA    1h56  ██████████████░░░░
2026-10-05 23:55:10  K. Koné        MED    3h56  █████████░░░░░░░░░
2026-10-05 23:55:10  Mendes         DEF    3h56  █████████░░░░░░░░░
2026-10-05 23:55:10  Livakovic      GR     1h56  ██████████████░░░░
2026-10-05 23:55:10  Boss coins 2454    Anúncios: loja ✓  treino ✓
2026-10-05 23:55:10  desde o arranque (0h02) · saldo +0 boss coins · loja 2 vídeo(s) · treino 0 vídeo(s) · 0 recolhido(s) · 0 posto(s) a treinar
2026-10-05 23:55:10  ──────────────────────────────────────────────────────────────────
2026-10-05 23:55:10  [90m23:49:44 [1] FC Van: 0 pronto(s) a recolher[0m
2026-10-05 23:55:10  [90m23:49:47 [0] Real Betis: 0 treino(s) a pôr[0m
2026-10-05 23:55:10  [90m23:49:47 [1] FC Van: 0 treino(s) a pôr[0m
2026-10-05 23:55:10  [90m23:50:03 Anuncios da loja: video 1 visto.[0m
2026-10-05 23:55:10  [90m23:51:21 Anuncios da loja: video 2 visto.[0m
2026-10-05 23:55:10  Ctrl+C para parar
2026-10-05 23:55:10  [H[J OSMbot · A TRABALHAR · Windows                           23:51:54
2026-10-05 23:55:10  ──────────────────────────────────────────────────────────────────
2026-10-05 23:55:10  À espera  treino acaba 01:48 (em 1h56)
2026-10-05 23:55:10  [32m REAL BETIS   1.º Spain   jogo em 21h17   slots 4/4[0m
2026-10-05 23:55:10  Haaland        ATA    3h55  █████████░░░░░░░░░
2026-10-05 23:55:10  de Jong        MED    3h56  █████████░░░░░░░░░
2026-10-05 23:55:10  Gabriel        DEF    3h56  █████████░░░░░░░░░
2026-10-05 23:55:10  Donnarumma     GR     3h56  █████████░░░░░░░░░
2026-10-05 23:55:10  [32m FC VAN   4.º Armenia   jogo em 18h44   slots 4/4[0m
2026-10-05 23:55:10  Knauff         ATA    1h56  ██████████████░░░░
2026-10-05 23:55:10  K. Koné        MED    3h56  █████████░░░░░░░░░
2026-10-05 23:55:10  Mendes         DEF    3h56  █████████░░░░░░░░░
2026-10-05 23:55:10  Livakovic      GR     1h56  ██████████████░░░░
2026-10-05 23:55:10  Boss coins 2454    Anúncios: loja ✓  treino ✓
2026-10-05 23:55:10  desde o arranque (0h02) · saldo +0 boss coins · loja 2 vídeo(s) · treino 0 vídeo(s) · 0 recolhido(s) · 0 posto(s) a treinar
2026-10-05 23:55:10  ──────────────────────────────────────────────────────────────────
2026-10-05 23:55:10  [90m23:49:44 [1] FC Van: 0 pronto(s) a recolher[0m
2026-10-05 23:55:10  [90m23:49:47 [0] Real Betis: 0 treino(s) a pôr[0m
2026-10-05 23:55:10  [90m23:49:47 [1] FC Van: 0 treino(s) a pôr[0m
2026-10-05 23:55:10  [90m23:50:03 Anuncios da loja: video 1 visto.[0m
2026-10-05 23:55:10  [90m23:51:21 Anuncios da loja: video 2 visto.[0m
2026-10-05 23:55:10  Ctrl+C para parar
2026-10-05 23:55:10  [H[J OSMbot · A TRABALHAR · Windows                           23:51:55
2026-10-05 23:55:10  ──────────────────────────────────────────────────────────────────
2026-10-05 23:55:10  À espera  treino acaba 01:48 (em 1h56)
2026-10-05 23:55:10  [32m REAL BETIS   1.º Spain   jogo em 21h17   slots 4/4[0m
2026-10-05 23:55:10  Haaland        ATA    3h55  █████████░░░░░░░░░
2026-10-05 23:55:10  de Jong        MED    3h55  █████████░░░░░░░░░
2026-10-05 23:55:10  Gabriel        DEF    3h56  █████████░░░░░░░░░
2026-10-05 23:55:10  Donnarumma     GR     3h56  █████████░░░░░░░░░
2026-10-05 23:55:10  [32m FC VAN   4.º Armenia   jogo em 18h44   slots 4/4[0m
2026-10-05 23:55:10  Knauff         ATA    1h56  ██████████████░░░░
2026-10-05 23:55:10  K. Koné        MED    3h56  █████████░░░░░░░░░
2026-10-05 23:55:10  Mendes         DEF    3h56  █████████░░░░░░░░░
2026-10-05 23:55:10  Livakovic      GR     1h56  ██████████████░░░░
2026-10-05 23:55:10  Boss coins 2454    Anúncios: loja ✓  treino ✓
2026-10-05 23:55:10  desde o arranque (0h02) · saldo +0 boss coins · loja 2 vídeo(s) · treino 0 vídeo(s) · 0 recolhido(s) · 0 posto(s) a treinar
2026-10-05 23:55:10  ──────────────────────────────────────────────────────────────────
2026-10-05 23:55:10  [90m23:49:44 [1] FC Van: 0 pronto(s) a recolher[0m
2026-10-05 23:55:10  [90m23:49:47 [0] Real Betis: 0 treino(s) a pôr[0m
2026-10-05 23:55:10  [90m23:49:47 [1] FC Van: 0 treino(s) a pôr[0m
2026-10-05 23:55:10  [90m23:50:03 Anuncios da loja: video 1 visto.[0m
2026-10-05 23:55:10  [90m23:51:21 Anuncios da loja: video 2 visto.[0m
2026-10-05 23:55:10  Ctrl+C para parar
2026-10-05 23:55:10  [H[J OSMbot · A TRABALHAR · Windows                           23:51:56
2026-10-05 23:55:10  ──────────────────────────────────────────────────────────────────
2026-10-05 23:55:10  À espera  treino acaba 01:48 (em 1h56)
2026-10-05 23:55:10  [32m REAL BETIS   1.º Spain   jogo em 21h17   slots 4/4[0m
2026-10-05 23:55:10  Haaland        ATA    3h55  █████████░░░░░░░░░
2026-10-05 23:55:10  de Jong        MED    3h55  █████████░░░░░░░░░
2026-10-05 23:55:10  Gabriel        DEF    3h56  █████████░░░░░░░░░
2026-10-05 23:55:10  Donnarumma     GR     3h56  █████████░░░░░░░░░
2026-10-05 23:55:10  [32m FC VAN   4.º Armenia   jogo em 18h44   slots 4/4[0m
2026-10-05 23:55:10  Knauff         ATA    1h56  ██████████████░░░░
2026-10-05 23:55:10  K. Koné        MED    3h56  █████████░░░░░░░░░
2026-10-05 23:55:10  Mendes         DEF    3h56  █████████░░░░░░░░░
2026-10-05 23:55:10  Livakovic      GR     1h56  ██████████████░░░░
2026-10-05 23:55:10  Boss coins 2454    Anúncios: loja ✓  treino ✓
2026-10-05 23:55:10  desde o arranque (0h02) · saldo +0 boss coins · loja 2 vídeo(s) · treino 0 vídeo(s) · 0 recolhido(s) · 0 posto(s) a treinar
2026-10-05 23:55:10  ──────────────────────────────────────────────────────────────────
2026-10-05 23:55:10  [90m23:49:44 [1] FC Van: 0 pronto(s) a recolher[0m
2026-10-05 23:55:10  [90m23:49:47 [0] Real Betis: 0 treino(s) a pôr[0m
2026-10-05 23:55:10  [90m23:49:47 [1] FC Van: 0 treino(s) a pôr[0m
2026-10-05 23:55:10  [90m23:50:03 Anuncios da loja: video 1 visto.[0m
2026-10-05 23:55:10  [90m23:51:21 Anuncios da loja: video 2 visto.[0m
2026-10-05 23:55:10  Ctrl+C para parar
2026-10-05 23:55:10  [H[J OSMbot · A TRABALHAR · Windows                           23:51:57
2026-10-05 23:55:10  ──────────────────────────────────────────────────────────────────
2026-10-05 23:55:10  À espera  treino acaba 01:48 (em 1h56)
2026-10-05 23:55:10  [32m REAL BETIS   1.º Spain   jogo em 21h17   slots 4/4[0m
2026-10-05 23:55:10  Haaland        ATA    3h55  █████████░░░░░░░░░
2026-10-05 23:55:10  de Jong        MED    3h55  █████████░░░░░░░░░
2026-10-05 23:55:10  Gabriel        DEF    3h55  █████████░░░░░░░░░
2026-10-05 23:55:10  Donnarumma     GR     3h56  █████████░░░░░░░░░
2026-10-05 23:55:10  [32m FC VAN   4.º Armenia   jogo em 18h44   slots 4/4[0m
2026-10-05 23:55:10  Knauff         ATA    1h56  ██████████████░░░░
2026-10-05 23:55:10  K. Koné        MED    3h56  █████████░░░░░░░░░
2026-10-05 23:55:10  Mendes         DEF    3h56  █████████░░░░░░░░░
2026-10-05 23:55:10  Livakovic      GR     1h56  ██████████████░░░░
2026-10-05 23:55:10  Boss coins 2454    Anúncios: loja ✓  treino ✓
2026-10-05 23:55:10  desde o arranque (0h02) · saldo +0 boss coins · loja 2 vídeo(s) · treino 0 vídeo(s) · 0 recolhido(s) · 0 posto(s) a treinar
2026-10-05 23:55:10  ──────────────────────────────────────────────────────────────────
2026-10-05 23:55:10  [90m23:49:44 [1] FC Van: 0 pronto(s) a recolher[0m
2026-10-05 23:55:10  [90m23:49:47 [0] Real Betis: 0 treino(s) a pôr[0m
2026-10-05 23:55:10  [90m23:49:47 [1] FC Van: 0 treino(s) a pôr[0m
2026-10-05 23:55:10  [90m23:50:03 Anuncios da loja: video 1 visto.[0m
2026-10-05 23:55:10  [90m23:51:21 Anuncios da loja: video 2 visto.[0m
2026-10-05 23:55:10  Ctrl+C para parar
2026-10-05 23:55:10  [H[J OSMbot · A TRABALHAR · Windows                           23:51:58
2026-10-05 23:55:10  ──────────────────────────────────────────────────────────────────
2026-10-05 23:55:10  À espera  treino acaba 01:48 (em 1h56)
2026-10-05 23:55:10  [32m REAL BETIS   1.º Spain   jogo em 21h17   slots 4/4[0m
2026-10-05 23:55:10  Haaland        ATA    3h55  █████████░░░░░░░░░
2026-10-05 23:55:10  de Jong        MED    3h55  █████████░░░░░░░░░
2026-10-05 23:55:10  Gabriel        DEF    3h55  █████████░░░░░░░░░
2026-10-05 23:55:10  Donnarumma     GR     3h56  █████████░░░░░░░░░
2026-10-05 23:55:10  [32m FC VAN   4.º Armenia   jogo em 18h44   slots 4/4[0m
2026-10-05 23:55:10  Knauff         ATA    1h56  ██████████████░░░░
2026-10-05 23:55:10  K. Koné        MED    3h56  █████████░░░░░░░░░
2026-10-05 23:55:10  Mendes         DEF    3h56  █████████░░░░░░░░░
2026-10-05 23:55:10  Livakovic      GR     1h56  ██████████████░░░░
2026-10-05 23:55:10  Boss coins 2454    Anúncios: loja ✓  treino ✓
2026-10-05 23:55:10  desde o arranque (0h02) · saldo +0 boss coins · loja 2 vídeo(s) · treino 0 vídeo(s) · 0 recolhido(s) · 0 posto(s) a treinar
2026-10-05 23:55:10  ──────────────────────────────────────────────────────────────────
2026-10-05 23:55:10  [90m23:49:44 [1] FC Van: 0 pronto(s) a recolher[0m
2026-10-05 23:55:10  [90m23:49:47 [0] Real Betis: 0 treino(s) a pôr[0m
2026-10-05 23:55:10  [90m23:49:47 [1] FC Van: 0 treino(s) a pôr[0m
2026-10-05 23:55:10  [90m23:50:03 Anuncios da loja: video 1 visto.[0m
2026-10-05 23:55:10  [90m23:51:21 Anuncios da loja: video 2 visto.[0m
2026-10-05 23:55:10  Ctrl+C para parar
2026-10-05 23:55:10  [H[J OSMbot · A TRABALHAR · Windows                           23:51:59
2026-10-05 23:55:10  ──────────────────────────────────────────────────────────────────
2026-10-05 23:55:10  À espera  treino acaba 01:48 (em 1h56)
2026-10-05 23:55:10  [32m REAL BETIS   1.º Spain   jogo em 21h17   slots 4/4[0m
2026-10-05 23:55:10  Haaland        ATA    3h55  █████████░░░░░░░░░
2026-10-05 23:55:10  de Jong        MED    3h55  █████████░░░░░░░░░
2026-10-05 23:55:10  Gabriel        DEF    3h55  █████████░░░░░░░░░
2026-10-05 23:55:10  Donnarumma     GR     3h55  █████████░░░░░░░░░
2026-10-05 23:55:10  [32m FC VAN   4.º Armenia   jogo em 18h44   slots 4/4[0m
2026-10-05 23:55:10  Knauff         ATA    1h56  ██████████████░░░░
2026-10-05 23:55:10  K. Koné        MED    3h56  █████████░░░░░░░░░
2026-10-05 23:55:10  Mendes         DEF    3h56  █████████░░░░░░░░░
2026-10-05 23:55:10  Livakovic      GR     1h56  ██████████████░░░░
2026-10-05 23:55:10  Boss coins 2454    Anúncios: loja ✓  treino ✓
2026-10-05 23:55:10  desde o arranque (0h02) · saldo +0 boss coins · loja 2 vídeo(s) · treino 0 vídeo(s) · 0 recolhido(s) · 0 posto(s) a treinar
2026-10-05 23:55:10  ──────────────────────────────────────────────────────────────────
2026-10-05 23:55:10  [90m23:49:44 [1] FC Van: 0 pronto(s) a recolher[0m
2026-10-05 23:55:10  [90m23:49:47 [0] Real Betis: 0 treino(s) a pôr[0m
2026-10-05 23:55:10  [90m23:49:47 [1] FC Van: 0 treino(s) a pôr[0m
2026-10-05 23:55:10  [90m23:50:03 Anuncios da loja: video 1 visto.[0m
2026-10-05 23:55:10  [90m23:51:21 Anuncios da loja: video 2 visto.[0m
2026-10-05 23:55:10  Ctrl+C para parar
2026-10-05 23:55:10  [H[J OSMbot · A TRABALHAR · Windows                           23:52:00
2026-10-05 23:55:10  ──────────────────────────────────────────────────────────────────
2026-10-05 23:55:10  À espera  treino acaba 01:48 (em 1h56)
2026-10-05 23:55:10  [32m REAL BETIS   1.º Spain   jogo em 21h17   slots 4/4[0m
2026-10-05 23:55:10  Haaland        ATA    3h55  █████████░░░░░░░░░
2026-10-05 23:55:10  de Jong        MED    3h55  █████████░░░░░░░░░
2026-10-05 23:55:10  Gabriel        DEF    3h55  █████████░░░░░░░░░
2026-10-05 23:55:10  Donnarumma     GR     3h55  █████████░░░░░░░░░
2026-10-05 23:55:10  [32m FC VAN   4.º Armenia   jogo em 18h44   slots 4/4[0m
2026-10-05 23:55:10  Knauff         ATA    1h56  ██████████████░░░░
2026-10-05 23:55:10  K. Koné        MED    3h56  █████████░░░░░░░░░
2026-10-05 23:55:10  Mendes         DEF    3h56  █████████░░░░░░░░░
2026-10-05 23:55:10  Livakovic      GR     1h56  ██████████████░░░░
2026-10-05 23:55:10  Boss coins 2454    Anúncios: loja ✓  treino ✓
2026-10-05 23:55:10  desde o arranque (0h02) · saldo +0 boss coins · loja 2 vídeo(s) · treino 0 vídeo(s) · 0 recolhido(s) · 0 posto(s) a treinar
2026-10-05 23:55:11  ──────────────────────────────────────────────────────────────────
2026-10-05 23:55:11  [90m23:49:44 [1] FC Van: 0 pronto(s) a recolher[0m
2026-10-05 23:55:11  [90m23:49:47 [0] Real Betis: 0 treino(s) a pôr[0m
2026-10-05 23:55:11  [90m23:49:47 [1] FC Van: 0 treino(s) a pôr[0m
2026-10-05 23:55:11  [90m23:50:03 Anuncios da loja: video 1 visto.[0m
2026-10-05 23:55:11  [90m23:51:21 Anuncios da loja: video 2 visto.[0m
2026-10-05 23:55:11  Ctrl+C para parar
2026-10-05 23:55:11  [H[J OSMbot · A TRABALHAR · Windows                           23:52:01
2026-10-05 23:55:11  ──────────────────────────────────────────────────────────────────
2026-10-05 23:55:11  À espera  treino acaba 01:48 (em 1h56)
2026-10-05 23:55:11  [32m REAL BETIS   1.º Spain   jogo em 21h17   slots 4/4[0m
2026-10-05 23:55:11  Haaland        ATA    3h55  █████████░░░░░░░░░
2026-10-05 23:55:11  de Jong        MED    3h55  █████████░░░░░░░░░
2026-10-05 23:55:11  Gabriel        DEF    3h55  █████████░░░░░░░░░
2026-10-05 23:55:11  Donnarumma     GR     3h55  █████████░░░░░░░░░
2026-10-05 23:55:11  [32m FC VAN   4.º Armenia   jogo em 18h44   slots 4/4[0m
2026-10-05 23:55:11  Knauff         ATA    1h56  ██████████████░░░░
2026-10-05 23:55:11  K. Koné        MED    3h56  █████████░░░░░░░░░
2026-10-05 23:55:11  Mendes         DEF    3h56  █████████░░░░░░░░░
2026-10-05 23:55:11  Livakovic      GR     1h56  ██████████████░░░░
2026-10-05 23:55:11  Boss coins 2454    Anúncios: loja ✓  treino ✓
2026-10-05 23:55:11  desde o arranque (0h02) · saldo +0 boss coins · loja 2 vídeo(s) · treino 0 vídeo(s) · 0 recolhido(s) · 0 posto(s) a treinar
2026-10-05 23:55:11  ──────────────────────────────────────────────────────────────────
2026-10-05 23:55:11  [90m23:49:44 [1] FC Van: 0 pronto(s) a recolher[0m
2026-10-05 23:55:11  [90m23:49:47 [0] Real Betis: 0 treino(s) a pôr[0m
2026-10-05 23:55:11  [90m23:49:47 [1] FC Van: 0 treino(s) a pôr[0m
2026-10-05 23:55:11  [90m23:50:03 Anuncios da loja: video 1 visto.[0m
2026-10-05 23:55:11  [90m23:51:21 Anuncios da loja: video 2 visto.[0m
2026-10-05 23:55:11  Ctrl+C para parar
2026-10-05 23:55:11  [H[J OSMbot · A TRABALHAR · Windows                           23:52:02
2026-10-05 23:55:11  ──────────────────────────────────────────────────────────────────
2026-10-05 23:55:11  À espera  treino acaba 01:48 (em 1h55)
2026-10-05 23:55:11  [32m REAL BETIS   1.º Spain   jogo em 21h17   slots 4/4[0m
2026-10-05 23:55:11  Haaland        ATA    3h55  █████████░░░░░░░░░
2026-10-05 23:55:11  de Jong        MED    3h55  █████████░░░░░░░░░
2026-10-05 23:55:11  Gabriel        DEF    3h55  █████████░░░░░░░░░
2026-10-05 23:55:11  Donnarumma     GR     3h55  █████████░░░░░░░░░
2026-10-05 23:55:11  [32m FC VAN   4.º Armenia   jogo em 18h44   slots 4/4[0m
2026-10-05 23:55:11  Knauff         ATA    1h55  ██████████████░░░░
2026-10-05 23:55:11  K. Koné        MED    3h56  █████████░░░░░░░░░
2026-10-05 23:55:11  Mendes         DEF    3h56  █████████░░░░░░░░░
2026-10-05 23:55:11  Livakovic      GR     1h56  ██████████████░░░░
2026-10-05 23:55:11  Boss coins 2454    Anúncios: loja ✓  treino ✓
2026-10-05 23:55:11  desde o arranque (0h02) · saldo +0 boss coins · loja 2 vídeo(s) · treino 0 vídeo(s) · 0 recolhido(s) · 0 posto(s) a treinar
2026-10-05 23:55:11  ──────────────────────────────────────────────────────────────────
2026-10-05 23:55:11  [90m23:49:44 [1] FC Van: 0 pronto(s) a recolher[0m
2026-10-05 23:55:11  [90m23:49:47 [0] Real Betis: 0 treino(s) a pôr[0m
2026-10-05 23:55:11  [90m23:49:47 [1] FC Van: 0 treino(s) a pôr[0m
2026-10-05 23:55:11  [90m23:50:03 Anuncios da loja: video 1 visto.[0m
2026-10-05 23:55:11  [90m23:51:21 Anuncios da loja: video 2 visto.[0m
2026-10-05 23:55:11  Ctrl+C para parar
2026-10-05 23:55:11  [H[J OSMbot · A TRABALHAR · Windows                           23:52:03
2026-10-05 23:55:11  ──────────────────────────────────────────────────────────────────
2026-10-05 23:55:11  À espera  treino acaba 01:48 (em 1h55)
2026-10-05 23:55:11  [32m REAL BETIS   1.º Spain   jogo em 21h17   slots 4/4[0m
2026-10-05 23:55:11  Haaland        ATA    3h55  █████████░░░░░░░░░
2026-10-05 23:55:11  de Jong        MED    3h55  █████████░░░░░░░░░
2026-10-05 23:55:11  Gabriel        DEF    3h55  █████████░░░░░░░░░
2026-10-05 23:55:11  Donnarumma     GR     3h55  █████████░░░░░░░░░
2026-10-05 23:55:11  [32m FC VAN   4.º Armenia   jogo em 18h44   slots 4/4[0m
2026-10-05 23:55:11  Knauff         ATA    1h55  ██████████████░░░░
2026-10-05 23:55:11  K. Koné        MED    3h56  █████████░░░░░░░░░
2026-10-05 23:55:11  Mendes         DEF    3h56  █████████░░░░░░░░░
2026-10-05 23:55:11  Livakovic      GR     1h56  ██████████████░░░░
2026-10-05 23:55:11  Boss coins 2454    Anúncios: loja ✓  treino ✓
2026-10-05 23:55:11  desde o arranque (0h02) · saldo +0 boss coins · loja 2 vídeo(s) · treino 0 vídeo(s) · 0 recolhido(s) · 0 posto(s) a treinar
2026-10-05 23:55:11  ──────────────────────────────────────────────────────────────────
2026-10-05 23:55:11  [90m23:49:44 [1] FC Van: 0 pronto(s) a recolher[0m
2026-10-05 23:55:11  [90m23:49:47 [0] Real Betis: 0 treino(s) a pôr[0m
2026-10-05 23:55:11  [90m23:49:47 [1] FC Van: 0 treino(s) a pôr[0m
2026-10-05 23:55:11  [90m23:50:03 Anuncios da loja: video 1 visto.[0m
2026-10-05 23:55:11  [90m23:51:21 Anuncios da loja: video 2 visto.[0m
2026-10-05 23:55:11  Ctrl+C para parar
2026-10-05 23:55:11  [H[J OSMbot · A TRABALHAR · Windows                           23:52:04
2026-10-05 23:55:11  ──────────────────────────────────────────────────────────────────
2026-10-05 23:55:11  À espera  treino acaba 01:48 (em 1h55)
2026-10-05 23:55:11  [32m REAL BETIS   1.º Spain   jogo em 21h17   slots 4/4[0m
2026-10-05 23:55:11  Haaland        ATA    3h55  █████████░░░░░░░░░
2026-10-05 23:55:11  de Jong        MED    3h55  █████████░░░░░░░░░
2026-10-05 23:55:11  Gabriel        DEF    3h55  █████████░░░░░░░░░
2026-10-05 23:55:11  Donnarumma     GR     3h55  █████████░░░░░░░░░
2026-10-05 23:55:11  [32m FC VAN   4.º Armenia   jogo em 18h44   slots 4/4[0m
2026-10-05 23:55:11  Knauff         ATA    1h55  ██████████████░░░░
2026-10-05 23:55:11  K. Koné        MED    3h55  █████████░░░░░░░░░
2026-10-05 23:55:11  Mendes         DEF    3h56  █████████░░░░░░░░░
2026-10-05 23:55:11  Livakovic      GR     1h56  ██████████████░░░░
2026-10-05 23:55:11  Boss coins 2454    Anúncios: loja ✓  treino ✓
2026-10-05 23:55:11  desde o arranque (0h02) · saldo +0 boss coins · loja 2 vídeo(s) · treino 0 vídeo(s) · 0 recolhido(s) · 0 posto(s) a treinar
2026-10-05 23:55:11  ──────────────────────────────────────────────────────────────────
2026-10-05 23:55:11  [90m23:49:44 [1] FC Van: 0 pronto(s) a recolher[0m
2026-10-05 23:55:11  [90m23:49:47 [0] Real Betis: 0 treino(s) a pôr[0m
2026-10-05 23:55:11  [90m23:49:47 [1] FC Van: 0 treino(s) a pôr[0m
2026-10-05 23:55:11  [90m23:50:03 Anuncios da loja: video 1 visto.[0m
2026-10-05 23:55:11  [90m23:51:21 Anuncios da loja: video 2 visto.[0m
2026-10-05 23:55:11  Ctrl+C para parar
2026-10-05 23:55:11  [H[J OSMbot · A TRABALHAR · Windows                           23:52:05
2026-10-05 23:55:11  ──────────────────────────────────────────────────────────────────
2026-10-05 23:55:11  À espera  treino acaba 01:48 (em 1h55)
2026-10-05 23:55:11  [32m REAL BETIS   1.º Spain   jogo em 21h17   slots 4/4[0m
2026-10-05 23:55:11  Haaland        ATA    3h55  █████████░░░░░░░░░
2026-10-05 23:55:11  de Jong        MED    3h55  █████████░░░░░░░░░
2026-10-05 23:55:11  Gabriel        DEF    3h55  █████████░░░░░░░░░
2026-10-05 23:55:11  Donnarumma     GR     3h55  █████████░░░░░░░░░
2026-10-05 23:55:11  [32m FC VAN   4.º Armenia   jogo em 18h44   slots 4/4[0m
2026-10-05 23:55:11  Knauff         ATA    1h55  ██████████████░░░░
2026-10-05 23:55:11  K. Koné        MED    3h55  █████████░░░░░░░░░
2026-10-05 23:55:11  Mendes         DEF    3h56  █████████░░░░░░░░░
2026-10-05 23:55:11  Livakovic      GR     1h56  ██████████████░░░░
2026-10-05 23:55:11  Boss coins 2454    Anúncios: loja ✓  treino ✓
2026-10-05 23:55:11  desde o arranque (0h02) · saldo +0 boss coins · loja 2 vídeo(s) · treino 0 vídeo(s) · 0 recolhido(s) · 0 posto(s) a treinar
2026-10-05 23:55:11  ──────────────────────────────────────────────────────────────────
2026-10-05 23:55:11  [90m23:49:44 [1] FC Van: 0 pronto(s) a recolher[0m
2026-10-05 23:55:11  [90m23:49:47 [0] Real Betis: 0 treino(s) a pôr[0m
2026-10-05 23:55:11  [90m23:49:47 [1] FC Van: 0 treino(s) a pôr[0m
2026-10-05 23:55:11  [90m23:50:03 Anuncios da loja: video 1 visto.[0m
2026-10-05 23:55:11  [90m23:51:21 Anuncios da loja: video 2 visto.[0m
2026-10-05 23:55:11  Ctrl+C para parar
2026-10-05 23:55:11  [H[J OSMbot · A TRABALHAR · Windows                           23:52:06
2026-10-05 23:55:11  ──────────────────────────────────────────────────────────────────
2026-10-05 23:55:11  À espera  treino acaba 01:48 (em 1h55)
2026-10-05 23:55:11  [32m REAL BETIS   1.º Spain   jogo em 21h17   slots 4/4[0m
2026-10-05 23:55:11  Haaland        ATA    3h55  █████████░░░░░░░░░
2026-10-05 23:55:11  de Jong        MED    3h55  █████████░░░░░░░░░
2026-10-05 23:55:11  Gabriel        DEF    3h55  █████████░░░░░░░░░
2026-10-05 23:55:11  Donnarumma     GR     3h55  █████████░░░░░░░░░
2026-10-05 23:55:11  [32m FC VAN   4.º Armenia   jogo em 18h44   slots 4/4[0m
2026-10-05 23:55:11  Knauff         ATA    1h55  ██████████████░░░░
2026-10-05 23:55:11  K. Koné        MED    3h55  █████████░░░░░░░░░
2026-10-05 23:55:11  Mendes         DEF    3h55  █████████░░░░░░░░░
2026-10-05 23:55:11  Livakovic      GR     1h56  ██████████████░░░░
2026-10-05 23:55:11  Boss coins 2454    Anúncios: loja ✓  treino ✓
2026-10-05 23:55:11  desde o arranque (0h02) · saldo +0 boss coins · loja 2 vídeo(s) · treino 0 vídeo(s) · 0 recolhido(s) · 0 posto(s) a treinar
2026-10-05 23:55:11  ──────────────────────────────────────────────────────────────────
2026-10-05 23:55:11  [90m23:49:44 [1] FC Van: 0 pronto(s) a recolher[0m
2026-10-05 23:55:11  [90m23:49:47 [0] Real Betis: 0 treino(s) a pôr[0m
2026-10-05 23:55:11  [90m23:49:47 [1] FC Van: 0 treino(s) a pôr[0m
2026-10-05 23:55:11  [90m23:50:03 Anuncios da loja: video 1 visto.[0m
2026-10-05 23:55:11  [90m23:51:21 Anuncios da loja: video 2 visto.[0m
2026-10-05 23:55:11  Ctrl+C para parar
2026-10-05 23:55:11  [H[J OSMbot · A TRABALHAR · Windows                           23:52:07
2026-10-05 23:55:11  ──────────────────────────────────────────────────────────────────
2026-10-05 23:55:11  À espera  treino acaba 01:48 (em 1h55)
2026-10-05 23:55:11  [32m REAL BETIS   1.º Spain   jogo em 21h17   slots 4/4[0m
2026-10-05 23:55:11  Haaland        ATA    3h55  █████████░░░░░░░░░
2026-10-05 23:55:11  de Jong        MED    3h55  █████████░░░░░░░░░
2026-10-05 23:55:11  Gabriel        DEF    3h55  █████████░░░░░░░░░
2026-10-05 23:55:11  Donnarumma     GR     3h55  █████████░░░░░░░░░
2026-10-05 23:55:11  [32m FC VAN   4.º Armenia   jogo em 18h44   slots 4/4[0m
2026-10-05 23:55:11  Knauff         ATA    1h55  ██████████████░░░░
2026-10-05 23:55:11  K. Koné        MED    3h55  █████████░░░░░░░░░
2026-10-05 23:55:11  Mendes         DEF    3h55  █████████░░░░░░░░░
2026-10-05 23:55:11  Livakovic      GR     1h56  ██████████████░░░░
2026-10-05 23:55:11  Boss coins 2454    Anúncios: loja ✓  treino ✓
2026-10-05 23:55:11  desde o arranque (0h02) · saldo +0 boss coins · loja 2 vídeo(s) · treino 0 vídeo(s) · 0 recolhido(s) · 0 posto(s) a treinar
2026-10-05 23:55:11  ──────────────────────────────────────────────────────────────────
2026-10-05 23:55:11  [90m23:49:44 [1] FC Van: 0 pronto(s) a recolher[0m
2026-10-05 23:55:11  [90m23:49:47 [0] Real Betis: 0 treino(s) a pôr[0m
2026-10-05 23:55:11  [90m23:49:47 [1] FC Van: 0 treino(s) a pôr[0m
2026-10-05 23:55:11  [90m23:50:03 Anuncios da loja: video 1 visto.[0m
2026-10-05 23:55:11  [90m23:51:21 Anuncios da loja: video 2 visto.[0m
2026-10-05 23:55:11  Ctrl+C para parar
2026-10-05 23:55:11  [H[J OSMbot · A TRABALHAR · Windows                           23:52:08
2026-10-05 23:55:11  ──────────────────────────────────────────────────────────────────
2026-10-05 23:55:11  À espera  treino acaba 01:48 (em 1h55)
2026-10-05 23:55:11  [32m REAL BETIS   1.º Spain   jogo em 21h17   slots 4/4[0m
2026-10-05 23:55:11  Haaland        ATA    3h55  █████████░░░░░░░░░
2026-10-05 23:55:11  de Jong        MED    3h55  █████████░░░░░░░░░
2026-10-05 23:55:11  Gabriel        DEF    3h55  █████████░░░░░░░░░
2026-10-05 23:55:11  Donnarumma     GR     3h55  █████████░░░░░░░░░
2026-10-05 23:55:11  [32m FC VAN   4.º Armenia   jogo em 18h44   slots 4/4[0m
2026-10-05 23:55:11  Knauff         ATA    1h55  ██████████████░░░░
2026-10-05 23:55:11  K. Koné        MED    3h55  █████████░░░░░░░░░
2026-10-05 23:55:11  Mendes         DEF    3h55  █████████░░░░░░░░░
2026-10-05 23:55:11  Livakovic      GR     1h55  ██████████████░░░░
2026-10-05 23:55:11  Boss coins 2454    Anúncios: loja ✓  treino ✓
2026-10-05 23:55:11  desde o arranque (0h02) · saldo +0 boss coins · loja 2 vídeo(s) · treino 0 vídeo(s) · 0 recolhido(s) · 0 posto(s) a treinar
2026-10-05 23:55:11  ──────────────────────────────────────────────────────────────────
2026-10-05 23:55:11  [90m23:49:44 [1] FC Van: 0 pronto(s) a recolher[0m
2026-10-05 23:55:11  [90m23:49:47 [0] Real Betis: 0 treino(s) a pôr[0m
2026-10-05 23:55:11  [90m23:49:47 [1] FC Van: 0 treino(s) a pôr[0m
2026-10-05 23:55:11  [90m23:50:03 Anuncios da loja: video 1 visto.[0m
2026-10-05 23:55:11  [90m23:51:21 Anuncios da loja: video 2 visto.[0m
2026-10-05 23:55:11  Ctrl+C para parar
2026-10-05 23:55:11  [H[J OSMbot · A TRABALHAR · Windows                           23:52:09
2026-10-05 23:55:11  ──────────────────────────────────────────────────────────────────
2026-10-05 23:55:11  À espera  treino acaba 01:48 (em 1h55)
2026-10-05 23:55:11  [32m REAL BETIS   1.º Spain   jogo em 21h17   slots 4/4[0m
2026-10-05 23:55:11  Haaland        ATA    3h55  █████████░░░░░░░░░
2026-10-05 23:55:11  de Jong        MED    3h55  █████████░░░░░░░░░
2026-10-05 23:55:11  Gabriel        DEF    3h55  █████████░░░░░░░░░
2026-10-05 23:55:11  Donnarumma     GR     3h55  █████████░░░░░░░░░
2026-10-05 23:55:11  [32m FC VAN   4.º Armenia   jogo em 18h44   slots 4/4[0m
2026-10-05 23:55:11  Knauff         ATA    1h55  ██████████████░░░░
2026-10-05 23:55:11  K. Koné        MED    3h55  █████████░░░░░░░░░
2026-10-05 23:55:11  Mendes         DEF    3h55  █████████░░░░░░░░░
2026-10-05 23:55:11  Livakovic      GR     1h55  ██████████████░░░░
2026-10-05 23:55:11  Boss coins 2454    Anúncios: loja ✓  treino ✓
2026-10-05 23:55:11  desde o arranque (0h02) · saldo +0 boss coins · loja 2 vídeo(s) · treino 0 vídeo(s) · 0 recolhido(s) · 0 posto(s) a treinar
2026-10-05 23:55:11  ──────────────────────────────────────────────────────────────────
2026-10-05 23:55:11  [90m23:49:44 [1] FC Van: 0 pronto(s) a recolher[0m
2026-10-05 23:55:11  [90m23:49:47 [0] Real Betis: 0 treino(s) a pôr[0m
2026-10-05 23:55:11  [90m23:49:47 [1] FC Van: 0 treino(s) a pôr[0m
2026-10-05 23:55:11  [90m23:50:03 Anuncios da loja: video 1 visto.[0m
2026-10-05 23:55:11  [90m23:51:21 Anuncios da loja: video 2 visto.[0m
2026-10-05 23:55:11  Ctrl+C para parar
2026-10-05 23:55:11  [H[J OSMbot · A TRABALHAR · Windows                           23:52:10
2026-10-05 23:55:11  ──────────────────────────────────────────────────────────────────
2026-10-05 23:55:11  À espera  treino acaba 01:48 (em 1h55)
2026-10-05 23:55:11  [32m REAL BETIS   1.º Spain   jogo em 21h17   slots 4/4[0m
2026-10-05 23:55:11  Haaland        ATA    3h55  █████████░░░░░░░░░
2026-10-05 23:55:11  de Jong        MED    3h55  █████████░░░░░░░░░
2026-10-05 23:55:11  Gabriel        DEF    3h55  █████████░░░░░░░░░
2026-10-05 23:55:11  Donnarumma     GR     3h55  █████████░░░░░░░░░
2026-10-05 23:55:11  [32m FC VAN   4.º Armenia   jogo em 18h44   slots 4/4[0m
2026-10-05 23:55:11  Knauff         ATA    1h55  ██████████████░░░░
2026-10-05 23:55:11  K. Koné        MED    3h55  █████████░░░░░░░░░
2026-10-05 23:55:11  Mendes         DEF    3h55  █████████░░░░░░░░░
2026-10-05 23:55:11  Livakovic      GR     1h55  ██████████████░░░░
2026-10-05 23:55:11  Boss coins 2454    Anúncios: loja ✓  treino ✓
2026-10-05 23:55:11  desde o arranque (0h02) · saldo +0 boss coins · loja 2 vídeo(s) · treino 0 vídeo(s) · 0 recolhido(s) · 0 posto(s) a treinar
2026-10-05 23:55:11  ──────────────────────────────────────────────────────────────────
2026-10-05 23:55:11  [90m23:49:44 [1] FC Van: 0 pronto(s) a recolher[0m
2026-10-05 23:55:11  [90m23:49:47 [0] Real Betis: 0 treino(s) a pôr[0m
2026-10-05 23:55:11  [90m23:49:47 [1] FC Van: 0 treino(s) a pôr[0m
2026-10-05 23:55:11  [90m23:50:03 Anuncios da loja: video 1 visto.[0m
2026-10-05 23:55:11  [90m23:51:21 Anuncios da loja: video 2 visto.[0m
2026-10-05 23:55:11  Ctrl+C para parar
2026-10-05 23:55:11  [H[J OSMbot · A TRABALHAR · Windows                           23:52:11
2026-10-05 23:55:11  ──────────────────────────────────────────────────────────────────
2026-10-05 23:55:11  À espera  treino acaba 01:48 (em 1h55)
2026-10-05 23:55:11  [32m REAL BETIS   1.º Spain   jogo em 21h17   slots 4/4[0m
2026-10-05 23:55:11  Haaland        ATA    3h55  █████████░░░░░░░░░
2026-10-05 23:55:11  de Jong        MED    3h55  █████████░░░░░░░░░
2026-10-05 23:55:11  Gabriel        DEF    3h55  █████████░░░░░░░░░
2026-10-05 23:55:11  Donnarumma     GR     3h55  █████████░░░░░░░░░
2026-10-05 23:55:11  [32m FC VAN   4.º Armenia   jogo em 18h44   slots 4/4[0m
2026-10-05 23:55:11  Knauff         ATA    1h55  ██████████████░░░░
2026-10-05 23:55:11  K. Koné        MED    3h55  █████████░░░░░░░░░
2026-10-05 23:55:11  Mendes         DEF    3h55  █████████░░░░░░░░░
2026-10-05 23:55:11  Livakovic      GR     1h55  ██████████████░░░░
2026-10-05 23:55:11  Boss coins 2454    Anúncios: loja ✓  treino ✓
2026-10-05 23:55:11  desde o arranque (0h02) · saldo +0 boss coins · loja 2 vídeo(s) · treino 0 vídeo(s) · 0 recolhido(s) · 0 posto(s) a treinar
2026-10-05 23:55:11  ──────────────────────────────────────────────────────────────────
2026-10-05 23:55:11  [90m23:49:44 [1] FC Van: 0 pronto(s) a recolher[0m
2026-10-05 23:55:11  [90m23:49:47 [0] Real Betis: 0 treino(s) a pôr[0m
2026-10-05 23:55:11  [90m23:49:47 [1] FC Van: 0 treino(s) a pôr[0m
2026-10-05 23:55:11  [90m23:50:03 Anuncios da loja: video 1 visto.[0m
2026-10-05 23:55:11  [90m23:51:21 Anuncios da loja: video 2 visto.[0m
2026-10-05 23:55:11  Ctrl+C para parar
2026-10-05 23:55:11  [H[J OSMbot · A TRABALHAR · Windows                           23:52:12
2026-10-05 23:55:11  ──────────────────────────────────────────────────────────────────
2026-10-05 23:55:11  À espera  treino acaba 01:48 (em 1h55)
2026-10-05 23:55:11  [32m REAL BETIS   1.º Spain   jogo em 21h17   slots 4/4[0m
2026-10-05 23:55:11  Haaland        ATA    3h55  █████████░░░░░░░░░
2026-10-05 23:55:11  de Jong        MED    3h55  █████████░░░░░░░░░
2026-10-05 23:55:11  Gabriel        DEF    3h55  █████████░░░░░░░░░
2026-10-05 23:55:11  Donnarumma     GR     3h55  █████████░░░░░░░░░
2026-10-05 23:55:11  [32m FC VAN   4.º Armenia   jogo em 18h44   slots 4/4[0m
2026-10-05 23:55:11  Knauff         ATA    1h55  ██████████████░░░░
2026-10-05 23:55:11  K. Koné        MED    3h55  █████████░░░░░░░░░
2026-10-05 23:55:11  Mendes         DEF    3h55  █████████░░░░░░░░░
2026-10-05 23:55:11  Livakovic      GR     1h55  ██████████████░░░░
2026-10-05 23:55:11  Boss coins 2454    Anúncios: loja ✓  treino ✓
2026-10-05 23:55:11  desde o arranque (0h02) · saldo +0 boss coins · loja 2 vídeo(s) · treino 0 vídeo(s) · 0 recolhido(s) · 0 posto(s) a treinar
2026-10-05 23:55:11  ──────────────────────────────────────────────────────────────────
2026-10-05 23:55:11  [90m23:49:44 [1] FC Van: 0 pronto(s) a recolher[0m
2026-10-05 23:55:11  [90m23:49:47 [0] Real Betis: 0 treino(s) a pôr[0m
2026-10-05 23:55:11  [90m23:49:47 [1] FC Van: 0 treino(s) a pôr[0m
2026-10-05 23:55:11  [90m23:50:03 Anuncios da loja: video 1 visto.[0m
2026-10-05 23:55:11  [90m23:51:21 Anuncios da loja: video 2 visto.[0m
2026-10-05 23:55:11  Ctrl+C para parar
2026-10-05 23:55:11  [H[J OSMbot · A TRABALHAR · Windows                           23:52:13
2026-10-05 23:55:11  ──────────────────────────────────────────────────────────────────
2026-10-05 23:55:11  À espera  treino acaba 01:48 (em 1h55)
2026-10-05 23:55:11  [32m REAL BETIS   1.º Spain   jogo em 21h17   slots 4/4[0m
2026-10-05 23:55:11  Haaland        ATA    3h55  █████████░░░░░░░░░
2026-10-05 23:55:11  de Jong        MED    3h55  █████████░░░░░░░░░
2026-10-05 23:55:11  Gabriel        DEF    3h55  █████████░░░░░░░░░
2026-10-05 23:55:11  Donnarumma     GR     3h55  █████████░░░░░░░░░
2026-10-05 23:55:11  [32m FC VAN   4.º Armenia   jogo em 18h44   slots 4/4[0m
2026-10-05 23:55:11  Knauff         ATA    1h55  ██████████████░░░░
2026-10-05 23:55:11  K. Koné        MED    3h55  █████████░░░░░░░░░
2026-10-05 23:55:11  Mendes         DEF    3h55  █████████░░░░░░░░░
2026-10-05 23:55:11  Livakovic      GR     1h55  ██████████████░░░░
2026-10-05 23:55:11  Boss coins 2454    Anúncios: loja ✓  treino ✓
2026-10-05 23:55:11  desde o arranque (0h02) · saldo +0 boss coins · loja 2 vídeo(s) · treino 0 vídeo(s) · 0 recolhido(s) · 0 posto(s) a treinar
2026-10-05 23:55:11  ──────────────────────────────────────────────────────────────────
2026-10-05 23:55:11  [90m23:49:44 [1] FC Van: 0 pronto(s) a recolher[0m
2026-10-05 23:55:11  [90m23:49:47 [0] Real Betis: 0 treino(s) a pôr[0m
2026-10-05 23:55:11  [90m23:49:47 [1] FC Van: 0 treino(s) a pôr[0m
2026-10-05 23:55:11  [90m23:50:03 Anuncios da loja: video 1 visto.[0m
2026-10-05 23:55:11  [90m23:51:21 Anuncios da loja: video 2 visto.[0m
2026-10-05 23:55:11  Ctrl+C para parar
2026-10-05 23:55:11  [H[J OSMbot · A TRABALHAR · Windows                           23:52:23
2026-10-05 23:55:11  ──────────────────────────────────────────────────────────────────
2026-10-05 23:55:11  À espera  treino acaba 01:48 (em 1h55)
2026-10-05 23:55:11  [32m REAL BETIS   1.º Spain   jogo em 21h17   slots 4/4[0m
2026-10-05 23:55:11  Haaland        ATA    3h55  █████████░░░░░░░░░
2026-10-05 23:55:11  de Jong        MED    3h55  █████████░░░░░░░░░
2026-10-05 23:55:11  Gabriel        DEF    3h55  █████████░░░░░░░░░
2026-10-05 23:55:11  Donnarumma     GR     3h55  █████████░░░░░░░░░
2026-10-05 23:55:11  [32m FC VAN   4.º Armenia   jogo em 18h44   slots 4/4[0m
2026-10-05 23:55:11  Knauff         ATA    1h55  ██████████████░░░░
2026-10-05 23:55:11  K. Koné        MED    3h55  █████████░░░░░░░░░
2026-10-05 23:55:11  Mendes         DEF    3h55  █████████░░░░░░░░░
2026-10-05 23:55:11  Livakovic      GR     1h55  ██████████████░░░░
2026-10-05 23:55:11  Boss coins 2454    Anúncios: loja ✓  treino ✓
2026-10-05 23:55:11  desde o arranque (0h02) · saldo +0 boss coins · loja 3 vídeo(s) · treino 0 vídeo(s) · 0 recolhido(s) · 0 posto(s) a treinar
2026-10-05 23:55:11  ──────────────────────────────────────────────────────────────────
2026-10-05 23:55:11  [90m23:49:44 [1] FC Van: 0 pronto(s) a recolher[0m
2026-10-05 23:55:11  [90m23:49:47 [0] Real Betis: 0 treino(s) a pôr[0m
2026-10-05 23:55:11  [90m23:49:47 [1] FC Van: 0 treino(s) a pôr[0m
2026-10-05 23:55:11  [90m23:50:03 Anuncios da loja: video 1 visto.[0m
2026-10-05 23:55:11  [90m23:51:21 Anuncios da loja: video 2 visto.[0m
2026-10-05 23:55:11  Ctrl+C para parar
2026-10-05 23:55:11  [H[J OSMbot · A TRABALHAR · Windows                           23:52:23
2026-10-05 23:55:11  ──────────────────────────────────────────────────────────────────
2026-10-05 23:55:11  À espera  treino acaba 01:48 (em 1h55)
2026-10-05 23:55:11  [32m REAL BETIS   1.º Spain   jogo em 21h17   slots 4/4[0m
2026-10-05 23:55:11  Haaland        ATA    3h55  █████████░░░░░░░░░
2026-10-05 23:55:11  de Jong        MED    3h55  █████████░░░░░░░░░
2026-10-05 23:55:11  Gabriel        DEF    3h55  █████████░░░░░░░░░
2026-10-05 23:55:11  Donnarumma     GR     3h55  █████████░░░░░░░░░
2026-10-05 23:55:11  [32m FC VAN   4.º Armenia   jogo em 18h44   slots 4/4[0m
2026-10-05 23:55:11  Knauff         ATA    1h55  ██████████████░░░░
2026-10-05 23:55:11  K. Koné        MED    3h55  █████████░░░░░░░░░
2026-10-05 23:55:11  Mendes         DEF    3h55  █████████░░░░░░░░░
2026-10-05 23:55:11  Livakovic      GR     1h55  ██████████████░░░░
2026-10-05 23:55:11  Boss coins 2454    Anúncios: loja ✓  treino ✓
2026-10-05 23:55:11  desde o arranque (0h02) · saldo +0 boss coins · loja 3 vídeo(s) · treino 0 vídeo(s) · 0 recolhido(s) · 0 posto(s) a treinar
2026-10-05 23:55:11  ──────────────────────────────────────────────────────────────────
2026-10-05 23:55:11  [90m23:49:47 [0] Real Betis: 0 treino(s) a pôr[0m
2026-10-05 23:55:11  [90m23:49:47 [1] FC Van: 0 treino(s) a pôr[0m
2026-10-05 23:55:11  [90m23:50:03 Anuncios da loja: video 1 visto.[0m
2026-10-05 23:55:11  [90m23:51:21 Anuncios da loja: video 2 visto.[0m
2026-10-05 23:55:11  [90m23:52:23 Anuncios da loja: video 3 visto.[0m
2026-10-05 23:55:11  Ctrl+C para parar
2026-10-05 23:55:11  [H[J OSMbot · A TRABALHAR · Windows                           23:52:24
2026-10-05 23:55:11  ──────────────────────────────────────────────────────────────────
2026-10-05 23:55:11  À espera  treino acaba 01:48 (em 1h55)
2026-10-05 23:55:11  [32m REAL BETIS   1.º Spain   jogo em 21h17   slots 4/4[0m
2026-10-05 23:55:11  Haaland        ATA    3h55  █████████░░░░░░░░░
2026-10-05 23:55:11  de Jong        MED    3h55  █████████░░░░░░░░░
2026-10-05 23:55:11  Gabriel        DEF    3h55  █████████░░░░░░░░░
2026-10-05 23:55:11  Donnarumma     GR     3h55  █████████░░░░░░░░░
2026-10-05 23:55:11  [32m FC VAN   4.º Armenia   jogo em 18h44   slots 4/4[0m
2026-10-05 23:55:11  Knauff         ATA    1h55  ██████████████░░░░
2026-10-05 23:55:11  K. Koné        MED    3h55  █████████░░░░░░░░░
2026-10-05 23:55:11  Mendes         DEF    3h55  █████████░░░░░░░░░
2026-10-05 23:55:11  Livakovic      GR     1h55  ██████████████░░░░
2026-10-05 23:55:11  Boss coins 2454    Anúncios: loja ✓  treino ✓
2026-10-05 23:55:11  desde o arranque (0h02) · saldo +0 boss coins · loja 3 vídeo(s) · treino 0 vídeo(s) · 0 recolhido(s) · 0 posto(s) a treinar
2026-10-05 23:55:11  ──────────────────────────────────────────────────────────────────
2026-10-05 23:55:11  [90m23:49:47 [0] Real Betis: 0 treino(s) a pôr[0m
2026-10-05 23:55:11  [90m23:49:47 [1] FC Van: 0 treino(s) a pôr[0m
2026-10-05 23:55:11  [90m23:50:03 Anuncios da loja: video 1 visto.[0m
2026-10-05 23:55:11  [90m23:51:21 Anuncios da loja: video 2 visto.[0m
2026-10-05 23:55:11  [90m23:52:23 Anuncios da loja: video 3 visto.[0m
2026-10-05 23:55:11  Ctrl+C para parar
2026-10-05 23:55:11  [H[J OSMbot · A TRABALHAR · Windows                           23:52:25
2026-10-05 23:55:11  ──────────────────────────────────────────────────────────────────
2026-10-05 23:55:11  À espera  treino acaba 01:48 (em 1h55)
2026-10-05 23:55:11  [32m REAL BETIS   1.º Spain   jogo em 21h17   slots 4/4[0m
2026-10-05 23:55:11  Haaland        ATA    3h55  █████████░░░░░░░░░
2026-10-05 23:55:11  de Jong        MED    3h55  █████████░░░░░░░░░
2026-10-05 23:55:11  Gabriel        DEF    3h55  █████████░░░░░░░░░
2026-10-05 23:55:11  Donnarumma     GR     3h55  █████████░░░░░░░░░
2026-10-05 23:55:11  [32m FC VAN   4.º Armenia   jogo em 18h44   slots 4/4[0m
2026-10-05 23:55:11  Knauff         ATA    1h55  ██████████████░░░░
2026-10-05 23:55:11  K. Koné        MED    3h55  █████████░░░░░░░░░
2026-10-05 23:55:11  Mendes         DEF    3h55  █████████░░░░░░░░░
2026-10-05 23:55:11  Livakovic      GR     1h55  ██████████████░░░░
2026-10-05 23:55:11  Boss coins 2454    Anúncios: loja ✓  treino ✓
2026-10-05 23:55:11  desde o arranque (0h02) · saldo +0 boss coins · loja 3 vídeo(s) · treino 0 vídeo(s) · 0 recolhido(s) · 0 posto(s) a treinar
2026-10-05 23:55:11  ──────────────────────────────────────────────────────────────────
2026-10-05 23:55:11  [90m23:49:47 [0] Real Betis: 0 treino(s) a pôr[0m
2026-10-05 23:55:11  [90m23:49:47 [1] FC Van: 0 treino(s) a pôr[0m
2026-10-05 23:55:11  [90m23:50:03 Anuncios da loja: video 1 visto.[0m
2026-10-05 23:55:11  [90m23:51:21 Anuncios da loja: video 2 visto.[0m
2026-10-05 23:55:11  [90m23:52:23 Anuncios da loja: video 3 visto.[0m
2026-10-05 23:55:11  Ctrl+C para parar
2026-10-05 23:55:11  [H[J OSMbot · A TRABALHAR · Windows                           23:52:26
2026-10-05 23:55:11  ──────────────────────────────────────────────────────────────────
2026-10-05 23:55:11  À espera  treino acaba 01:48 (em 1h55)
2026-10-05 23:55:11  [32m REAL BETIS   1.º Spain   jogo em 21h17   slots 4/4[0m
2026-10-05 23:55:11  Haaland        ATA    3h55  █████████░░░░░░░░░
2026-10-05 23:55:11  de Jong        MED    3h55  █████████░░░░░░░░░
2026-10-05 23:55:11  Gabriel        DEF    3h55  █████████░░░░░░░░░
2026-10-05 23:55:11  Donnarumma     GR     3h55  █████████░░░░░░░░░
2026-10-05 23:55:11  [32m FC VAN   4.º Armenia   jogo em 18h44   slots 4/4[0m
2026-10-05 23:55:11  Knauff         ATA    1h55  ██████████████░░░░
2026-10-05 23:55:11  K. Koné        MED    3h55  █████████░░░░░░░░░
2026-10-05 23:55:11  Mendes         DEF    3h55  █████████░░░░░░░░░
2026-10-05 23:55:11  Livakovic      GR     1h55  ██████████████░░░░
2026-10-05 23:55:11  Boss coins 2454    Anúncios: loja ✓  treino ✓
2026-10-05 23:55:11  desde o arranque (0h02) · saldo +0 boss coins · loja 3 vídeo(s) · treino 0 vídeo(s) · 0 recolhido(s) · 0 posto(s) a treinar
2026-10-05 23:55:11  ──────────────────────────────────────────────────────────────────
2026-10-05 23:55:11  [90m23:49:47 [0] Real Betis: 0 treino(s) a pôr[0m
2026-10-05 23:55:11  [90m23:49:47 [1] FC Van: 0 treino(s) a pôr[0m
2026-10-05 23:55:11  [90m23:50:03 Anuncios da loja: video 1 visto.[0m
2026-10-05 23:55:11  [90m23:51:21 Anuncios da loja: video 2 visto.[0m
2026-10-05 23:55:11  [90m23:52:23 Anuncios da loja: video 3 visto.[0m
2026-10-05 23:55:11  Ctrl+C para parar
2026-10-05 23:55:11  [H[J OSMbot · A TRABALHAR · Windows                           23:52:27
2026-10-05 23:55:11  ──────────────────────────────────────────────────────────────────
2026-10-05 23:55:11  À espera  treino acaba 01:48 (em 1h55)
2026-10-05 23:55:11  [32m REAL BETIS   1.º Spain   jogo em 21h17   slots 4/4[0m
2026-10-05 23:55:11  Haaland        ATA    3h55  █████████░░░░░░░░░
2026-10-05 23:55:11  de Jong        MED    3h55  █████████░░░░░░░░░
2026-10-05 23:55:11  Gabriel        DEF    3h55  █████████░░░░░░░░░
2026-10-05 23:55:11  Donnarumma     GR     3h55  █████████░░░░░░░░░
2026-10-05 23:55:11  [32m FC VAN   4.º Armenia   jogo em 18h44   slots 4/4[0m
2026-10-05 23:55:11  Knauff         ATA    1h55  ██████████████░░░░
2026-10-05 23:55:11  K. Koné        MED    3h55  █████████░░░░░░░░░
2026-10-05 23:55:11  Mendes         DEF    3h55  █████████░░░░░░░░░
2026-10-05 23:55:11  Livakovic      GR     1h55  ██████████████░░░░
2026-10-05 23:55:11  Boss coins 2454    Anúncios: loja ✓  treino ✓
2026-10-05 23:55:11  desde o arranque (0h02) · saldo +0 boss coins · loja 3 vídeo(s) · treino 0 vídeo(s) · 0 recolhido(s) · 0 posto(s) a treinar
2026-10-05 23:55:11  ──────────────────────────────────────────────────────────────────
2026-10-05 23:55:11  [90m23:49:47 [0] Real Betis: 0 treino(s) a pôr[0m
2026-10-05 23:55:11  [90m23:49:47 [1] FC Van: 0 treino(s) a pôr[0m
2026-10-05 23:55:11  [90m23:50:03 Anuncios da loja: video 1 visto.[0m
2026-10-05 23:55:11  [90m23:51:21 Anuncios da loja: video 2 visto.[0m
2026-10-05 23:55:11  [90m23:52:23 Anuncios da loja: video 3 visto.[0m
2026-10-05 23:55:11  Ctrl+C para parar
2026-10-05 23:55:11  [H[J OSMbot · A TRABALHAR · Windows                           23:52:28
2026-10-05 23:55:11  ──────────────────────────────────────────────────────────────────
2026-10-05 23:55:11  À espera  treino acaba 01:48 (em 1h55)
2026-10-05 23:55:11  [32m REAL BETIS   1.º Spain   jogo em 21h16   slots 4/4[0m
2026-10-05 23:55:11  Haaland        ATA    3h55  █████████░░░░░░░░░
2026-10-05 23:55:11  de Jong        MED    3h55  █████████░░░░░░░░░
2026-10-05 23:55:11  Gabriel        DEF    3h55  █████████░░░░░░░░░
2026-10-05 23:55:11  Donnarumma     GR     3h55  █████████░░░░░░░░░
2026-10-05 23:55:11  [32m FC VAN   4.º Armenia   jogo em 18h44   slots 4/4[0m
2026-10-05 23:55:11  Knauff         ATA    1h55  ██████████████░░░░
2026-10-05 23:55:11  K. Koné        MED    3h55  █████████░░░░░░░░░
2026-10-05 23:55:11  Mendes         DEF    3h55  █████████░░░░░░░░░
2026-10-05 23:55:11  Livakovic      GR     1h55  ██████████████░░░░
2026-10-05 23:55:11  Boss coins 2454    Anúncios: loja ✓  treino ✓
2026-10-05 23:55:11  desde o arranque (0h02) · saldo +0 boss coins · loja 3 vídeo(s) · treino 0 vídeo(s) · 0 recolhido(s) · 0 posto(s) a treinar
2026-10-05 23:55:11  ──────────────────────────────────────────────────────────────────
2026-10-05 23:55:11  [90m23:49:47 [0] Real Betis: 0 treino(s) a pôr[0m
2026-10-05 23:55:11  [90m23:49:47 [1] FC Van: 0 treino(s) a pôr[0m
2026-10-05 23:55:11  [90m23:50:03 Anuncios da loja: video 1 visto.[0m
2026-10-05 23:55:11  [90m23:51:21 Anuncios da loja: video 2 visto.[0m
2026-10-05 23:55:11  [90m23:52:23 Anuncios da loja: video 3 visto.[0m
2026-10-05 23:55:11  Ctrl+C para parar
2026-10-05 23:55:11  [H[J OSMbot · A TRABALHAR · Windows                           23:52:29
2026-10-05 23:55:11  ──────────────────────────────────────────────────────────────────
2026-10-05 23:55:11  À espera  treino acaba 01:48 (em 1h55)
2026-10-05 23:55:11  [32m REAL BETIS   1.º Spain   jogo em 21h16   slots 4/4[0m
2026-10-05 23:55:11  Haaland        ATA    3h55  █████████░░░░░░░░░
2026-10-05 23:55:11  de Jong        MED    3h55  █████████░░░░░░░░░
2026-10-05 23:55:11  Gabriel        DEF    3h55  █████████░░░░░░░░░
2026-10-05 23:55:11  Donnarumma     GR     3h55  █████████░░░░░░░░░
2026-10-05 23:55:11  [32m FC VAN   4.º Armenia   jogo em 18h44   slots 4/4[0m
2026-10-05 23:55:11  Knauff         ATA    1h55  ██████████████░░░░
2026-10-05 23:55:11  K. Koné        MED    3h55  █████████░░░░░░░░░
2026-10-05 23:55:11  Mendes         DEF    3h55  █████████░░░░░░░░░
2026-10-05 23:55:11  Livakovic      GR     1h55  ██████████████░░░░
2026-10-05 23:55:11  Boss coins 2454    Anúncios: loja ✓  treino ✓
2026-10-05 23:55:11  desde o arranque (0h02) · saldo +0 boss coins · loja 3 vídeo(s) · treino 0 vídeo(s) · 0 recolhido(s) · 0 posto(s) a treinar
2026-10-05 23:55:11  ──────────────────────────────────────────────────────────────────
2026-10-05 23:55:11  [90m23:49:47 [0] Real Betis: 0 treino(s) a pôr[0m
2026-10-05 23:55:11  [90m23:49:47 [1] FC Van: 0 treino(s) a pôr[0m
2026-10-05 23:55:11  [90m23:50:03 Anuncios da loja: video 1 visto.[0m
2026-10-05 23:55:11  [90m23:51:21 Anuncios da loja: video 2 visto.[0m
2026-10-05 23:55:11  [90m23:52:23 Anuncios da loja: video 3 visto.[0m
2026-10-05 23:55:11  Ctrl+C para parar
2026-10-05 23:55:11  [H[J OSMbot · A TRABALHAR · Windows                           23:52:30
2026-10-05 23:55:11  ──────────────────────────────────────────────────────────────────
2026-10-05 23:55:11  À espera  treino acaba 01:48 (em 1h55)
2026-10-05 23:55:11  [32m REAL BETIS   1.º Spain   jogo em 21h16   slots 4/4[0m
2026-10-05 23:55:11  Haaland        ATA    3h55  █████████░░░░░░░░░
2026-10-05 23:55:11  de Jong        MED    3h55  █████████░░░░░░░░░
2026-10-05 23:55:11  Gabriel        DEF    3h55  █████████░░░░░░░░░
2026-10-05 23:55:11  Donnarumma     GR     3h55  █████████░░░░░░░░░
2026-10-05 23:55:11  [32m FC VAN   4.º Armenia   jogo em 18h44   slots 4/4[0m
2026-10-05 23:55:11  Knauff         ATA    1h55  ██████████████░░░░
2026-10-05 23:55:11  K. Koné        MED    3h55  █████████░░░░░░░░░
2026-10-05 23:55:11  Mendes         DEF    3h55  █████████░░░░░░░░░
2026-10-05 23:55:11  Livakovic      GR     1h55  ██████████████░░░░
2026-10-05 23:55:11  Boss coins 2454    Anúncios: loja ✓  treino ✓
2026-10-05 23:55:11  desde o arranque (0h02) · saldo +0 boss coins · loja 3 vídeo(s) · treino 0 vídeo(s) · 0 recolhido(s) · 0 posto(s) a treinar
2026-10-05 23:55:11  ──────────────────────────────────────────────────────────────────
2026-10-05 23:55:11  [90m23:49:47 [0] Real Betis: 0 treino(s) a pôr[0m
2026-10-05 23:55:11  [90m23:49:47 [1] FC Van: 0 treino(s) a pôr[0m
2026-10-05 23:55:11  [90m23:50:03 Anuncios da loja: video 1 visto.[0m
2026-10-05 23:55:11  [90m23:51:21 Anuncios da loja: video 2 visto.[0m
2026-10-05 23:55:11  [90m23:52:23 Anuncios da loja: video 3 visto.[0m
2026-10-05 23:55:11  Ctrl+C para parar
2026-10-05 23:55:11  [H[J OSMbot · A TRABALHAR · Windows                           23:52:31
2026-10-05 23:55:11  ──────────────────────────────────────────────────────────────────
2026-10-05 23:55:11  À espera  treino acaba 01:48 (em 1h55)
2026-10-05 23:55:11  [32m REAL BETIS   1.º Spain   jogo em 21h16   slots 4/4[0m
2026-10-05 23:55:11  Haaland        ATA    3h55  █████████░░░░░░░░░
2026-10-05 23:55:11  de Jong        MED    3h55  █████████░░░░░░░░░
2026-10-05 23:55:11  Gabriel        DEF    3h55  █████████░░░░░░░░░
2026-10-05 23:55:11  Donnarumma     GR     3h55  █████████░░░░░░░░░
2026-10-05 23:55:11  [32m FC VAN   4.º Armenia   jogo em 18h44   slots 4/4[0m
2026-10-05 23:55:11  Knauff         ATA    1h55  ██████████████░░░░
2026-10-05 23:55:11  K. Koné        MED    3h55  █████████░░░░░░░░░
2026-10-05 23:55:11  Mendes         DEF    3h55  █████████░░░░░░░░░
2026-10-05 23:55:11  Livakovic      GR     1h55  ██████████████░░░░
2026-10-05 23:55:11  Boss coins 2454    Anúncios: loja ✓  treino ✓
2026-10-05 23:55:11  desde o arranque (0h02) · saldo +0 boss coins · loja 3 vídeo(s) · treino 0 vídeo(s) · 0 recolhido(s) · 0 posto(s) a treinar
2026-10-05 23:55:11  ──────────────────────────────────────────────────────────────────
2026-10-05 23:55:11  [90m23:49:47 [0] Real Betis: 0 treino(s) a pôr[0m
2026-10-05 23:55:11  [90m23:49:47 [1] FC Van: 0 treino(s) a pôr[0m
2026-10-05 23:55:11  [90m23:50:03 Anuncios da loja: video 1 visto.[0m
2026-10-05 23:55:11  [90m23:51:21 Anuncios da loja: video 2 visto.[0m
2026-10-05 23:55:11  [90m23:52:23 Anuncios da loja: video 3 visto.[0m
2026-10-05 23:55:11  Ctrl+C para parar
2026-10-05 23:55:11  [H[J OSMbot · A TRABALHAR · Windows                           23:52:32
2026-10-05 23:55:11  ──────────────────────────────────────────────────────────────────
2026-10-05 23:55:11  À espera  treino acaba 01:48 (em 1h55)
2026-10-05 23:55:11  [32m REAL BETIS   1.º Spain   jogo em 21h16   slots 4/4[0m
2026-10-05 23:55:11  Haaland        ATA    3h55  █████████░░░░░░░░░
2026-10-05 23:55:11  de Jong        MED    3h55  █████████░░░░░░░░░
2026-10-05 23:55:11  Gabriel        DEF    3h55  █████████░░░░░░░░░
2026-10-05 23:55:11  Donnarumma     GR     3h55  █████████░░░░░░░░░
2026-10-05 23:55:11  [32m FC VAN   4.º Armenia   jogo em 18h44   slots 4/4[0m
2026-10-05 23:55:11  Knauff         ATA    1h55  ██████████████░░░░
2026-10-05 23:55:11  K. Koné        MED    3h55  █████████░░░░░░░░░
2026-10-05 23:55:11  Mendes         DEF    3h55  █████████░░░░░░░░░
2026-10-05 23:55:11  Livakovic      GR     1h55  ██████████████░░░░
2026-10-05 23:55:11  Boss coins 2454    Anúncios: loja ✓  treino ✓
2026-10-05 23:55:11  desde o arranque (0h02) · saldo +0 boss coins · loja 3 vídeo(s) · treino 0 vídeo(s) · 0 recolhido(s) · 0 posto(s) a treinar
2026-10-05 23:55:11  ──────────────────────────────────────────────────────────────────
2026-10-05 23:55:11  [90m23:49:47 [0] Real Betis: 0 treino(s) a pôr[0m
2026-10-05 23:55:11  [90m23:49:47 [1] FC Van: 0 treino(s) a pôr[0m
2026-10-05 23:55:11  [90m23:50:03 Anuncios da loja: video 1 visto.[0m
2026-10-05 23:55:11  [90m23:51:21 Anuncios da loja: video 2 visto.[0m
2026-10-05 23:55:11  [90m23:52:23 Anuncios da loja: video 3 visto.[0m
2026-10-05 23:55:11  Ctrl+C para parar
2026-10-05 23:55:11  [H[J OSMbot · A TRABALHAR · Windows                           23:52:33
2026-10-05 23:55:11  ──────────────────────────────────────────────────────────────────
2026-10-05 23:55:11  À espera  treino acaba 01:48 (em 1h55)
2026-10-05 23:55:11  [32m REAL BETIS   1.º Spain   jogo em 21h16   slots 4/4[0m
2026-10-05 23:55:11  Haaland        ATA    3h55  █████████░░░░░░░░░
2026-10-05 23:55:11  de Jong        MED    3h55  █████████░░░░░░░░░
2026-10-05 23:55:11  Gabriel        DEF    3h55  █████████░░░░░░░░░
2026-10-05 23:55:11  Donnarumma     GR     3h55  █████████░░░░░░░░░
2026-10-05 23:55:11  [32m FC VAN   4.º Armenia   jogo em 18h44   slots 4/4[0m
2026-10-05 23:55:11  Knauff         ATA    1h55  ██████████████░░░░
2026-10-05 23:55:11  K. Koné        MED    3h55  █████████░░░░░░░░░
2026-10-05 23:55:11  Mendes         DEF    3h55  █████████░░░░░░░░░
2026-10-05 23:55:11  Livakovic      GR     1h55  ██████████████░░░░
2026-10-05 23:55:11  Boss coins 2454    Anúncios: loja ✓  treino ✓
2026-10-05 23:55:11  desde o arranque (0h02) · saldo +0 boss coins · loja 3 vídeo(s) · treino 0 vídeo(s) · 0 recolhido(s) · 0 posto(s) a treinar
2026-10-05 23:55:11  ──────────────────────────────────────────────────────────────────
2026-10-05 23:55:11  [90m23:49:47 [0] Real Betis: 0 treino(s) a pôr[0m
2026-10-05 23:55:11  [90m23:49:47 [1] FC Van: 0 treino(s) a pôr[0m
2026-10-05 23:55:11  [90m23:50:03 Anuncios da loja: video 1 visto.[0m
2026-10-05 23:55:11  [90m23:51:21 Anuncios da loja: video 2 visto.[0m
2026-10-05 23:55:11  [90m23:52:23 Anuncios da loja: video 3 visto.[0m
2026-10-05 23:55:11  Ctrl+C para parar
2026-10-05 23:55:11  [H[J OSMbot · A TRABALHAR · Windows                           23:52:34
2026-10-05 23:55:11  ──────────────────────────────────────────────────────────────────
2026-10-05 23:55:11  À espera  treino acaba 01:48 (em 1h55)
2026-10-05 23:55:11  [32m REAL BETIS   1.º Spain   jogo em 21h16   slots 4/4[0m
2026-10-05 23:55:11  Haaland        ATA    3h55  █████████░░░░░░░░░
2026-10-05 23:55:11  de Jong        MED    3h55  █████████░░░░░░░░░
2026-10-05 23:55:11  Gabriel        DEF    3h55  █████████░░░░░░░░░
2026-10-05 23:55:11  Donnarumma     GR     3h55  █████████░░░░░░░░░
2026-10-05 23:55:11  [32m FC VAN   4.º Armenia   jogo em 18h44   slots 4/4[0m
2026-10-05 23:55:11  Knauff         ATA    1h55  ██████████████░░░░
2026-10-05 23:55:11  K. Koné        MED    3h55  █████████░░░░░░░░░
2026-10-05 23:55:11  Mendes         DEF    3h55  █████████░░░░░░░░░
2026-10-05 23:55:11  Livakovic      GR     1h55  ██████████████░░░░
2026-10-05 23:55:11  Boss coins 2454    Anúncios: loja ✓  treino ✓
2026-10-05 23:55:11  desde o arranque (0h02) · saldo +0 boss coins · loja 3 vídeo(s) · treino 0 vídeo(s) · 0 recolhido(s) · 0 posto(s) a treinar
2026-10-05 23:55:11  ──────────────────────────────────────────────────────────────────
2026-10-05 23:55:11  [90m23:49:47 [0] Real Betis: 0 treino(s) a pôr[0m
2026-10-05 23:55:11  [90m23:49:47 [1] FC Van: 0 treino(s) a pôr[0m
2026-10-05 23:55:11  [90m23:50:03 Anuncios da loja: video 1 visto.[0m
2026-10-05 23:55:11  [90m23:51:21 Anuncios da loja: video 2 visto.[0m
2026-10-05 23:55:11  [90m23:52:23 Anuncios da loja: video 3 visto.[0m
2026-10-05 23:55:11  Ctrl+C para parar
2026-10-05 23:55:11  [H[J OSMbot · A TRABALHAR · Windows                           23:52:35
2026-10-05 23:55:11  ──────────────────────────────────────────────────────────────────
2026-10-05 23:55:11  À espera  treino acaba 01:48 (em 1h55)
2026-10-05 23:55:11  [32m REAL BETIS   1.º Spain   jogo em 21h16   slots 4/4[0m
2026-10-05 23:55:11  Haaland        ATA    3h55  █████████░░░░░░░░░
2026-10-05 23:55:11  de Jong        MED    3h55  █████████░░░░░░░░░
2026-10-05 23:55:11  Gabriel        DEF    3h55  █████████░░░░░░░░░
2026-10-05 23:55:11  Donnarumma     GR     3h55  █████████░░░░░░░░░
2026-10-05 23:55:11  [32m FC VAN   4.º Armenia   jogo em 18h44   slots 4/4[0m
2026-10-05 23:55:11  Knauff         ATA    1h55  ██████████████░░░░
2026-10-05 23:55:11  K. Koné        MED    3h55  █████████░░░░░░░░░
2026-10-05 23:55:11  Mendes         DEF    3h55  █████████░░░░░░░░░
2026-10-05 23:55:11  Livakovic      GR     1h55  ██████████████░░░░
2026-10-05 23:55:11  Boss coins 2454    Anúncios: loja ✓  treino ✓
2026-10-05 23:55:11  desde o arranque (0h02) · saldo +0 boss coins · loja 3 vídeo(s) · treino 0 vídeo(s) · 0 recolhido(s) · 0 posto(s) a treinar
2026-10-05 23:55:11  ──────────────────────────────────────────────────────────────────
2026-10-05 23:55:11  [90m23:49:47 [0] Real Betis: 0 treino(s) a pôr[0m
2026-10-05 23:55:11  [90m23:49:47 [1] FC Van: 0 treino(s) a pôr[0m
2026-10-05 23:55:11  [90m23:50:03 Anuncios da loja: video 1 visto.[0m
2026-10-05 23:55:11  [90m23:51:21 Anuncios da loja: video 2 visto.[0m
2026-10-05 23:55:11  [90m23:52:23 Anuncios da loja: video 3 visto.[0m
2026-10-05 23:55:11  Ctrl+C para parar
2026-10-05 23:55:11  [H[J OSMbot · A TRABALHAR · Windows                           23:52:36
2026-10-05 23:55:11  ──────────────────────────────────────────────────────────────────
2026-10-05 23:55:11  À espera  treino acaba 01:48 (em 1h55)
2026-10-05 23:55:11  [32m REAL BETIS   1.º Spain   jogo em 21h16   slots 4/4[0m
2026-10-05 23:55:11  Haaland        ATA    3h55  █████████░░░░░░░░░
2026-10-05 23:55:11  de Jong        MED    3h55  █████████░░░░░░░░░
2026-10-05 23:55:11  Gabriel        DEF    3h55  █████████░░░░░░░░░
2026-10-05 23:55:11  Donnarumma     GR     3h55  █████████░░░░░░░░░
2026-10-05 23:55:11  [32m FC VAN   4.º Armenia   jogo em 18h44   slots 4/4[0m
2026-10-05 23:55:11  Knauff         ATA    1h55  ██████████████░░░░
2026-10-05 23:55:11  K. Koné        MED    3h55  █████████░░░░░░░░░
2026-10-05 23:55:11  Mendes         DEF    3h55  █████████░░░░░░░░░
2026-10-05 23:55:11  Livakovic      GR     1h55  ██████████████░░░░
2026-10-05 23:55:11  Boss coins 2454    Anúncios: loja ✓  treino ✓
2026-10-05 23:55:11  desde o arranque (0h02) · saldo +0 boss coins · loja 3 vídeo(s) · treino 0 vídeo(s) · 0 recolhido(s) · 0 posto(s) a treinar
2026-10-05 23:55:11  ──────────────────────────────────────────────────────────────────
2026-10-05 23:55:11  [90m23:49:47 [0] Real Betis: 0 treino(s) a pôr[0m
2026-10-05 23:55:11  [90m23:49:47 [1] FC Van: 0 treino(s) a pôr[0m
2026-10-05 23:55:11  [90m23:50:03 Anuncios da loja: video 1 visto.[0m
2026-10-05 23:55:11  [90m23:51:21 Anuncios da loja: video 2 visto.[0m
2026-10-05 23:55:11  [90m23:52:23 Anuncios da loja: video 3 visto.[0m
2026-10-05 23:55:11  Ctrl+C para parar
2026-10-05 23:55:11  [H[J OSMbot · A TRABALHAR · Windows                           23:52:37
2026-10-05 23:55:11  ──────────────────────────────────────────────────────────────────
2026-10-05 23:55:11  À espera  treino acaba 01:48 (em 1h55)
2026-10-05 23:55:11  [32m REAL BETIS   1.º Spain   jogo em 21h16   slots 4/4[0m
2026-10-05 23:55:11  Haaland        ATA    3h55  █████████░░░░░░░░░
2026-10-05 23:55:11  de Jong        MED    3h55  █████████░░░░░░░░░
2026-10-05 23:55:11  Gabriel        DEF    3h55  █████████░░░░░░░░░
2026-10-05 23:55:11  Donnarumma     GR     3h55  █████████░░░░░░░░░
2026-10-05 23:55:11  [32m FC VAN   4.º Armenia   jogo em 18h44   slots 4/4[0m
2026-10-05 23:55:11  Knauff         ATA    1h55  ██████████████░░░░
2026-10-05 23:55:11  K. Koné        MED    3h55  █████████░░░░░░░░░
2026-10-05 23:55:11  Mendes         DEF    3h55  █████████░░░░░░░░░
2026-10-05 23:55:11  Livakovic      GR     1h55  ██████████████░░░░
2026-10-05 23:55:11  Boss coins 2454    Anúncios: loja ✓  treino ✓
2026-10-05 23:55:11  desde o arranque (0h02) · saldo +0 boss coins · loja 3 vídeo(s) · treino 0 vídeo(s) · 0 recolhido(s) · 0 posto(s) a treinar
2026-10-05 23:55:11  ──────────────────────────────────────────────────────────────────
2026-10-05 23:55:11  [90m23:49:47 [0] Real Betis: 0 treino(s) a pôr[0m
2026-10-05 23:55:11  [90m23:49:47 [1] FC Van: 0 treino(s) a pôr[0m
2026-10-05 23:55:11  [90m23:50:03 Anuncios da loja: video 1 visto.[0m
2026-10-05 23:55:11  [90m23:51:21 Anuncios da loja: video 2 visto.[0m
2026-10-05 23:55:11  [90m23:52:23 Anuncios da loja: video 3 visto.[0m
2026-10-05 23:55:11  Ctrl+C para parar
2026-10-05 23:55:11  [H[J OSMbot · A TRABALHAR · Windows                           23:52:38
2026-10-05 23:55:11  ──────────────────────────────────────────────────────────────────
2026-10-05 23:55:11  À espera  treino acaba 01:48 (em 1h55)
2026-10-05 23:55:11  [32m REAL BETIS   1.º Spain   jogo em 21h16   slots 4/4[0m
2026-10-05 23:55:11  Haaland        ATA    3h55  █████████░░░░░░░░░
2026-10-05 23:55:11  de Jong        MED    3h55  █████████░░░░░░░░░
2026-10-05 23:55:11  Gabriel        DEF    3h55  █████████░░░░░░░░░
2026-10-05 23:55:11  Donnarumma     GR     3h55  █████████░░░░░░░░░
2026-10-05 23:55:11  [32m FC VAN   4.º Armenia   jogo em 18h44   slots 4/4[0m
2026-10-05 23:55:11  Knauff         ATA    1h55  ██████████████░░░░
2026-10-05 23:55:11  K. Koné        MED    3h55  █████████░░░░░░░░░
2026-10-05 23:55:11  Mendes         DEF    3h55  █████████░░░░░░░░░
2026-10-05 23:55:11  Livakovic      GR     1h55  ██████████████░░░░
2026-10-05 23:55:11  Boss coins 2454    Anúncios: loja ✓  treino ✓
2026-10-05 23:55:11  desde o arranque (0h03) · saldo +0 boss coins · loja 3 vídeo(s) · treino 0 vídeo(s) · 0 recolhido(s) · 0 posto(s) a treinar
2026-10-05 23:55:11  ──────────────────────────────────────────────────────────────────
2026-10-05 23:55:11  [90m23:49:47 [0] Real Betis: 0 treino(s) a pôr[0m
2026-10-05 23:55:11  [90m23:49:47 [1] FC Van: 0 treino(s) a pôr[0m
2026-10-05 23:55:11  [90m23:50:03 Anuncios da loja: video 1 visto.[0m
2026-10-05 23:55:11  [90m23:51:21 Anuncios da loja: video 2 visto.[0m
2026-10-05 23:55:11  [90m23:52:23 Anuncios da loja: video 3 visto.[0m
2026-10-05 23:55:11  Ctrl+C para parar
2026-10-05 23:55:11  [H[J OSMbot · A TRABALHAR · Windows                           23:52:39
2026-10-05 23:55:11  ──────────────────────────────────────────────────────────────────
2026-10-05 23:55:11  À espera  treino acaba 01:48 (em 1h55)
2026-10-05 23:55:11  [32m REAL BETIS   1.º Spain   jogo em 21h16   slots 4/4[0m
2026-10-05 23:55:11  Haaland        ATA    3h55  █████████░░░░░░░░░
2026-10-05 23:55:11  de Jong        MED    3h55  █████████░░░░░░░░░
2026-10-05 23:55:11  Gabriel        DEF    3h55  █████████░░░░░░░░░
2026-10-05 23:55:11  Donnarumma     GR     3h55  █████████░░░░░░░░░
2026-10-05 23:55:11  [32m FC VAN   4.º Armenia   jogo em 18h44   slots 4/4[0m
2026-10-05 23:55:11  Knauff         ATA    1h55  ██████████████░░░░
2026-10-05 23:55:11  K. Koné        MED    3h55  █████████░░░░░░░░░
2026-10-05 23:55:11  Mendes         DEF    3h55  █████████░░░░░░░░░
2026-10-05 23:55:11  Livakovic      GR     1h55  ██████████████░░░░
2026-10-05 23:55:11  Boss coins 2454    Anúncios: loja ✓  treino ✓
2026-10-05 23:55:11  desde o arranque (0h03) · saldo +0 boss coins · loja 3 vídeo(s) · treino 0 vídeo(s) · 0 recolhido(s) · 0 posto(s) a treinar
2026-10-05 23:55:11  ──────────────────────────────────────────────────────────────────
2026-10-05 23:55:11  [90m23:49:47 [0] Real Betis: 0 treino(s) a pôr[0m
2026-10-05 23:55:11  [90m23:49:47 [1] FC Van: 0 treino(s) a pôr[0m
2026-10-05 23:55:11  [90m23:50:03 Anuncios da loja: video 1 visto.[0m
2026-10-05 23:55:11  [90m23:51:21 Anuncios da loja: video 2 visto.[0m
2026-10-05 23:55:11  [90m23:52:23 Anuncios da loja: video 3 visto.[0m
2026-10-05 23:55:11  Ctrl+C para parar
2026-10-05 23:55:11  [H[J OSMbot · A TRABALHAR · Windows                           23:52:40
2026-10-05 23:55:11  ──────────────────────────────────────────────────────────────────
2026-10-05 23:55:11  À espera  treino acaba 01:48 (em 1h55)
2026-10-05 23:55:11  [32m REAL BETIS   1.º Spain   jogo em 21h16   slots 4/4[0m
2026-10-05 23:55:11  Haaland        ATA    3h55  █████████░░░░░░░░░
2026-10-05 23:55:11  de Jong        MED    3h55  █████████░░░░░░░░░
2026-10-05 23:55:11  Gabriel        DEF    3h55  █████████░░░░░░░░░
2026-10-05 23:55:11  Donnarumma     GR     3h55  █████████░░░░░░░░░
2026-10-05 23:55:11  [32m FC VAN   4.º Armenia   jogo em 18h44   slots 4/4[0m
2026-10-05 23:55:11  Knauff         ATA    1h55  ██████████████░░░░
2026-10-05 23:55:11  K. Koné        MED    3h55  █████████░░░░░░░░░
2026-10-05 23:55:11  Mendes         DEF    3h55  █████████░░░░░░░░░
2026-10-05 23:55:11  Livakovic      GR     1h55  ██████████████░░░░
2026-10-05 23:55:11  Boss coins 2454    Anúncios: loja ✓  treino ✓
2026-10-05 23:55:11  desde o arranque (0h03) · saldo +0 boss coins · loja 3 vídeo(s) · treino 0 vídeo(s) · 0 recolhido(s) · 0 posto(s) a treinar
2026-10-05 23:55:11  ──────────────────────────────────────────────────────────────────
2026-10-05 23:55:11  [90m23:49:47 [0] Real Betis: 0 treino(s) a pôr[0m
2026-10-05 23:55:11  [90m23:49:47 [1] FC Van: 0 treino(s) a pôr[0m
2026-10-05 23:55:11  [90m23:50:03 Anuncios da loja: video 1 visto.[0m
2026-10-05 23:55:11  [90m23:51:21 Anuncios da loja: video 2 visto.[0m
2026-10-05 23:55:11  [90m23:52:23 Anuncios da loja: video 3 visto.[0m
2026-10-05 23:55:11  Ctrl+C para parar
2026-10-05 23:55:11  [H[J OSMbot · A TRABALHAR · Windows                           23:52:41
2026-10-05 23:55:11  ──────────────────────────────────────────────────────────────────
2026-10-05 23:55:11  À espera  treino acaba 01:48 (em 1h55)
2026-10-05 23:55:11  [32m REAL BETIS   1.º Spain   jogo em 21h16   slots 4/4[0m
2026-10-05 23:55:11  Haaland        ATA    3h55  █████████░░░░░░░░░
2026-10-05 23:55:11  de Jong        MED    3h55  █████████░░░░░░░░░
2026-10-05 23:55:11  Gabriel        DEF    3h55  █████████░░░░░░░░░
2026-10-05 23:55:11  Donnarumma     GR     3h55  █████████░░░░░░░░░
2026-10-05 23:55:11  [32m FC VAN   4.º Armenia   jogo em 18h44   slots 4/4[0m
2026-10-05 23:55:11  Knauff         ATA    1h55  ██████████████░░░░
2026-10-05 23:55:11  K. Koné        MED    3h55  █████████░░░░░░░░░
2026-10-05 23:55:11  Mendes         DEF    3h55  █████████░░░░░░░░░
2026-10-05 23:55:11  Livakovic      GR     1h55  ██████████████░░░░
2026-10-05 23:55:11  Boss coins 2454    Anúncios: loja ✓  treino ✓
2026-10-05 23:55:11  desde o arranque (0h03) · saldo +0 boss coins · loja 3 vídeo(s) · treino 0 vídeo(s) · 0 recolhido(s) · 0 posto(s) a treinar
2026-10-05 23:55:11  ──────────────────────────────────────────────────────────────────
2026-10-05 23:55:11  [90m23:49:47 [0] Real Betis: 0 treino(s) a pôr[0m
2026-10-05 23:55:11  [90m23:49:47 [1] FC Van: 0 treino(s) a pôr[0m
2026-10-05 23:55:11  [90m23:50:03 Anuncios da loja: video 1 visto.[0m
2026-10-05 23:55:11  [90m23:51:21 Anuncios da loja: video 2 visto.[0m
2026-10-05 23:55:11  [90m23:52:23 Anuncios da loja: video 3 visto.[0m
2026-10-05 23:55:11  Ctrl+C para parar
2026-10-05 23:55:11  [H[J OSMbot · A TRABALHAR · Windows                           23:52:42
2026-10-05 23:55:11  ──────────────────────────────────────────────────────────────────
2026-10-05 23:55:11  À espera  treino acaba 01:48 (em 1h55)
2026-10-05 23:55:11  [32m REAL BETIS   1.º Spain   jogo em 21h16   slots 4/4[0m
2026-10-05 23:55:11  Haaland        ATA    3h55  █████████░░░░░░░░░
2026-10-05 23:55:11  de Jong        MED    3h55  █████████░░░░░░░░░
2026-10-05 23:55:11  Gabriel        DEF    3h55  █████████░░░░░░░░░
2026-10-05 23:55:11  Donnarumma     GR     3h55  █████████░░░░░░░░░
2026-10-05 23:55:11  [32m FC VAN   4.º Armenia   jogo em 18h44   slots 4/4[0m
2026-10-05 23:55:11  Knauff         ATA    1h55  ██████████████░░░░
2026-10-05 23:55:11  K. Koné        MED    3h55  █████████░░░░░░░░░
2026-10-05 23:55:11  Mendes         DEF    3h55  █████████░░░░░░░░░
2026-10-05 23:55:11  Livakovic      GR     1h55  ██████████████░░░░
2026-10-05 23:55:11  Boss coins 2454    Anúncios: loja ✓  treino ✓
2026-10-05 23:55:11  desde o arranque (0h03) · saldo +0 boss coins · loja 3 vídeo(s) · treino 0 vídeo(s) · 0 recolhido(s) · 0 posto(s) a treinar
2026-10-05 23:55:11  ──────────────────────────────────────────────────────────────────
2026-10-05 23:55:11  [90m23:49:47 [0] Real Betis: 0 treino(s) a pôr[0m
2026-10-05 23:55:11  [90m23:49:47 [1] FC Van: 0 treino(s) a pôr[0m
2026-10-05 23:55:11  [90m23:50:03 Anuncios da loja: video 1 visto.[0m
2026-10-05 23:55:11  [90m23:51:21 Anuncios da loja: video 2 visto.[0m
2026-10-05 23:55:11  [90m23:52:23 Anuncios da loja: video 3 visto.[0m
2026-10-05 23:55:11  Ctrl+C para parar
2026-10-05 23:55:11  [H[J OSMbot · A TRABALHAR · Windows                           23:52:43
2026-10-05 23:55:11  ──────────────────────────────────────────────────────────────────
2026-10-05 23:55:11  À espera  treino acaba 01:48 (em 1h55)
2026-10-05 23:55:11  [32m REAL BETIS   1.º Spain   jogo em 21h16   slots 4/4[0m
2026-10-05 23:55:11  Haaland        ATA    3h55  █████████░░░░░░░░░
2026-10-05 23:55:11  de Jong        MED    3h55  █████████░░░░░░░░░
2026-10-05 23:55:11  Gabriel        DEF    3h55  █████████░░░░░░░░░
2026-10-05 23:55:11  Donnarumma     GR     3h55  █████████░░░░░░░░░
2026-10-05 23:55:11  [32m FC VAN   4.º Armenia   jogo em 18h44   slots 4/4[0m
2026-10-05 23:55:11  Knauff         ATA    1h55  ██████████████░░░░
2026-10-05 23:55:11  K. Koné        MED    3h55  █████████░░░░░░░░░
2026-10-05 23:55:11  Mendes         DEF    3h55  █████████░░░░░░░░░
2026-10-05 23:55:11  Livakovic      GR     1h55  ██████████████░░░░
2026-10-05 23:55:11  Boss coins 2454    Anúncios: loja ✓  treino ✓
2026-10-05 23:55:11  desde o arranque (0h03) · saldo +0 boss coins · loja 3 vídeo(s) · treino 0 vídeo(s) · 0 recolhido(s) · 0 posto(s) a treinar
2026-10-05 23:55:11  ──────────────────────────────────────────────────────────────────
2026-10-05 23:55:11  [90m23:49:47 [0] Real Betis: 0 treino(s) a pôr[0m
2026-10-05 23:55:11  [90m23:49:47 [1] FC Van: 0 treino(s) a pôr[0m
2026-10-05 23:55:11  [90m23:50:03 Anuncios da loja: video 1 visto.[0m
2026-10-05 23:55:11  [90m23:51:21 Anuncios da loja: video 2 visto.[0m
2026-10-05 23:55:11  [90m23:52:23 Anuncios da loja: video 3 visto.[0m
2026-10-05 23:55:11  Ctrl+C para parar
2026-10-05 23:55:11  [H[J OSMbot · A TRABALHAR · Windows                           23:52:44
2026-10-05 23:55:11  ──────────────────────────────────────────────────────────────────
2026-10-05 23:55:11  À espera  treino acaba 01:48 (em 1h55)
2026-10-05 23:55:11  [32m REAL BETIS   1.º Spain   jogo em 21h16   slots 4/4[0m
2026-10-05 23:55:11  Haaland        ATA    3h55  █████████░░░░░░░░░
2026-10-05 23:55:11  de Jong        MED    3h55  █████████░░░░░░░░░
2026-10-05 23:55:11  Gabriel        DEF    3h55  █████████░░░░░░░░░
2026-10-05 23:55:11  Donnarumma     GR     3h55  █████████░░░░░░░░░
2026-10-05 23:55:11  [32m FC VAN   4.º Armenia   jogo em 18h44   slots 4/4[0m
2026-10-05 23:55:11  Knauff         ATA    1h55  ██████████████░░░░
2026-10-05 23:55:11  K. Koné        MED    3h55  █████████░░░░░░░░░
2026-10-05 23:55:11  Mendes         DEF    3h55  █████████░░░░░░░░░
2026-10-05 23:55:11  Livakovic      GR     1h55  ██████████████░░░░
2026-10-05 23:55:11  Boss coins 2454    Anúncios: loja ✓  treino ✓
2026-10-05 23:55:11  desde o arranque (0h03) · saldo +0 boss coins · loja 3 vídeo(s) · treino 0 vídeo(s) · 0 recolhido(s) · 0 posto(s) a treinar
2026-10-05 23:55:11  ──────────────────────────────────────────────────────────────────
2026-10-05 23:55:11  [90m23:49:47 [0] Real Betis: 0 treino(s) a pôr[0m
2026-10-05 23:55:11  [90m23:49:47 [1] FC Van: 0 treino(s) a pôr[0m
2026-10-05 23:55:11  [90m23:50:03 Anuncios da loja: video 1 visto.[0m
2026-10-05 23:55:11  [90m23:51:21 Anuncios da loja: video 2 visto.[0m
2026-10-05 23:55:11  [90m23:52:23 Anuncios da loja: video 3 visto.[0m
2026-10-05 23:55:11  Ctrl+C para parar
2026-10-05 23:55:11  [H[J OSMbot · A TRABALHAR · Windows                           23:52:45
2026-10-05 23:55:11  ──────────────────────────────────────────────────────────────────
2026-10-05 23:55:11  À espera  treino acaba 01:48 (em 1h55)
2026-10-05 23:55:11  [32m REAL BETIS   1.º Spain   jogo em 21h16   slots 4/4[0m
2026-10-05 23:55:11  Haaland        ATA    3h55  █████████░░░░░░░░░
2026-10-05 23:55:11  de Jong        MED    3h55  █████████░░░░░░░░░
2026-10-05 23:55:11  Gabriel        DEF    3h55  █████████░░░░░░░░░
2026-10-05 23:55:11  Donnarumma     GR     3h55  █████████░░░░░░░░░
2026-10-05 23:55:11  [32m FC VAN   4.º Armenia   jogo em 18h44   slots 4/4[0m
2026-10-05 23:55:11  Knauff         ATA    1h55  ██████████████░░░░
2026-10-05 23:55:11  K. Koné        MED    3h55  █████████░░░░░░░░░
2026-10-05 23:55:11  Mendes         DEF    3h55  █████████░░░░░░░░░
2026-10-05 23:55:11  Livakovic      GR     1h55  ██████████████░░░░
2026-10-05 23:55:11  Boss coins 2454    Anúncios: loja ✓  treino ✓
2026-10-05 23:55:11  desde o arranque (0h03) · saldo +0 boss coins · loja 3 vídeo(s) · treino 0 vídeo(s) · 0 recolhido(s) · 0 posto(s) a treinar
2026-10-05 23:55:11  ──────────────────────────────────────────────────────────────────
2026-10-05 23:55:11  [90m23:49:47 [0] Real Betis: 0 treino(s) a pôr[0m
2026-10-05 23:55:11  [90m23:49:47 [1] FC Van: 0 treino(s) a pôr[0m
2026-10-05 23:55:11  [90m23:50:03 Anuncios da loja: video 1 visto.[0m
2026-10-05 23:55:11  [90m23:51:21 Anuncios da loja: video 2 visto.[0m
2026-10-05 23:55:11  [90m23:52:23 Anuncios da loja: video 3 visto.[0m
2026-10-05 23:55:11  Ctrl+C para parar
2026-10-05 23:55:11  [H[J OSMbot · A TRABALHAR · Windows                           23:52:46
2026-10-05 23:55:11  ──────────────────────────────────────────────────────────────────
2026-10-05 23:55:11  À espera  treino acaba 01:48 (em 1h55)
2026-10-05 23:55:11  [32m REAL BETIS   1.º Spain   jogo em 21h16   slots 4/4[0m
2026-10-05 23:55:11  Haaland        ATA    3h55  █████████░░░░░░░░░
2026-10-05 23:55:11  de Jong        MED    3h55  █████████░░░░░░░░░
2026-10-05 23:55:11  Gabriel        DEF    3h55  █████████░░░░░░░░░
2026-10-05 23:55:11  Donnarumma     GR     3h55  █████████░░░░░░░░░
2026-10-05 23:55:11  [32m FC VAN   4.º Armenia   jogo em 18h44   slots 4/4[0m
2026-10-05 23:55:11  Knauff         ATA    1h55  ██████████████░░░░
2026-10-05 23:55:11  K. Koné        MED    3h55  █████████░░░░░░░░░
2026-10-05 23:55:11  Mendes         DEF    3h55  █████████░░░░░░░░░
2026-10-05 23:55:11  Livakovic      GR     1h55  ██████████████░░░░
2026-10-05 23:55:11  Boss coins 2454    Anúncios: loja ✓  treino ✓
2026-10-05 23:55:11  desde o arranque (0h03) · saldo +0 boss coins · loja 3 vídeo(s) · treino 0 vídeo(s) · 0 recolhido(s) · 0 posto(s) a treinar
2026-10-05 23:55:11  ──────────────────────────────────────────────────────────────────
2026-10-05 23:55:11  [90m23:49:47 [0] Real Betis: 0 treino(s) a pôr[0m
2026-10-05 23:55:11  [90m23:49:47 [1] FC Van: 0 treino(s) a pôr[0m
2026-10-05 23:55:11  [90m23:50:03 Anuncios da loja: video 1 visto.[0m
2026-10-05 23:55:11  [90m23:51:21 Anuncios da loja: video 2 visto.[0m
2026-10-05 23:55:11  [90m23:52:23 Anuncios da loja: video 3 visto.[0m
2026-10-05 23:55:11  Ctrl+C para parar
2026-10-05 23:55:11  [H[J OSMbot · A TRABALHAR · Windows                           23:52:47
2026-10-05 23:55:11  ──────────────────────────────────────────────────────────────────
2026-10-05 23:55:11  À espera  treino acaba 01:48 (em 1h55)
2026-10-05 23:55:11  [32m REAL BETIS   1.º Spain   jogo em 21h16   slots 4/4[0m
2026-10-05 23:55:11  Haaland        ATA    3h55  █████████░░░░░░░░░
2026-10-05 23:55:11  de Jong        MED    3h55  █████████░░░░░░░░░
2026-10-05 23:55:11  Gabriel        DEF    3h55  █████████░░░░░░░░░
2026-10-05 23:55:11  Donnarumma     GR     3h55  █████████░░░░░░░░░
2026-10-05 23:55:11  [32m FC VAN   4.º Armenia   jogo em 18h44   slots 4/4[0m
2026-10-05 23:55:11  Knauff         ATA    1h55  ██████████████░░░░
2026-10-05 23:55:11  K. Koné        MED    3h55  █████████░░░░░░░░░
2026-10-05 23:55:11  Mendes         DEF    3h55  █████████░░░░░░░░░
2026-10-05 23:55:11  Livakovic      GR     1h55  ██████████████░░░░
2026-10-05 23:55:11  Boss coins 2454    Anúncios: loja ✓  treino ✓
2026-10-05 23:55:11  desde o arranque (0h03) · saldo +0 boss coins · loja 3 vídeo(s) · treino 0 vídeo(s) · 0 recolhido(s) · 0 posto(s) a treinar
2026-10-05 23:55:11  ──────────────────────────────────────────────────────────────────
2026-10-05 23:55:11  [90m23:49:47 [0] Real Betis: 0 treino(s) a pôr[0m
2026-10-05 23:55:11  [90m23:49:47 [1] FC Van: 0 treino(s) a pôr[0m
2026-10-05 23:55:11  [90m23:50:03 Anuncios da loja: video 1 visto.[0m
2026-10-05 23:55:11  [90m23:51:21 Anuncios da loja: video 2 visto.[0m
2026-10-05 23:55:11  [90m23:52:23 Anuncios da loja: video 3 visto.[0m
2026-10-05 23:55:11  Ctrl+C para parar
2026-10-05 23:55:11  [H[J OSMbot · A TRABALHAR · Windows                           23:52:48
2026-10-05 23:55:11  ──────────────────────────────────────────────────────────────────
2026-10-05 23:55:11  À espera  treino acaba 01:48 (em 1h55)
2026-10-05 23:55:11  [32m REAL BETIS   1.º Spain   jogo em 21h16   slots 4/4[0m
2026-10-05 23:55:11  Haaland        ATA    3h55  █████████░░░░░░░░░
2026-10-05 23:55:11  de Jong        MED    3h55  █████████░░░░░░░░░
2026-10-05 23:55:11  Gabriel        DEF    3h55  █████████░░░░░░░░░
2026-10-05 23:55:11  Donnarumma     GR     3h55  █████████░░░░░░░░░
2026-10-05 23:55:11  [32m FC VAN   4.º Armenia   jogo em 18h43   slots 4/4[0m
2026-10-05 23:55:11  Knauff         ATA    1h55  ██████████████░░░░
2026-10-05 23:55:11  K. Koné        MED    3h55  █████████░░░░░░░░░
2026-10-05 23:55:11  Mendes         DEF    3h55  █████████░░░░░░░░░
2026-10-05 23:55:11  Livakovic      GR     1h55  ██████████████░░░░
2026-10-05 23:55:11  Boss coins 2454    Anúncios: loja ✓  treino ✓
2026-10-05 23:55:11  desde o arranque (0h03) · saldo +0 boss coins · loja 3 vídeo(s) · treino 0 vídeo(s) · 0 recolhido(s) · 0 posto(s) a treinar
2026-10-05 23:55:11  ──────────────────────────────────────────────────────────────────
2026-10-05 23:55:11  [90m23:49:47 [0] Real Betis: 0 treino(s) a pôr[0m
2026-10-05 23:55:11  [90m23:49:47 [1] FC Van: 0 treino(s) a pôr[0m
2026-10-05 23:55:11  [90m23:50:03 Anuncios da loja: video 1 visto.[0m
2026-10-05 23:55:11  [90m23:51:21 Anuncios da loja: video 2 visto.[0m
2026-10-05 23:55:11  [90m23:52:23 Anuncios da loja: video 3 visto.[0m
2026-10-05 23:55:11  Ctrl+C para parar
2026-10-05 23:55:11  [H[J OSMbot · A TRABALHAR · Windows                           23:52:49
2026-10-05 23:55:11  ──────────────────────────────────────────────────────────────────
2026-10-05 23:55:11  À espera  treino acaba 01:48 (em 1h55)
2026-10-05 23:55:11  [32m REAL BETIS   1.º Spain   jogo em 21h16   slots 4/4[0m
2026-10-05 23:55:11  Haaland        ATA    3h55  █████████░░░░░░░░░
2026-10-05 23:55:11  de Jong        MED    3h55  █████████░░░░░░░░░
2026-10-05 23:55:11  Gabriel        DEF    3h55  █████████░░░░░░░░░
2026-10-05 23:55:11  Donnarumma     GR     3h55  █████████░░░░░░░░░
2026-10-05 23:55:11  [32m FC VAN   4.º Armenia   jogo em 18h43   slots 4/4[0m
2026-10-05 23:55:11  Knauff         ATA    1h55  ██████████████░░░░
2026-10-05 23:55:11  K. Koné        MED    3h55  █████████░░░░░░░░░
2026-10-05 23:55:11  Mendes         DEF    3h55  █████████░░░░░░░░░
2026-10-05 23:55:11  Livakovic      GR     1h55  ██████████████░░░░
2026-10-05 23:55:11  Boss coins 2454    Anúncios: loja ✓  treino ✓
2026-10-05 23:55:11  desde o arranque (0h03) · saldo +0 boss coins · loja 3 vídeo(s) · treino 0 vídeo(s) · 0 recolhido(s) · 0 posto(s) a treinar
2026-10-05 23:55:11  ──────────────────────────────────────────────────────────────────
2026-10-05 23:55:11  [90m23:49:47 [0] Real Betis: 0 treino(s) a pôr[0m
2026-10-05 23:55:11  [90m23:49:47 [1] FC Van: 0 treino(s) a pôr[0m
2026-10-05 23:55:11  [90m23:50:03 Anuncios da loja: video 1 visto.[0m
2026-10-05 23:55:11  [90m23:51:21 Anuncios da loja: video 2 visto.[0m
2026-10-05 23:55:11  [90m23:52:23 Anuncios da loja: video 3 visto.[0m
2026-10-05 23:55:11  Ctrl+C para parar
2026-10-05 23:55:11  [H[J OSMbot · A TRABALHAR · Windows                           23:52:50
2026-10-05 23:55:11  ──────────────────────────────────────────────────────────────────
2026-10-05 23:55:11  À espera  treino acaba 01:48 (em 1h55)
2026-10-05 23:55:11  [32m REAL BETIS   1.º Spain   jogo em 21h16   slots 4/4[0m
2026-10-05 23:55:11  Haaland        ATA    3h55  █████████░░░░░░░░░
2026-10-05 23:55:11  de Jong        MED    3h55  █████████░░░░░░░░░
2026-10-05 23:55:11  Gabriel        DEF    3h55  █████████░░░░░░░░░
2026-10-05 23:55:11  Donnarumma     GR     3h55  █████████░░░░░░░░░
2026-10-05 23:55:11  [32m FC VAN   4.º Armenia   jogo em 18h43   slots 4/4[0m
2026-10-05 23:55:11  Knauff         ATA    1h55  ██████████████░░░░
2026-10-05 23:55:11  K. Koné        MED    3h55  █████████░░░░░░░░░
2026-10-05 23:55:11  Mendes         DEF    3h55  █████████░░░░░░░░░
2026-10-05 23:55:11  Livakovic      GR     1h55  ██████████████░░░░
2026-10-05 23:55:11  Boss coins 2454    Anúncios: loja ✓  treino ✓
2026-10-05 23:55:11  desde o arranque (0h03) · saldo +0 boss coins · loja 3 vídeo(s) · treino 0 vídeo(s) · 0 recolhido(s) · 0 posto(s) a treinar
2026-10-05 23:55:11  ──────────────────────────────────────────────────────────────────
2026-10-05 23:55:11  [90m23:49:47 [0] Real Betis: 0 treino(s) a pôr[0m
2026-10-05 23:55:11  [90m23:49:47 [1] FC Van: 0 treino(s) a pôr[0m
2026-10-05 23:55:11  [90m23:50:03 Anuncios da loja: video 1 visto.[0m
2026-10-05 23:55:11  [90m23:51:21 Anuncios da loja: video 2 visto.[0m
2026-10-05 23:55:11  [90m23:52:23 Anuncios da loja: video 3 visto.[0m
2026-10-05 23:55:11  Ctrl+C para parar
2026-10-05 23:55:11  [H[J OSMbot · A TRABALHAR · Windows                           23:52:51
2026-10-05 23:55:11  ──────────────────────────────────────────────────────────────────
2026-10-05 23:55:11  À espera  treino acaba 01:48 (em 1h55)
2026-10-05 23:55:11  [32m REAL BETIS   1.º Spain   jogo em 21h16   slots 4/4[0m
2026-10-05 23:55:11  Haaland        ATA    3h55  █████████░░░░░░░░░
2026-10-05 23:55:11  de Jong        MED    3h55  █████████░░░░░░░░░
2026-10-05 23:55:11  Gabriel        DEF    3h55  █████████░░░░░░░░░
2026-10-05 23:55:11  Donnarumma     GR     3h55  █████████░░░░░░░░░
2026-10-05 23:55:11  [32m FC VAN   4.º Armenia   jogo em 18h43   slots 4/4[0m
2026-10-05 23:55:11  Knauff         ATA    1h55  ██████████████░░░░
2026-10-05 23:55:11  K. Koné        MED    3h55  █████████░░░░░░░░░
2026-10-05 23:55:11  Mendes         DEF    3h55  █████████░░░░░░░░░
2026-10-05 23:55:11  Livakovic      GR     1h55  ██████████████░░░░
2026-10-05 23:55:11  Boss coins 2454    Anúncios: loja ✓  treino ✓
2026-10-05 23:55:11  desde o arranque (0h03) · saldo +0 boss coins · loja 3 vídeo(s) · treino 0 vídeo(s) · 0 recolhido(s) · 0 posto(s) a treinar
2026-10-05 23:55:11  ──────────────────────────────────────────────────────────────────
2026-10-05 23:55:11  [90m23:49:47 [0] Real Betis: 0 treino(s) a pôr[0m
2026-10-05 23:55:11  [90m23:49:47 [1] FC Van: 0 treino(s) a pôr[0m
2026-10-05 23:55:11  [90m23:50:03 Anuncios da loja: video 1 visto.[0m
2026-10-05 23:55:11  [90m23:51:21 Anuncios da loja: video 2 visto.[0m
2026-10-05 23:55:11  [90m23:52:23 Anuncios da loja: video 3 visto.[0m
2026-10-05 23:55:11  Ctrl+C para parar
2026-10-05 23:55:11  [H[J OSMbot · A TRABALHAR · Windows                           23:52:52
2026-10-05 23:55:11  ──────────────────────────────────────────────────────────────────
2026-10-05 23:55:11  À espera  treino acaba 01:48 (em 1h55)
2026-10-05 23:55:11  [32m REAL BETIS   1.º Spain   jogo em 21h16   slots 4/4[0m
2026-10-05 23:55:11  Haaland        ATA    3h55  █████████░░░░░░░░░
2026-10-05 23:55:11  de Jong        MED    3h55  █████████░░░░░░░░░
2026-10-05 23:55:11  Gabriel        DEF    3h55  █████████░░░░░░░░░
2026-10-05 23:55:11  Donnarumma     GR     3h55  █████████░░░░░░░░░
2026-10-05 23:55:11  [32m FC VAN   4.º Armenia   jogo em 18h43   slots 4/4[0m
2026-10-05 23:55:11  Knauff         ATA    1h55  ██████████████░░░░
2026-10-05 23:55:11  K. Koné        MED    3h55  █████████░░░░░░░░░
2026-10-05 23:55:11  Mendes         DEF    3h55  █████████░░░░░░░░░
2026-10-05 23:55:11  Livakovic      GR     1h55  ██████████████░░░░
2026-10-05 23:55:11  Boss coins 2454    Anúncios: loja ✓  treino ✓
2026-10-05 23:55:11  desde o arranque (0h03) · saldo +0 boss coins · loja 3 vídeo(s) · treino 0 vídeo(s) · 0 recolhido(s) · 0 posto(s) a treinar
2026-10-05 23:55:11  ──────────────────────────────────────────────────────────────────
2026-10-05 23:55:11  [90m23:49:47 [0] Real Betis: 0 treino(s) a pôr[0m
2026-10-05 23:55:11  [90m23:49:47 [1] FC Van: 0 treino(s) a pôr[0m
2026-10-05 23:55:11  [90m23:50:03 Anuncios da loja: video 1 visto.[0m
2026-10-05 23:55:11  [90m23:51:21 Anuncios da loja: video 2 visto.[0m
2026-10-05 23:55:11  [90m23:52:23 Anuncios da loja: video 3 visto.[0m
2026-10-05 23:55:11  Ctrl+C para parar
2026-10-05 23:55:11  [H[J OSMbot · A TRABALHAR · Windows                           23:52:53
2026-10-05 23:55:11  ──────────────────────────────────────────────────────────────────
2026-10-05 23:55:11  À espera  treino acaba 01:48 (em 1h55)
2026-10-05 23:55:11  [32m REAL BETIS   1.º Spain   jogo em 21h16   slots 4/4[0m
2026-10-05 23:55:11  Haaland        ATA    3h54  █████████░░░░░░░░░
2026-10-05 23:55:11  de Jong        MED    3h55  █████████░░░░░░░░░
2026-10-05 23:55:11  Gabriel        DEF    3h55  █████████░░░░░░░░░
2026-10-05 23:55:11  Donnarumma     GR     3h55  █████████░░░░░░░░░
2026-10-05 23:55:11  [32m FC VAN   4.º Armenia   jogo em 18h43   slots 4/4[0m
2026-10-05 23:55:11  Knauff         ATA    1h55  ██████████████░░░░
2026-10-05 23:55:11  K. Koné        MED    3h55  █████████░░░░░░░░░
2026-10-05 23:55:11  Mendes         DEF    3h55  █████████░░░░░░░░░
2026-10-05 23:55:11  Livakovic      GR     1h55  ██████████████░░░░
2026-10-05 23:55:11  Boss coins 2454    Anúncios: loja ✓  treino ✓
2026-10-05 23:55:11  desde o arranque (0h03) · saldo +0 boss coins · loja 3 vídeo(s) · treino 0 vídeo(s) · 0 recolhido(s) · 0 posto(s) a treinar
2026-10-05 23:55:11  ──────────────────────────────────────────────────────────────────
2026-10-05 23:55:11  [90m23:49:47 [0] Real Betis: 0 treino(s) a pôr[0m
2026-10-05 23:55:11  [90m23:49:47 [1] FC Van: 0 treino(s) a pôr[0m
2026-10-05 23:55:11  [90m23:50:03 Anuncios da loja: video 1 visto.[0m
2026-10-05 23:55:11  [90m23:51:21 Anuncios da loja: video 2 visto.[0m
2026-10-05 23:55:11  [90m23:52:23 Anuncios da loja: video 3 visto.[0m
2026-10-05 23:55:11  Ctrl+C para parar
2026-10-05 23:55:11  [H[J OSMbot · A TRABALHAR · Windows                           23:52:54
2026-10-05 23:55:11  ──────────────────────────────────────────────────────────────────
2026-10-05 23:55:11  À espera  treino acaba 01:48 (em 1h55)
2026-10-05 23:55:11  [32m REAL BETIS   1.º Spain   jogo em 21h16   slots 4/4[0m
2026-10-05 23:55:11  Haaland        ATA    3h54  █████████░░░░░░░░░
2026-10-05 23:55:11  de Jong        MED    3h55  █████████░░░░░░░░░
2026-10-05 23:55:11  Gabriel        DEF    3h55  █████████░░░░░░░░░
2026-10-05 23:55:11  Donnarumma     GR     3h55  █████████░░░░░░░░░
2026-10-05 23:55:11  [32m FC VAN   4.º Armenia   jogo em 18h43   slots 4/4[0m
2026-10-05 23:55:11  Knauff         ATA    1h55  ██████████████░░░░
2026-10-05 23:55:11  K. Koné        MED    3h55  █████████░░░░░░░░░
2026-10-05 23:55:11  Mendes         DEF    3h55  █████████░░░░░░░░░
2026-10-05 23:55:11  Livakovic      GR     1h55  ██████████████░░░░
2026-10-05 23:55:11  Boss coins 2454    Anúncios: loja ✓  treino ✓
2026-10-05 23:55:11  desde o arranque (0h03) · saldo +0 boss coins · loja 3 vídeo(s) · treino 0 vídeo(s) · 0 recolhido(s) · 0 posto(s) a treinar
2026-10-05 23:55:11  ──────────────────────────────────────────────────────────────────
2026-10-05 23:55:11  [90m23:49:47 [0] Real Betis: 0 treino(s) a pôr[0m
2026-10-05 23:55:11  [90m23:49:47 [1] FC Van: 0 treino(s) a pôr[0m
2026-10-05 23:55:11  [90m23:50:03 Anuncios da loja: video 1 visto.[0m
2026-10-05 23:55:11  [90m23:51:21 Anuncios da loja: video 2 visto.[0m
2026-10-05 23:55:11  [90m23:52:23 Anuncios da loja: video 3 visto.[0m
2026-10-05 23:55:11  Ctrl+C para parar
2026-10-05 23:55:11  [H[J OSMbot · A TRABALHAR · Windows                           23:52:55
2026-10-05 23:55:11  ──────────────────────────────────────────────────────────────────
2026-10-05 23:55:11  À espera  treino acaba 01:48 (em 1h55)
2026-10-05 23:55:11  [32m REAL BETIS   1.º Spain   jogo em 21h16   slots 4/4[0m
2026-10-05 23:55:11  Haaland        ATA    3h54  █████████░░░░░░░░░
2026-10-05 23:55:11  de Jong        MED    3h54  █████████░░░░░░░░░
2026-10-05 23:55:11  Gabriel        DEF    3h55  █████████░░░░░░░░░
2026-10-05 23:55:11  Donnarumma     GR     3h55  █████████░░░░░░░░░
2026-10-05 23:55:11  [32m FC VAN   4.º Armenia   jogo em 18h43   slots 4/4[0m
2026-10-05 23:55:11  Knauff         ATA    1h55  ██████████████░░░░
2026-10-05 23:55:11  K. Koné        MED    3h55  █████████░░░░░░░░░
2026-10-05 23:55:11  Mendes         DEF    3h55  █████████░░░░░░░░░
2026-10-05 23:55:11  Livakovic      GR     1h55  ██████████████░░░░
2026-10-05 23:55:11  Boss coins 2454    Anúncios: loja ✓  treino ✓
2026-10-05 23:55:11  desde o arranque (0h03) · saldo +0 boss coins · loja 3 vídeo(s) · treino 0 vídeo(s) · 0 recolhido(s) · 0 posto(s) a treinar
2026-10-05 23:55:11  ──────────────────────────────────────────────────────────────────
2026-10-05 23:55:11  [90m23:49:47 [0] Real Betis: 0 treino(s) a pôr[0m
2026-10-05 23:55:11  [90m23:49:47 [1] FC Van: 0 treino(s) a pôr[0m
2026-10-05 23:55:11  [90m23:50:03 Anuncios da loja: video 1 visto.[0m
2026-10-05 23:55:11  [90m23:51:21 Anuncios da loja: video 2 visto.[0m
2026-10-05 23:55:11  [90m23:52:23 Anuncios da loja: video 3 visto.[0m
2026-10-05 23:55:11  Ctrl+C para parar
2026-10-05 23:55:11  [H[J OSMbot · A TRABALHAR · Windows                           23:52:56
2026-10-05 23:55:11  ──────────────────────────────────────────────────────────────────
2026-10-05 23:55:11  À espera  treino acaba 01:48 (em 1h55)
2026-10-05 23:55:11  [32m REAL BETIS   1.º Spain   jogo em 21h16   slots 4/4[0m
2026-10-05 23:55:11  Haaland        ATA    3h54  █████████░░░░░░░░░
2026-10-05 23:55:11  de Jong        MED    3h54  █████████░░░░░░░░░
2026-10-05 23:55:11  Gabriel        DEF    3h55  █████████░░░░░░░░░
2026-10-05 23:55:11  Donnarumma     GR     3h55  █████████░░░░░░░░░
2026-10-05 23:55:11  [32m FC VAN   4.º Armenia   jogo em 18h43   slots 4/4[0m
2026-10-05 23:55:11  Knauff         ATA    1h55  ██████████████░░░░
2026-10-05 23:55:11  K. Koné        MED    3h55  █████████░░░░░░░░░
2026-10-05 23:55:11  Mendes         DEF    3h55  █████████░░░░░░░░░
2026-10-05 23:55:11  Livakovic      GR     1h55  ██████████████░░░░
2026-10-05 23:55:11  Boss coins 2454    Anúncios: loja ✓  treino ✓
2026-10-05 23:55:11  desde o arranque (0h03) · saldo +0 boss coins · loja 3 vídeo(s) · treino 0 vídeo(s) · 0 recolhido(s) · 0 posto(s) a treinar
2026-10-05 23:55:11  ──────────────────────────────────────────────────────────────────
2026-10-05 23:55:11  [90m23:49:47 [0] Real Betis: 0 treino(s) a pôr[0m
2026-10-05 23:55:11  [90m23:49:47 [1] FC Van: 0 treino(s) a pôr[0m
2026-10-05 23:55:11  [90m23:50:03 Anuncios da loja: video 1 visto.[0m
2026-10-05 23:55:11  [90m23:51:21 Anuncios da loja: video 2 visto.[0m
2026-10-05 23:55:11  [90m23:52:23 Anuncios da loja: video 3 visto.[0m
2026-10-05 23:55:11  Ctrl+C para parar
2026-10-05 23:55:11  [H[J OSMbot · A TRABALHAR · Windows                           23:52:57
2026-10-05 23:55:11  ──────────────────────────────────────────────────────────────────
2026-10-05 23:55:11  À espera  treino acaba 01:48 (em 1h55)
2026-10-05 23:55:11  [32m REAL BETIS   1.º Spain   jogo em 21h16   slots 4/4[0m
2026-10-05 23:55:11  Haaland        ATA    3h54  █████████░░░░░░░░░
2026-10-05 23:55:11  de Jong        MED    3h54  █████████░░░░░░░░░
2026-10-05 23:55:11  Gabriel        DEF    3h54  █████████░░░░░░░░░
2026-10-05 23:55:11  Donnarumma     GR     3h55  █████████░░░░░░░░░
2026-10-05 23:55:11  [32m FC VAN   4.º Armenia   jogo em 18h43   slots 4/4[0m
2026-10-05 23:55:11  Knauff         ATA    1h55  ██████████████░░░░
2026-10-05 23:55:11  K. Koné        MED    3h55  █████████░░░░░░░░░
2026-10-05 23:55:11  Mendes         DEF    3h55  █████████░░░░░░░░░
2026-10-05 23:55:11  Livakovic      GR     1h55  ██████████████░░░░
2026-10-05 23:55:11  Boss coins 2454    Anúncios: loja ✓  treino ✓
2026-10-05 23:55:11  desde o arranque (0h03) · saldo +0 boss coins · loja 3 vídeo(s) · treino 0 vídeo(s) · 0 recolhido(s) · 0 posto(s) a treinar
2026-10-05 23:55:11  ──────────────────────────────────────────────────────────────────
2026-10-05 23:55:11  [90m23:49:47 [0] Real Betis: 0 treino(s) a pôr[0m
2026-10-05 23:55:11  [90m23:49:47 [1] FC Van: 0 treino(s) a pôr[0m
2026-10-05 23:55:11  [90m23:50:03 Anuncios da loja: video 1 visto.[0m
2026-10-05 23:55:11  [90m23:51:21 Anuncios da loja: video 2 visto.[0m
2026-10-05 23:55:11  [90m23:52:23 Anuncios da loja: video 3 visto.[0m
2026-10-05 23:55:11  Ctrl+C para parar
2026-10-05 23:55:11  [H[J OSMbot · A TRABALHAR · Windows                           23:52:58
2026-10-05 23:55:11  ──────────────────────────────────────────────────────────────────
2026-10-05 23:55:11  À espera  treino acaba 01:48 (em 1h55)
2026-10-05 23:55:11  [32m REAL BETIS   1.º Spain   jogo em 21h16   slots 4/4[0m
2026-10-05 23:55:11  Haaland        ATA    3h54  █████████░░░░░░░░░
2026-10-05 23:55:11  de Jong        MED    3h54  █████████░░░░░░░░░
2026-10-05 23:55:11  Gabriel        DEF    3h54  █████████░░░░░░░░░
2026-10-05 23:55:11  Donnarumma     GR     3h55  █████████░░░░░░░░░
2026-10-05 23:55:11  [32m FC VAN   4.º Armenia   jogo em 18h43   slots 4/4[0m
2026-10-05 23:55:11  Knauff         ATA    1h55  ██████████████░░░░
2026-10-05 23:55:11  K. Koné        MED    3h55  █████████░░░░░░░░░
2026-10-05 23:55:11  Mendes         DEF    3h55  █████████░░░░░░░░░
2026-10-05 23:55:11  Livakovic      GR     1h55  ██████████████░░░░
2026-10-05 23:55:11  Boss coins 2454    Anúncios: loja ✓  treino ✓
2026-10-05 23:55:11  desde o arranque (0h03) · saldo +0 boss coins · loja 3 vídeo(s) · treino 0 vídeo(s) · 0 recolhido(s) · 0 posto(s) a treinar
2026-10-05 23:55:11  ──────────────────────────────────────────────────────────────────
2026-10-05 23:55:11  [90m23:49:47 [0] Real Betis: 0 treino(s) a pôr[0m
2026-10-05 23:55:11  [90m23:49:47 [1] FC Van: 0 treino(s) a pôr[0m
2026-10-05 23:55:11  [90m23:50:03 Anuncios da loja: video 1 visto.[0m
2026-10-05 23:55:11  [90m23:51:21 Anuncios da loja: video 2 visto.[0m
2026-10-05 23:55:11  [90m23:52:23 Anuncios da loja: video 3 visto.[0m
2026-10-05 23:55:11  Ctrl+C para parar
2026-10-05 23:55:11  [H[J OSMbot · A TRABALHAR · Windows                           23:52:59
2026-10-05 23:55:11  ──────────────────────────────────────────────────────────────────
2026-10-05 23:55:11  À espera  treino acaba 01:48 (em 1h55)
2026-10-05 23:55:11  [32m REAL BETIS   1.º Spain   jogo em 21h16   slots 4/4[0m
2026-10-05 23:55:11  Haaland        ATA    3h54  █████████░░░░░░░░░
2026-10-05 23:55:11  de Jong        MED    3h54  █████████░░░░░░░░░
2026-10-05 23:55:11  Gabriel        DEF    3h54  █████████░░░░░░░░░
2026-10-05 23:55:11  Donnarumma     GR     3h54  █████████░░░░░░░░░
2026-10-05 23:55:11  [32m FC VAN   4.º Armenia   jogo em 18h43   slots 4/4[0m
2026-10-05 23:55:11  Knauff         ATA    1h55  ██████████████░░░░
2026-10-05 23:55:11  K. Koné        MED    3h55  █████████░░░░░░░░░
2026-10-05 23:55:11  Mendes         DEF    3h55  █████████░░░░░░░░░
2026-10-05 23:55:11  Livakovic      GR     1h55  ██████████████░░░░
2026-10-05 23:55:11  Boss coins 2454    Anúncios: loja ✓  treino ✓
2026-10-05 23:55:11  desde o arranque (0h03) · saldo +0 boss coins · loja 3 vídeo(s) · treino 0 vídeo(s) · 0 recolhido(s) · 0 posto(s) a treinar
2026-10-05 23:55:11  ──────────────────────────────────────────────────────────────────
2026-10-05 23:55:11  [90m23:49:47 [0] Real Betis: 0 treino(s) a pôr[0m
2026-10-05 23:55:11  [90m23:49:47 [1] FC Van: 0 treino(s) a pôr[0m
2026-10-05 23:55:11  [90m23:50:03 Anuncios da loja: video 1 visto.[0m
2026-10-05 23:55:11  [90m23:51:21 Anuncios da loja: video 2 visto.[0m
2026-10-05 23:55:11  [90m23:52:23 Anuncios da loja: video 3 visto.[0m
2026-10-05 23:55:11  Ctrl+C para parar
2026-10-05 23:55:11  [H[J OSMbot · A TRABALHAR · Windows                           23:53:00
2026-10-05 23:55:11  ──────────────────────────────────────────────────────────────────
2026-10-05 23:55:11  À espera  treino acaba 01:48 (em 1h55)
2026-10-05 23:55:11  [32m REAL BETIS   1.º Spain   jogo em 21h16   slots 4/4[0m
2026-10-05 23:55:11  Haaland        ATA    3h54  █████████░░░░░░░░░
2026-10-05 23:55:11  de Jong        MED    3h54  █████████░░░░░░░░░
2026-10-05 23:55:11  Gabriel        DEF    3h54  █████████░░░░░░░░░
2026-10-05 23:55:11  Donnarumma     GR     3h54  █████████░░░░░░░░░
2026-10-05 23:55:11  [32m FC VAN   4.º Armenia   jogo em 18h43   slots 4/4[0m
2026-10-05 23:55:11  Knauff         ATA    1h55  ██████████████░░░░
2026-10-05 23:55:11  K. Koné        MED    3h55  █████████░░░░░░░░░
2026-10-05 23:55:11  Mendes         DEF    3h55  █████████░░░░░░░░░
2026-10-05 23:55:11  Livakovic      GR     1h55  ██████████████░░░░
2026-10-05 23:55:11  Boss coins 2454    Anúncios: loja ✓  treino ✓
2026-10-05 23:55:11  desde o arranque (0h03) · saldo +0 boss coins · loja 3 vídeo(s) · treino 0 vídeo(s) · 0 recolhido(s) · 0 posto(s) a treinar
2026-10-05 23:55:11  ──────────────────────────────────────────────────────────────────
2026-10-05 23:55:11  [90m23:49:47 [0] Real Betis: 0 treino(s) a pôr[0m
2026-10-05 23:55:11  [90m23:49:47 [1] FC Van: 0 treino(s) a pôr[0m
2026-10-05 23:55:11  [90m23:50:03 Anuncios da loja: video 1 visto.[0m
2026-10-05 23:55:11  [90m23:51:21 Anuncios da loja: video 2 visto.[0m
2026-10-05 23:55:11  [90m23:52:23 Anuncios da loja: video 3 visto.[0m
2026-10-05 23:55:11  Ctrl+C para parar
2026-10-05 23:55:11  [H[J OSMbot · A TRABALHAR · Windows                           23:53:01
2026-10-05 23:55:11  ──────────────────────────────────────────────────────────────────
2026-10-05 23:55:11  À espera  treino acaba 01:48 (em 1h55)
2026-10-05 23:55:11  [32m REAL BETIS   1.º Spain   jogo em 21h16   slots 4/4[0m
2026-10-05 23:55:11  Haaland        ATA    3h54  █████████░░░░░░░░░
2026-10-05 23:55:11  de Jong        MED    3h54  █████████░░░░░░░░░
2026-10-05 23:55:11  Gabriel        DEF    3h54  █████████░░░░░░░░░
2026-10-05 23:55:11  Donnarumma     GR     3h54  █████████░░░░░░░░░
2026-10-05 23:55:11  [32m FC VAN   4.º Armenia   jogo em 18h43   slots 4/4[0m
2026-10-05 23:55:11  Knauff         ATA    1h55  ██████████████░░░░
2026-10-05 23:55:11  K. Koné        MED    3h55  █████████░░░░░░░░░
2026-10-05 23:55:11  Mendes         DEF    3h55  █████████░░░░░░░░░
2026-10-05 23:55:11  Livakovic      GR     1h55  ██████████████░░░░
2026-10-05 23:55:11  Boss coins 2454    Anúncios: loja ✓  treino ✓
2026-10-05 23:55:11  desde o arranque (0h03) · saldo +0 boss coins · loja 3 vídeo(s) · treino 0 vídeo(s) · 0 recolhido(s) · 0 posto(s) a treinar
2026-10-05 23:55:11  ──────────────────────────────────────────────────────────────────
2026-10-05 23:55:11  [90m23:49:47 [0] Real Betis: 0 treino(s) a pôr[0m
2026-10-05 23:55:11  [90m23:49:47 [1] FC Van: 0 treino(s) a pôr[0m
2026-10-05 23:55:11  [90m23:50:03 Anuncios da loja: video 1 visto.[0m
2026-10-05 23:55:11  [90m23:51:21 Anuncios da loja: video 2 visto.[0m
2026-10-05 23:55:11  [90m23:52:23 Anuncios da loja: video 3 visto.[0m
2026-10-05 23:55:11  Ctrl+C para parar
2026-10-05 23:55:11  [H[J OSMbot · A TRABALHAR · Windows                           23:53:02
2026-10-05 23:55:11  ──────────────────────────────────────────────────────────────────
2026-10-05 23:55:11  À espera  treino acaba 01:48 (em 1h54)
2026-10-05 23:55:11  [32m REAL BETIS   1.º Spain   jogo em 21h16   slots 4/4[0m
2026-10-05 23:55:11  Haaland        ATA    3h54  █████████░░░░░░░░░
2026-10-05 23:55:11  de Jong        MED    3h54  █████████░░░░░░░░░
2026-10-05 23:55:11  Gabriel        DEF    3h54  █████████░░░░░░░░░
2026-10-05 23:55:11  Donnarumma     GR     3h54  █████████░░░░░░░░░
2026-10-05 23:55:11  [32m FC VAN   4.º Armenia   jogo em 18h43   slots 4/4[0m
2026-10-05 23:55:11  Knauff         ATA    1h54  ██████████████░░░░
2026-10-05 23:55:11  K. Koné        MED    3h55  █████████░░░░░░░░░
2026-10-05 23:55:11  Mendes         DEF    3h55  █████████░░░░░░░░░
2026-10-05 23:55:11  Livakovic      GR     1h55  ██████████████░░░░
2026-10-05 23:55:11  Boss coins 2454    Anúncios: loja ✓  treino ✓
2026-10-05 23:55:11  desde o arranque (0h03) · saldo +0 boss coins · loja 3 vídeo(s) · treino 0 vídeo(s) · 0 recolhido(s) · 0 posto(s) a treinar
2026-10-05 23:55:11  ──────────────────────────────────────────────────────────────────
2026-10-05 23:55:11  [90m23:49:47 [0] Real Betis: 0 treino(s) a pôr[0m
2026-10-05 23:55:11  [90m23:49:47 [1] FC Van: 0 treino(s) a pôr[0m
2026-10-05 23:55:11  [90m23:50:03 Anuncios da loja: video 1 visto.[0m
2026-10-05 23:55:11  [90m23:51:21 Anuncios da loja: video 2 visto.[0m
2026-10-05 23:55:11  [90m23:52:23 Anuncios da loja: video 3 visto.[0m
2026-10-05 23:55:11  Ctrl+C para parar
2026-10-05 23:55:11  [H[J OSMbot · A TRABALHAR · Windows                           23:53:03
2026-10-05 23:55:11  ──────────────────────────────────────────────────────────────────
2026-10-05 23:55:11  À espera  treino acaba 01:48 (em 1h54)
2026-10-05 23:55:11  [32m REAL BETIS   1.º Spain   jogo em 21h16   slots 4/4[0m
2026-10-05 23:55:11  Haaland        ATA    3h54  █████████░░░░░░░░░
2026-10-05 23:55:11  de Jong        MED    3h54  █████████░░░░░░░░░
2026-10-05 23:55:11  Gabriel        DEF    3h54  █████████░░░░░░░░░
2026-10-05 23:55:11  Donnarumma     GR     3h54  █████████░░░░░░░░░
2026-10-05 23:55:11  [32m FC VAN   4.º Armenia   jogo em 18h43   slots 4/4[0m
2026-10-05 23:55:11  Knauff         ATA    1h54  ██████████████░░░░
2026-10-05 23:55:11  K. Koné        MED    3h55  █████████░░░░░░░░░
2026-10-05 23:55:11  Mendes         DEF    3h55  █████████░░░░░░░░░
2026-10-05 23:55:11  Livakovic      GR     1h55  ██████████████░░░░
2026-10-05 23:55:11  Boss coins 2454    Anúncios: loja ✓  treino ✓
2026-10-05 23:55:11  desde o arranque (0h03) · saldo +0 boss coins · loja 3 vídeo(s) · treino 0 vídeo(s) · 0 recolhido(s) · 0 posto(s) a treinar
2026-10-05 23:55:11  ──────────────────────────────────────────────────────────────────
2026-10-05 23:55:11  [90m23:49:47 [0] Real Betis: 0 treino(s) a pôr[0m
2026-10-05 23:55:11  [90m23:49:47 [1] FC Van: 0 treino(s) a pôr[0m
2026-10-05 23:55:11  [90m23:50:03 Anuncios da loja: video 1 visto.[0m
2026-10-05 23:55:11  [90m23:51:21 Anuncios da loja: video 2 visto.[0m
2026-10-05 23:55:11  [90m23:52:23 Anuncios da loja: video 3 visto.[0m
2026-10-05 23:55:11  Ctrl+C para parar
2026-10-05 23:55:11  [H[J OSMbot · A TRABALHAR · Windows                           23:53:04
2026-10-05 23:55:11  ──────────────────────────────────────────────────────────────────
2026-10-05 23:55:11  À espera  treino acaba 01:48 (em 1h54)
2026-10-05 23:55:11  [32m REAL BETIS   1.º Spain   jogo em 21h16   slots 4/4[0m
2026-10-05 23:55:11  Haaland        ATA    3h54  █████████░░░░░░░░░
2026-10-05 23:55:11  de Jong        MED    3h54  █████████░░░░░░░░░
2026-10-05 23:55:11  Gabriel        DEF    3h54  █████████░░░░░░░░░
2026-10-05 23:55:11  Donnarumma     GR     3h54  █████████░░░░░░░░░
2026-10-05 23:55:11  [32m FC VAN   4.º Armenia   jogo em 18h43   slots 4/4[0m
2026-10-05 23:55:11  Knauff         ATA    1h54  ██████████████░░░░
2026-10-05 23:55:11  K. Koné        MED    3h54  █████████░░░░░░░░░
2026-10-05 23:55:11  Mendes         DEF    3h55  █████████░░░░░░░░░
2026-10-05 23:55:11  Livakovic      GR     1h55  ██████████████░░░░
2026-10-05 23:55:11  Boss coins 2454    Anúncios: loja ✓  treino ✓
2026-10-05 23:55:11  desde o arranque (0h03) · saldo +0 boss coins · loja 3 vídeo(s) · treino 0 vídeo(s) · 0 recolhido(s) · 0 posto(s) a treinar
2026-10-05 23:55:11  ──────────────────────────────────────────────────────────────────
2026-10-05 23:55:11  [90m23:49:47 [0] Real Betis: 0 treino(s) a pôr[0m
2026-10-05 23:55:11  [90m23:49:47 [1] FC Van: 0 treino(s) a pôr[0m
2026-10-05 23:55:11  [90m23:50:03 Anuncios da loja: video 1 visto.[0m
2026-10-05 23:55:11  [90m23:51:21 Anuncios da loja: video 2 visto.[0m
2026-10-05 23:55:11  [90m23:52:23 Anuncios da loja: video 3 visto.[0m
2026-10-05 23:55:11  Ctrl+C para parar
2026-10-05 23:55:11  [H[J OSMbot · A TRABALHAR · Windows                           23:53:05
2026-10-05 23:55:11  ──────────────────────────────────────────────────────────────────
2026-10-05 23:55:11  À espera  treino acaba 01:48 (em 1h54)
2026-10-05 23:55:11  [32m REAL BETIS   1.º Spain   jogo em 21h16   slots 4/4[0m
2026-10-05 23:55:11  Haaland        ATA    3h54  █████████░░░░░░░░░
2026-10-05 23:55:11  de Jong        MED    3h54  █████████░░░░░░░░░
2026-10-05 23:55:11  Gabriel        DEF    3h54  █████████░░░░░░░░░
2026-10-05 23:55:11  Donnarumma     GR     3h54  █████████░░░░░░░░░
2026-10-05 23:55:11  [32m FC VAN   4.º Armenia   jogo em 18h43   slots 4/4[0m
2026-10-05 23:55:11  Knauff         ATA    1h54  ██████████████░░░░
2026-10-05 23:55:11  K. Koné        MED    3h54  █████████░░░░░░░░░
2026-10-05 23:55:11  Mendes         DEF    3h55  █████████░░░░░░░░░
2026-10-05 23:55:11  Livakovic      GR     1h55  ██████████████░░░░
2026-10-05 23:55:11  Boss coins 2454    Anúncios: loja ✓  treino ✓
2026-10-05 23:55:11  desde o arranque (0h03) · saldo +0 boss coins · loja 3 vídeo(s) · treino 0 vídeo(s) · 0 recolhido(s) · 0 posto(s) a treinar
2026-10-05 23:55:11  ──────────────────────────────────────────────────────────────────
2026-10-05 23:55:11  [90m23:49:47 [0] Real Betis: 0 treino(s) a pôr[0m
2026-10-05 23:55:11  [90m23:49:47 [1] FC Van: 0 treino(s) a pôr[0m
2026-10-05 23:55:11  [90m23:50:03 Anuncios da loja: video 1 visto.[0m
2026-10-05 23:55:11  [90m23:51:21 Anuncios da loja: video 2 visto.[0m
2026-10-05 23:55:11  [90m23:52:23 Anuncios da loja: video 3 visto.[0m
2026-10-05 23:55:11  Ctrl+C para parar
2026-10-05 23:55:11  [H[J OSMbot · A TRABALHAR · Windows                           23:53:06
2026-10-05 23:55:11  ──────────────────────────────────────────────────────────────────
2026-10-05 23:55:11  À espera  treino acaba 01:48 (em 1h54)
2026-10-05 23:55:11  [32m REAL BETIS   1.º Spain   jogo em 21h16   slots 4/4[0m
2026-10-05 23:55:11  Haaland        ATA    3h54  █████████░░░░░░░░░
2026-10-05 23:55:11  de Jong        MED    3h54  █████████░░░░░░░░░
2026-10-05 23:55:11  Gabriel        DEF    3h54  █████████░░░░░░░░░
2026-10-05 23:55:11  Donnarumma     GR     3h54  █████████░░░░░░░░░
2026-10-05 23:55:11  [32m FC VAN   4.º Armenia   jogo em 18h43   slots 4/4[0m
2026-10-05 23:55:11  Knauff         ATA    1h54  ██████████████░░░░
2026-10-05 23:55:11  K. Koné        MED    3h54  █████████░░░░░░░░░
2026-10-05 23:55:11  Mendes         DEF    3h54  █████████░░░░░░░░░
2026-10-05 23:55:11  Livakovic      GR     1h55  ██████████████░░░░
2026-10-05 23:55:11  Boss coins 2454    Anúncios: loja ✓  treino ✓
2026-10-05 23:55:11  desde o arranque (0h03) · saldo +0 boss coins · loja 3 vídeo(s) · treino 0 vídeo(s) · 0 recolhido(s) · 0 posto(s) a treinar
2026-10-05 23:55:11  ──────────────────────────────────────────────────────────────────
2026-10-05 23:55:11  [90m23:49:47 [0] Real Betis: 0 treino(s) a pôr[0m
2026-10-05 23:55:11  [90m23:49:47 [1] FC Van: 0 treino(s) a pôr[0m
2026-10-05 23:55:11  [90m23:50:03 Anuncios da loja: video 1 visto.[0m
2026-10-05 23:55:11  [90m23:51:21 Anuncios da loja: video 2 visto.[0m
2026-10-05 23:55:11  [90m23:52:23 Anuncios da loja: video 3 visto.[0m
2026-10-05 23:55:11  Ctrl+C para parar
2026-10-05 23:55:11  [H[J OSMbot · A TRABALHAR · Windows                           23:53:07
2026-10-05 23:55:11  ──────────────────────────────────────────────────────────────────
2026-10-05 23:55:11  À espera  treino acaba 01:48 (em 1h54)
2026-10-05 23:55:11  [32m REAL BETIS   1.º Spain   jogo em 21h16   slots 4/4[0m
2026-10-05 23:55:11  Haaland        ATA    3h54  █████████░░░░░░░░░
2026-10-05 23:55:11  de Jong        MED    3h54  █████████░░░░░░░░░
2026-10-05 23:55:11  Gabriel        DEF    3h54  █████████░░░░░░░░░
2026-10-05 23:55:11  Donnarumma     GR     3h54  █████████░░░░░░░░░
2026-10-05 23:55:11  [32m FC VAN   4.º Armenia   jogo em 18h43   slots 4/4[0m
2026-10-05 23:55:11  Knauff         ATA    1h54  ██████████████░░░░
2026-10-05 23:55:11  K. Koné        MED    3h54  █████████░░░░░░░░░
2026-10-05 23:55:11  Mendes         DEF    3h54  █████████░░░░░░░░░
2026-10-05 23:55:11  Livakovic      GR     1h55  ██████████████░░░░
2026-10-05 23:55:11  Boss coins 2454    Anúncios: loja ✓  treino ✓
2026-10-05 23:55:11  desde o arranque (0h03) · saldo +0 boss coins · loja 3 vídeo(s) · treino 0 vídeo(s) · 0 recolhido(s) · 0 posto(s) a treinar
2026-10-05 23:55:11  ──────────────────────────────────────────────────────────────────
2026-10-05 23:55:11  [90m23:49:47 [0] Real Betis: 0 treino(s) a pôr[0m
2026-10-05 23:55:11  [90m23:49:47 [1] FC Van: 0 treino(s) a pôr[0m
2026-10-05 23:55:11  [90m23:50:03 Anuncios da loja: video 1 visto.[0m
2026-10-05 23:55:11  [90m23:51:21 Anuncios da loja: video 2 visto.[0m
2026-10-05 23:55:11  [90m23:52:23 Anuncios da loja: video 3 visto.[0m
2026-10-05 23:55:11  Ctrl+C para parar
2026-10-05 23:55:11  [H[J OSMbot · A TRABALHAR · Windows                           23:53:17
2026-10-05 23:55:11  ──────────────────────────────────────────────────────────────────
2026-10-05 23:55:11  À espera  treino acaba 01:48 (em 1h54)
2026-10-05 23:55:11  [32m REAL BETIS   1.º Spain   jogo em 21h16   slots 4/4[0m
2026-10-05 23:55:11  Haaland        ATA    3h54  █████████░░░░░░░░░
2026-10-05 23:55:11  de Jong        MED    3h54  █████████░░░░░░░░░
2026-10-05 23:55:11  Gabriel        DEF    3h54  █████████░░░░░░░░░
2026-10-05 23:55:11  Donnarumma     GR     3h54  █████████░░░░░░░░░
2026-10-05 23:55:11  [32m FC VAN   4.º Armenia   jogo em 18h43   slots 4/4[0m
2026-10-05 23:55:11  Knauff         ATA    1h54  ██████████████░░░░
2026-10-05 23:55:11  K. Koné        MED    3h54  █████████░░░░░░░░░
2026-10-05 23:55:11  Mendes         DEF    3h54  █████████░░░░░░░░░
2026-10-05 23:55:11  Livakovic      GR     1h54  ██████████████░░░░
2026-10-05 23:55:11  Boss coins 2454    Anúncios: loja ✓  treino ✓
2026-10-05 23:55:11  desde o arranque (0h03) · saldo +0 boss coins · loja 4 vídeo(s) · treino 0 vídeo(s) · 0 recolhido(s) · 0 posto(s) a treinar
2026-10-05 23:55:11  ──────────────────────────────────────────────────────────────────
2026-10-05 23:55:11  [90m23:49:47 [0] Real Betis: 0 treino(s) a pôr[0m
2026-10-05 23:55:11  [90m23:49:47 [1] FC Van: 0 treino(s) a pôr[0m
2026-10-05 23:55:11  [90m23:50:03 Anuncios da loja: video 1 visto.[0m
2026-10-05 23:55:11  [90m23:51:21 Anuncios da loja: video 2 visto.[0m
2026-10-05 23:55:11  [90m23:52:23 Anuncios da loja: video 3 visto.[0m
2026-10-05 23:55:11  Ctrl+C para parar
2026-10-05 23:55:11  [H[J OSMbot · A TRABALHAR · Windows                           23:53:17
2026-10-05 23:55:11  ──────────────────────────────────────────────────────────────────
2026-10-05 23:55:11  À espera  treino acaba 01:48 (em 1h54)
2026-10-05 23:55:11  [32m REAL BETIS   1.º Spain   jogo em 21h16   slots 4/4[0m
2026-10-05 23:55:11  Haaland        ATA    3h54  █████████░░░░░░░░░
2026-10-05 23:55:11  de Jong        MED    3h54  █████████░░░░░░░░░
2026-10-05 23:55:11  Gabriel        DEF    3h54  █████████░░░░░░░░░
2026-10-05 23:55:11  Donnarumma     GR     3h54  █████████░░░░░░░░░
2026-10-05 23:55:11  [32m FC VAN   4.º Armenia   jogo em 18h43   slots 4/4[0m
2026-10-05 23:55:11  Knauff         ATA    1h54  ██████████████░░░░
2026-10-05 23:55:11  K. Koné        MED    3h54  █████████░░░░░░░░░
2026-10-05 23:55:11  Mendes         DEF    3h54  █████████░░░░░░░░░
2026-10-05 23:55:11  Livakovic      GR     1h54  ██████████████░░░░
2026-10-05 23:55:11  Boss coins 2454    Anúncios: loja ✓  treino ✓
2026-10-05 23:55:11  desde o arranque (0h03) · saldo +0 boss coins · loja 4 vídeo(s) · treino 0 vídeo(s) · 0 recolhido(s) · 0 posto(s) a treinar
2026-10-05 23:55:11  ──────────────────────────────────────────────────────────────────
2026-10-05 23:55:11  [90m23:49:47 [1] FC Van: 0 treino(s) a pôr[0m
2026-10-05 23:55:11  [90m23:50:03 Anuncios da loja: video 1 visto.[0m
2026-10-05 23:55:11  [90m23:51:21 Anuncios da loja: video 2 visto.[0m
2026-10-05 23:55:11  [90m23:52:23 Anuncios da loja: video 3 visto.[0m
2026-10-05 23:55:11  [90m23:53:17 Anuncios da loja: video 4 visto.[0m
2026-10-05 23:55:11  Ctrl+C para parar
2026-10-05 23:55:11  [H[J OSMbot · A TRABALHAR · Windows                           23:53:17
2026-10-05 23:55:11  ──────────────────────────────────────────────────────────────────
2026-10-05 23:55:11  À espera  treino acaba 01:48 (em 1h54)
2026-10-05 23:55:11  [32m REAL BETIS   1.º Spain   jogo em 21h16   slots 4/4[0m
2026-10-05 23:55:11  Haaland        ATA    3h54  █████████░░░░░░░░░
2026-10-05 23:55:11  de Jong        MED    3h54  █████████░░░░░░░░░
2026-10-05 23:55:11  Gabriel        DEF    3h54  █████████░░░░░░░░░
2026-10-05 23:55:11  Donnarumma     GR     3h54  █████████░░░░░░░░░
2026-10-05 23:55:11  [32m FC VAN   4.º Armenia   jogo em 18h43   slots 4/4[0m
2026-10-05 23:55:11  Knauff         ATA    1h54  ██████████████░░░░
2026-10-05 23:55:11  K. Koné        MED    3h54  █████████░░░░░░░░░
2026-10-05 23:55:11  Mendes         DEF    3h54  █████████░░░░░░░░░
2026-10-05 23:55:11  Livakovic      GR     1h54  ██████████████░░░░
2026-10-05 23:55:11  Boss coins 2454    Anúncios: loja ✓  treino ✓
2026-10-05 23:55:11  desde o arranque (0h03) · saldo +0 boss coins · loja 4 vídeo(s) · treino 0 vídeo(s) · 0 recolhido(s) · 0 posto(s) a treinar
2026-10-05 23:55:11  ──────────────────────────────────────────────────────────────────
2026-10-05 23:55:11  [90m23:49:47 [1] FC Van: 0 treino(s) a pôr[0m
2026-10-05 23:55:11  [90m23:50:03 Anuncios da loja: video 1 visto.[0m
2026-10-05 23:55:11  [90m23:51:21 Anuncios da loja: video 2 visto.[0m
2026-10-05 23:55:11  [90m23:52:23 Anuncios da loja: video 3 visto.[0m
2026-10-05 23:55:11  [90m23:53:17 Anuncios da loja: video 4 visto.[0m
2026-10-05 23:55:11  Ctrl+C para parar
2026-10-05 23:55:11  [H[J OSMbot · A TRABALHAR · Windows                           23:53:18
2026-10-05 23:55:11  ──────────────────────────────────────────────────────────────────
2026-10-05 23:55:11  À espera  treino acaba 01:48 (em 1h54)
2026-10-05 23:55:11  [32m REAL BETIS   1.º Spain   jogo em 21h16   slots 4/4[0m
2026-10-05 23:55:11  Haaland        ATA    3h54  █████████░░░░░░░░░
2026-10-05 23:55:11  de Jong        MED    3h54  █████████░░░░░░░░░
2026-10-05 23:55:11  Gabriel        DEF    3h54  █████████░░░░░░░░░
2026-10-05 23:55:11  Donnarumma     GR     3h54  █████████░░░░░░░░░
2026-10-05 23:55:11  [32m FC VAN   4.º Armenia   jogo em 18h43   slots 4/4[0m
2026-10-05 23:55:11  Knauff         ATA    1h54  ██████████████░░░░
2026-10-05 23:55:11  K. Koné        MED    3h54  █████████░░░░░░░░░
2026-10-05 23:55:11  Mendes         DEF    3h54  █████████░░░░░░░░░
2026-10-05 23:55:11  Livakovic      GR     1h54  ██████████████░░░░
2026-10-05 23:55:11  Boss coins 2454    Anúncios: loja ✓  treino ✓
2026-10-05 23:55:11  desde o arranque (0h03) · saldo +0 boss coins · loja 4 vídeo(s) · treino 0 vídeo(s) · 0 recolhido(s) · 0 posto(s) a treinar
2026-10-05 23:55:11  ──────────────────────────────────────────────────────────────────
2026-10-05 23:55:11  [90m23:49:47 [1] FC Van: 0 treino(s) a pôr[0m
2026-10-05 23:55:11  [90m23:50:03 Anuncios da loja: video 1 visto.[0m
2026-10-05 23:55:11  [90m23:51:21 Anuncios da loja: video 2 visto.[0m
2026-10-05 23:55:11  [90m23:52:23 Anuncios da loja: video 3 visto.[0m
2026-10-05 23:55:11  [90m23:53:17 Anuncios da loja: video 4 visto.[0m
2026-10-05 23:55:11  Ctrl+C para parar
2026-10-05 23:55:11  [H[J OSMbot · A TRABALHAR · Windows                           23:53:19
2026-10-05 23:55:11  ──────────────────────────────────────────────────────────────────
2026-10-05 23:55:11  À espera  treino acaba 01:48 (em 1h54)
2026-10-05 23:55:11  [32m REAL BETIS   1.º Spain   jogo em 21h16   slots 4/4[0m
2026-10-05 23:55:11  Haaland        ATA    3h54  █████████░░░░░░░░░
2026-10-05 23:55:11  de Jong        MED    3h54  █████████░░░░░░░░░
2026-10-05 23:55:11  Gabriel        DEF    3h54  █████████░░░░░░░░░
2026-10-05 23:55:11  Donnarumma     GR     3h54  █████████░░░░░░░░░
2026-10-05 23:55:11  [32m FC VAN   4.º Armenia   jogo em 18h43   slots 4/4[0m
2026-10-05 23:55:11  Knauff         ATA    1h54  ██████████████░░░░
2026-10-05 23:55:11  K. Koné        MED    3h54  █████████░░░░░░░░░
2026-10-05 23:55:11  Mendes         DEF    3h54  █████████░░░░░░░░░
2026-10-05 23:55:11  Livakovic      GR     1h54  ██████████████░░░░
2026-10-05 23:55:11  Boss coins 2454    Anúncios: loja ✓  treino ✓
2026-10-05 23:55:11  desde o arranque (0h03) · saldo +0 boss coins · loja 4 vídeo(s) · treino 0 vídeo(s) · 0 recolhido(s) · 0 posto(s) a treinar
2026-10-05 23:55:11  ──────────────────────────────────────────────────────────────────
2026-10-05 23:55:11  [90m23:49:47 [1] FC Van: 0 treino(s) a pôr[0m
2026-10-05 23:55:11  [90m23:50:03 Anuncios da loja: video 1 visto.[0m
2026-10-05 23:55:11  [90m23:51:21 Anuncios da loja: video 2 visto.[0m
2026-10-05 23:55:11  [90m23:52:23 Anuncios da loja: video 3 visto.[0m
2026-10-05 23:55:11  [90m23:53:17 Anuncios da loja: video 4 visto.[0m
2026-10-05 23:55:11  Ctrl+C para parar
2026-10-05 23:55:11  [H[J OSMbot · A TRABALHAR · Windows                           23:53:20
2026-10-05 23:55:11  ──────────────────────────────────────────────────────────────────
2026-10-05 23:55:11  À espera  treino acaba 01:48 (em 1h54)
2026-10-05 23:55:11  [32m REAL BETIS   1.º Spain   jogo em 21h16   slots 4/4[0m
2026-10-05 23:55:11  Haaland        ATA    3h54  █████████░░░░░░░░░
2026-10-05 23:55:11  de Jong        MED    3h54  █████████░░░░░░░░░
2026-10-05 23:55:11  Gabriel        DEF    3h54  █████████░░░░░░░░░
2026-10-05 23:55:11  Donnarumma     GR     3h54  █████████░░░░░░░░░
2026-10-05 23:55:11  [32m FC VAN   4.º Armenia   jogo em 18h43   slots 4/4[0m
2026-10-05 23:55:11  Knauff         ATA    1h54  ██████████████░░░░
2026-10-05 23:55:11  K. Koné        MED    3h54  █████████░░░░░░░░░
2026-10-05 23:55:11  Mendes         DEF    3h54  █████████░░░░░░░░░
2026-10-05 23:55:11  Livakovic      GR     1h54  ██████████████░░░░
2026-10-05 23:55:11  Boss coins 2454    Anúncios: loja ✓  treino ✓
2026-10-05 23:55:11  desde o arranque (0h03) · saldo +0 boss coins · loja 4 vídeo(s) · treino 0 vídeo(s) · 0 recolhido(s) · 0 posto(s) a treinar
2026-10-05 23:55:11  ──────────────────────────────────────────────────────────────────
2026-10-05 23:55:11  [90m23:49:47 [1] FC Van: 0 treino(s) a pôr[0m
2026-10-05 23:55:11  [90m23:50:03 Anuncios da loja: video 1 visto.[0m
2026-10-05 23:55:11  [90m23:51:21 Anuncios da loja: video 2 visto.[0m
2026-10-05 23:55:11  [90m23:52:23 Anuncios da loja: video 3 visto.[0m
2026-10-05 23:55:11  [90m23:53:17 Anuncios da loja: video 4 visto.[0m
2026-10-05 23:55:11  Ctrl+C para parar
2026-10-05 23:55:11  [H[J OSMbot · A TRABALHAR · Windows                           23:53:21
2026-10-05 23:55:11  ──────────────────────────────────────────────────────────────────
2026-10-05 23:55:11  À espera  treino acaba 01:48 (em 1h54)
2026-10-05 23:55:11  [32m REAL BETIS   1.º Spain   jogo em 21h16   slots 4/4[0m
2026-10-05 23:55:11  Haaland        ATA    3h54  █████████░░░░░░░░░
2026-10-05 23:55:11  de Jong        MED    3h54  █████████░░░░░░░░░
2026-10-05 23:55:11  Gabriel        DEF    3h54  █████████░░░░░░░░░
2026-10-05 23:55:11  Donnarumma     GR     3h54  █████████░░░░░░░░░
2026-10-05 23:55:11  [32m FC VAN   4.º Armenia   jogo em 18h43   slots 4/4[0m
2026-10-05 23:55:11  Knauff         ATA    1h54  ██████████████░░░░
2026-10-05 23:55:11  K. Koné        MED    3h54  █████████░░░░░░░░░
2026-10-05 23:55:11  Mendes         DEF    3h54  █████████░░░░░░░░░
2026-10-05 23:55:11  Livakovic      GR     1h54  ██████████████░░░░
2026-10-05 23:55:11  Boss coins 2454    Anúncios: loja ✓  treino ✓
2026-10-05 23:55:11  desde o arranque (0h03) · saldo +0 boss coins · loja 4 vídeo(s) · treino 0 vídeo(s) · 0 recolhido(s) · 0 posto(s) a treinar
2026-10-05 23:55:11  ──────────────────────────────────────────────────────────────────
2026-10-05 23:55:11  [90m23:49:47 [1] FC Van: 0 treino(s) a pôr[0m
2026-10-05 23:55:11  [90m23:50:03 Anuncios da loja: video 1 visto.[0m
2026-10-05 23:55:11  [90m23:51:21 Anuncios da loja: video 2 visto.[0m
2026-10-05 23:55:11  [90m23:52:23 Anuncios da loja: video 3 visto.[0m
2026-10-05 23:55:11  [90m23:53:17 Anuncios da loja: video 4 visto.[0m
2026-10-05 23:55:11  Ctrl+C para parar
2026-10-05 23:55:11  [H[J OSMbot · A TRABALHAR · Windows                           23:53:22
2026-10-05 23:55:11  ──────────────────────────────────────────────────────────────────
2026-10-05 23:55:11  À espera  treino acaba 01:48 (em 1h54)
2026-10-05 23:55:11  [32m REAL BETIS   1.º Spain   jogo em 21h16   slots 4/4[0m
2026-10-05 23:55:11  Haaland        ATA    3h54  █████████░░░░░░░░░
2026-10-05 23:55:11  de Jong        MED    3h54  █████████░░░░░░░░░
2026-10-05 23:55:11  Gabriel        DEF    3h54  █████████░░░░░░░░░
2026-10-05 23:55:11  Donnarumma     GR     3h54  █████████░░░░░░░░░
2026-10-05 23:55:11  [32m FC VAN   4.º Armenia   jogo em 18h43   slots 4/4[0m
2026-10-05 23:55:11  Knauff         ATA    1h54  ██████████████░░░░
2026-10-05 23:55:11  K. Koné        MED    3h54  █████████░░░░░░░░░
2026-10-05 23:55:11  Mendes         DEF    3h54  █████████░░░░░░░░░
2026-10-05 23:55:11  Livakovic      GR     1h54  ██████████████░░░░
2026-10-05 23:55:11  Boss coins 2454    Anúncios: loja ✓  treino ✓
2026-10-05 23:55:11  desde o arranque (0h03) · saldo +0 boss coins · loja 4 vídeo(s) · treino 0 vídeo(s) · 0 recolhido(s) · 0 posto(s) a treinar
2026-10-05 23:55:11  ──────────────────────────────────────────────────────────────────
2026-10-05 23:55:11  [90m23:49:47 [1] FC Van: 0 treino(s) a pôr[0m
2026-10-05 23:55:11  [90m23:50:03 Anuncios da loja: video 1 visto.[0m
2026-10-05 23:55:11  [90m23:51:21 Anuncios da loja: video 2 visto.[0m
2026-10-05 23:55:11  [90m23:52:23 Anuncios da loja: video 3 visto.[0m
2026-10-05 23:55:11  [90m23:53:17 Anuncios da loja: video 4 visto.[0m
2026-10-05 23:55:11  Ctrl+C para parar
2026-10-05 23:55:11  [H[J OSMbot · A TRABALHAR · Windows                           23:53:23
2026-10-05 23:55:11  ──────────────────────────────────────────────────────────────────
2026-10-05 23:55:11  À espera  treino acaba 01:48 (em 1h54)
2026-10-05 23:55:11  [32m REAL BETIS   1.º Spain   jogo em 21h16   slots 4/4[0m
2026-10-05 23:55:11  Haaland        ATA    3h54  █████████░░░░░░░░░
2026-10-05 23:55:11  de Jong        MED    3h54  █████████░░░░░░░░░
2026-10-05 23:55:11  Gabriel        DEF    3h54  █████████░░░░░░░░░
2026-10-05 23:55:11  Donnarumma     GR     3h54  █████████░░░░░░░░░
2026-10-05 23:55:11  [32m FC VAN   4.º Armenia   jogo em 18h43   slots 4/4[0m
2026-10-05 23:55:11  Knauff         ATA    1h54  ██████████████░░░░
2026-10-05 23:55:11  K. Koné        MED    3h54  █████████░░░░░░░░░
2026-10-05 23:55:11  Mendes         DEF    3h54  █████████░░░░░░░░░
2026-10-05 23:55:11  Livakovic      GR     1h54  ██████████████░░░░
2026-10-05 23:55:11  Boss coins 2454    Anúncios: loja ✓  treino ✓
2026-10-05 23:55:11  desde o arranque (0h03) · saldo +0 boss coins · loja 4 vídeo(s) · treino 0 vídeo(s) · 0 recolhido(s) · 0 posto(s) a treinar
2026-10-05 23:55:11  ──────────────────────────────────────────────────────────────────
2026-10-05 23:55:11  [90m23:49:47 [1] FC Van: 0 treino(s) a pôr[0m
2026-10-05 23:55:11  [90m23:50:03 Anuncios da loja: video 1 visto.[0m
2026-10-05 23:55:11  [90m23:51:21 Anuncios da loja: video 2 visto.[0m
2026-10-05 23:55:11  [90m23:52:23 Anuncios da loja: video 3 visto.[0m
2026-10-05 23:55:11  [90m23:53:17 Anuncios da loja: video 4 visto.[0m
2026-10-05 23:55:11  Ctrl+C para parar
2026-10-05 23:55:11  [H[J OSMbot · A TRABALHAR · Windows                           23:53:24
2026-10-05 23:55:11  ──────────────────────────────────────────────────────────────────
2026-10-05 23:55:11  À espera  treino acaba 01:48 (em 1h54)
2026-10-05 23:55:11  [32m REAL BETIS   1.º Spain   jogo em 21h16   slots 4/4[0m
2026-10-05 23:55:11  Haaland        ATA    3h54  █████████░░░░░░░░░
2026-10-05 23:55:11  de Jong        MED    3h54  █████████░░░░░░░░░
2026-10-05 23:55:11  Gabriel        DEF    3h54  █████████░░░░░░░░░
2026-10-05 23:55:11  Donnarumma     GR     3h54  █████████░░░░░░░░░
2026-10-05 23:55:11  [32m FC VAN   4.º Armenia   jogo em 18h43   slots 4/4[0m
2026-10-05 23:55:11  Knauff         ATA    1h54  ██████████████░░░░
2026-10-05 23:55:11  K. Koné        MED    3h54  █████████░░░░░░░░░
2026-10-05 23:55:11  Mendes         DEF    3h54  █████████░░░░░░░░░
2026-10-05 23:55:11  Livakovic      GR     1h54  ██████████████░░░░
2026-10-05 23:55:11  Boss coins 2454    Anúncios: loja ✓  treino ✓
2026-10-05 23:55:11  desde o arranque (0h03) · saldo +0 boss coins · loja 4 vídeo(s) · treino 0 vídeo(s) · 0 recolhido(s) · 0 posto(s) a treinar
2026-10-05 23:55:11  ──────────────────────────────────────────────────────────────────
2026-10-05 23:55:11  [90m23:49:47 [1] FC Van: 0 treino(s) a pôr[0m
2026-10-05 23:55:11  [90m23:50:03 Anuncios da loja: video 1 visto.[0m
2026-10-05 23:55:11  [90m23:51:21 Anuncios da loja: video 2 visto.[0m
2026-10-05 23:55:11  [90m23:52:23 Anuncios da loja: video 3 visto.[0m
2026-10-05 23:55:11  [90m23:53:17 Anuncios da loja: video 4 visto.[0m
2026-10-05 23:55:11  Ctrl+C para parar
2026-10-05 23:55:11  [H[J OSMbot · A TRABALHAR · Windows                           23:53:25
2026-10-05 23:55:11  ──────────────────────────────────────────────────────────────────
2026-10-05 23:55:11  À espera  treino acaba 01:48 (em 1h54)
2026-10-05 23:55:11  [32m REAL BETIS   1.º Spain   jogo em 21h16   slots 4/4[0m
2026-10-05 23:55:11  Haaland        ATA    3h54  █████████░░░░░░░░░
2026-10-05 23:55:11  de Jong        MED    3h54  █████████░░░░░░░░░
2026-10-05 23:55:11  Gabriel        DEF    3h54  █████████░░░░░░░░░
2026-10-05 23:55:11  Donnarumma     GR     3h54  █████████░░░░░░░░░
2026-10-05 23:55:11  [32m FC VAN   4.º Armenia   jogo em 18h43   slots 4/4[0m
2026-10-05 23:55:11  Knauff         ATA    1h54  ██████████████░░░░
2026-10-05 23:55:11  K. Koné        MED    3h54  █████████░░░░░░░░░
2026-10-05 23:55:11  Mendes         DEF    3h54  █████████░░░░░░░░░
2026-10-05 23:55:11  Livakovic      GR     1h54  ██████████████░░░░
2026-10-05 23:55:11  Boss coins 2454    Anúncios: loja ✓  treino ✓
2026-10-05 23:55:11  desde o arranque (0h03) · saldo +0 boss coins · loja 4 vídeo(s) · treino 0 vídeo(s) · 0 recolhido(s) · 0 posto(s) a treinar
2026-10-05 23:55:11  ──────────────────────────────────────────────────────────────────
2026-10-05 23:55:11  [90m23:49:47 [1] FC Van: 0 treino(s) a pôr[0m
2026-10-05 23:55:11  [90m23:50:03 Anuncios da loja: video 1 visto.[0m
2026-10-05 23:55:11  [90m23:51:21 Anuncios da loja: video 2 visto.[0m
2026-10-05 23:55:11  [90m23:52:23 Anuncios da loja: video 3 visto.[0m
2026-10-05 23:55:11  [90m23:53:17 Anuncios da loja: video 4 visto.[0m
2026-10-05 23:55:11  Ctrl+C para parar
2026-10-05 23:55:11  [H[J OSMbot · A TRABALHAR · Windows                           23:53:26
2026-10-05 23:55:11  ──────────────────────────────────────────────────────────────────
2026-10-05 23:55:11  À espera  treino acaba 01:48 (em 1h54)
2026-10-05 23:55:11  [32m REAL BETIS   1.º Spain   jogo em 21h16   slots 4/4[0m
2026-10-05 23:55:11  Haaland        ATA    3h54  █████████░░░░░░░░░
2026-10-05 23:55:11  de Jong        MED    3h54  █████████░░░░░░░░░
2026-10-05 23:55:11  Gabriel        DEF    3h54  █████████░░░░░░░░░
2026-10-05 23:55:11  Donnarumma     GR     3h54  █████████░░░░░░░░░
2026-10-05 23:55:11  [32m FC VAN   4.º Armenia   jogo em 18h43   slots 4/4[0m
2026-10-05 23:55:11  Knauff         ATA    1h54  ██████████████░░░░
2026-10-05 23:55:11  K. Koné        MED    3h54  █████████░░░░░░░░░
2026-10-05 23:55:11  Mendes         DEF    3h54  █████████░░░░░░░░░
2026-10-05 23:55:11  Livakovic      GR     1h54  ██████████████░░░░
2026-10-05 23:55:11  Boss coins 2454    Anúncios: loja ✓  treino ✓
2026-10-05 23:55:11  desde o arranque (0h03) · saldo +0 boss coins · loja 4 vídeo(s) · treino 0 vídeo(s) · 0 recolhido(s) · 0 posto(s) a treinar
2026-10-05 23:55:11  ──────────────────────────────────────────────────────────────────
2026-10-05 23:55:11  [90m23:49:47 [1] FC Van: 0 treino(s) a pôr[0m
2026-10-05 23:55:11  [90m23:50:03 Anuncios da loja: video 1 visto.[0m
2026-10-05 23:55:11  [90m23:51:21 Anuncios da loja: video 2 visto.[0m
2026-10-05 23:55:11  [90m23:52:23 Anuncios da loja: video 3 visto.[0m
2026-10-05 23:55:11  [90m23:53:17 Anuncios da loja: video 4 visto.[0m
2026-10-05 23:55:11  Ctrl+C para parar
2026-10-05 23:55:11  [H[J OSMbot · A TRABALHAR · Windows                           23:53:27
2026-10-05 23:55:11  ──────────────────────────────────────────────────────────────────
2026-10-05 23:55:11  À espera  treino acaba 01:48 (em 1h54)
2026-10-05 23:55:11  [32m REAL BETIS   1.º Spain   jogo em 21h16   slots 4/4[0m
2026-10-05 23:55:11  Haaland        ATA    3h54  █████████░░░░░░░░░
2026-10-05 23:55:11  de Jong        MED    3h54  █████████░░░░░░░░░
2026-10-05 23:55:11  Gabriel        DEF    3h54  █████████░░░░░░░░░
2026-10-05 23:55:11  Donnarumma     GR     3h54  █████████░░░░░░░░░
2026-10-05 23:55:11  [32m FC VAN   4.º Armenia   jogo em 18h43   slots 4/4[0m
2026-10-05 23:55:11  Knauff         ATA    1h54  ██████████████░░░░
2026-10-05 23:55:11  K. Koné        MED    3h54  █████████░░░░░░░░░
2026-10-05 23:55:11  Mendes         DEF    3h54  █████████░░░░░░░░░
2026-10-05 23:55:11  Livakovic      GR     1h54  ██████████████░░░░
2026-10-05 23:55:11  Boss coins 2454    Anúncios: loja ✓  treino ✓
2026-10-05 23:55:11  desde o arranque (0h03) · saldo +0 boss coins · loja 4 vídeo(s) · treino 0 vídeo(s) · 0 recolhido(s) · 0 posto(s) a treinar
2026-10-05 23:55:11  ──────────────────────────────────────────────────────────────────
2026-10-05 23:55:11  [90m23:49:47 [1] FC Van: 0 treino(s) a pôr[0m
2026-10-05 23:55:11  [90m23:50:03 Anuncios da loja: video 1 visto.[0m
2026-10-05 23:55:11  [90m23:51:21 Anuncios da loja: video 2 visto.[0m
2026-10-05 23:55:11  [90m23:52:23 Anuncios da loja: video 3 visto.[0m
2026-10-05 23:55:11  [90m23:53:17 Anuncios da loja: video 4 visto.[0m
2026-10-05 23:55:11  Ctrl+C para parar
2026-10-05 23:55:11  [H[J OSMbot · A TRABALHAR · Windows                           23:53:28
2026-10-05 23:55:11  ──────────────────────────────────────────────────────────────────
2026-10-05 23:55:11  À espera  treino acaba 01:48 (em 1h54)
2026-10-05 23:55:11  [32m REAL BETIS   1.º Spain   jogo em 21h15   slots 4/4[0m
2026-10-05 23:55:11  Haaland        ATA    3h54  █████████░░░░░░░░░
2026-10-05 23:55:11  de Jong        MED    3h54  █████████░░░░░░░░░
2026-10-05 23:55:11  Gabriel        DEF    3h54  █████████░░░░░░░░░
2026-10-05 23:55:11  Donnarumma     GR     3h54  █████████░░░░░░░░░
2026-10-05 23:55:11  [32m FC VAN   4.º Armenia   jogo em 18h43   slots 4/4[0m
2026-10-05 23:55:11  Knauff         ATA    1h54  ██████████████░░░░
2026-10-05 23:55:11  K. Koné        MED    3h54  █████████░░░░░░░░░
2026-10-05 23:55:11  Mendes         DEF    3h54  █████████░░░░░░░░░
2026-10-05 23:55:11  Livakovic      GR     1h54  ██████████████░░░░
2026-10-05 23:55:11  Boss coins 2454    Anúncios: loja ✓  treino ✓
2026-10-05 23:55:11  desde o arranque (0h03) · saldo +0 boss coins · loja 4 vídeo(s) · treino 0 vídeo(s) · 0 recolhido(s) · 0 posto(s) a treinar
2026-10-05 23:55:11  ──────────────────────────────────────────────────────────────────
2026-10-05 23:55:11  [90m23:49:47 [1] FC Van: 0 treino(s) a pôr[0m
2026-10-05 23:55:11  [90m23:50:03 Anuncios da loja: video 1 visto.[0m
2026-10-05 23:55:11  [90m23:51:21 Anuncios da loja: video 2 visto.[0m
2026-10-05 23:55:11  [90m23:52:23 Anuncios da loja: video 3 visto.[0m
2026-10-05 23:55:11  [90m23:53:17 Anuncios da loja: video 4 visto.[0m
2026-10-05 23:55:11  Ctrl+C para parar
2026-10-05 23:55:11  [H[J OSMbot · A TRABALHAR · Windows                           23:53:29
2026-10-05 23:55:11  ──────────────────────────────────────────────────────────────────
2026-10-05 23:55:11  À espera  treino acaba 01:48 (em 1h54)
2026-10-05 23:55:11  [32m REAL BETIS   1.º Spain   jogo em 21h15   slots 4/4[0m
2026-10-05 23:55:11  Haaland        ATA    3h54  █████████░░░░░░░░░
2026-10-05 23:55:11  de Jong        MED    3h54  █████████░░░░░░░░░
2026-10-05 23:55:11  Gabriel        DEF    3h54  █████████░░░░░░░░░
2026-10-05 23:55:11  Donnarumma     GR     3h54  █████████░░░░░░░░░
2026-10-05 23:55:11  [32m FC VAN   4.º Armenia   jogo em 18h43   slots 4/4[0m
2026-10-05 23:55:11  Knauff         ATA    1h54  ██████████████░░░░
2026-10-05 23:55:11  K. Koné        MED    3h54  █████████░░░░░░░░░
2026-10-05 23:55:11  Mendes         DEF    3h54  █████████░░░░░░░░░
2026-10-05 23:55:11  Livakovic      GR     1h54  ██████████████░░░░
2026-10-05 23:55:11  Boss coins 2454    Anúncios: loja ✓  treino ✓
2026-10-05 23:55:11  desde o arranque (0h03) · saldo +0 boss coins · loja 4 vídeo(s) · treino 0 vídeo(s) · 0 recolhido(s) · 0 posto(s) a treinar
2026-10-05 23:55:11  ──────────────────────────────────────────────────────────────────
2026-10-05 23:55:11  [90m23:49:47 [1] FC Van: 0 treino(s) a pôr[0m
2026-10-05 23:55:11  [90m23:50:03 Anuncios da loja: video 1 visto.[0m
2026-10-05 23:55:11  [90m23:51:21 Anuncios da loja: video 2 visto.[0m
2026-10-05 23:55:11  [90m23:52:23 Anuncios da loja: video 3 visto.[0m
2026-10-05 23:55:11  [90m23:53:17 Anuncios da loja: video 4 visto.[0m
2026-10-05 23:55:11  Ctrl+C para parar
2026-10-05 23:55:11  [H[J OSMbot · A TRABALHAR · Windows                           23:53:30
2026-10-05 23:55:11  ──────────────────────────────────────────────────────────────────
2026-10-05 23:55:11  À espera  treino acaba 01:48 (em 1h54)
2026-10-05 23:55:11  [32m REAL BETIS   1.º Spain   jogo em 21h15   slots 4/4[0m
2026-10-05 23:55:11  Haaland        ATA    3h54  █████████░░░░░░░░░
2026-10-05 23:55:11  de Jong        MED    3h54  █████████░░░░░░░░░
2026-10-05 23:55:11  Gabriel        DEF    3h54  █████████░░░░░░░░░
2026-10-05 23:55:11  Donnarumma     GR     3h54  █████████░░░░░░░░░
2026-10-05 23:55:11  [32m FC VAN   4.º Armenia   jogo em 18h43   slots 4/4[0m
2026-10-05 23:55:11  Knauff         ATA    1h54  ██████████████░░░░
2026-10-05 23:55:11  K. Koné        MED    3h54  █████████░░░░░░░░░
2026-10-05 23:55:11  Mendes         DEF    3h54  █████████░░░░░░░░░
2026-10-05 23:55:11  Livakovic      GR     1h54  ██████████████░░░░
2026-10-05 23:55:11  Boss coins 2454    Anúncios: loja ✓  treino ✓
2026-10-05 23:55:11  desde o arranque (0h03) · saldo +0 boss coins · loja 4 vídeo(s) · treino 0 vídeo(s) · 0 recolhido(s) · 0 posto(s) a treinar
2026-10-05 23:55:11  ──────────────────────────────────────────────────────────────────
2026-10-05 23:55:11  [90m23:49:47 [1] FC Van: 0 treino(s) a pôr[0m
2026-10-05 23:55:11  [90m23:50:03 Anuncios da loja: video 1 visto.[0m
2026-10-05 23:55:11  [90m23:51:21 Anuncios da loja: video 2 visto.[0m
2026-10-05 23:55:11  [90m23:52:23 Anuncios da loja: video 3 visto.[0m
2026-10-05 23:55:11  [90m23:53:17 Anuncios da loja: video 4 visto.[0m
2026-10-05 23:55:11  Ctrl+C para parar
2026-10-05 23:55:11  [H[J OSMbot · A TRABALHAR · Windows                           23:53:31
2026-10-05 23:55:11  ──────────────────────────────────────────────────────────────────
2026-10-05 23:55:11  À espera  treino acaba 01:48 (em 1h54)
2026-10-05 23:55:11  [32m REAL BETIS   1.º Spain   jogo em 21h15   slots 4/4[0m
2026-10-05 23:55:11  Haaland        ATA    3h54  █████████░░░░░░░░░
2026-10-05 23:55:11  de Jong        MED    3h54  █████████░░░░░░░░░
2026-10-05 23:55:11  Gabriel        DEF    3h54  █████████░░░░░░░░░
2026-10-05 23:55:11  Donnarumma     GR     3h54  █████████░░░░░░░░░
2026-10-05 23:55:11  [32m FC VAN   4.º Armenia   jogo em 18h43   slots 4/4[0m
2026-10-05 23:55:11  Knauff         ATA    1h54  ██████████████░░░░
2026-10-05 23:55:11  K. Koné        MED    3h54  █████████░░░░░░░░░
2026-10-05 23:55:11  Mendes         DEF    3h54  █████████░░░░░░░░░
2026-10-05 23:55:11  Livakovic      GR     1h54  ██████████████░░░░
2026-10-05 23:55:11  Boss coins 2454    Anúncios: loja ✓  treino ✓
2026-10-05 23:55:11  desde o arranque (0h03) · saldo +0 boss coins · loja 4 vídeo(s) · treino 0 vídeo(s) · 0 recolhido(s) · 0 posto(s) a treinar
2026-10-05 23:55:11  ──────────────────────────────────────────────────────────────────
2026-10-05 23:55:11  [90m23:49:47 [1] FC Van: 0 treino(s) a pôr[0m
2026-10-05 23:55:11  [90m23:50:03 Anuncios da loja: video 1 visto.[0m
2026-10-05 23:55:11  [90m23:51:21 Anuncios da loja: video 2 visto.[0m
2026-10-05 23:55:11  [90m23:52:23 Anuncios da loja: video 3 visto.[0m
2026-10-05 23:55:11  [90m23:53:17 Anuncios da loja: video 4 visto.[0m
2026-10-05 23:55:11  Ctrl+C para parar
2026-10-05 23:55:11  [H[J OSMbot · A TRABALHAR · Windows                           23:53:32
2026-10-05 23:55:11  ──────────────────────────────────────────────────────────────────
2026-10-05 23:55:11  À espera  treino acaba 01:48 (em 1h54)
2026-10-05 23:55:11  [32m REAL BETIS   1.º Spain   jogo em 21h15   slots 4/4[0m
2026-10-05 23:55:11  Haaland        ATA    3h54  █████████░░░░░░░░░
2026-10-05 23:55:11  de Jong        MED    3h54  █████████░░░░░░░░░
2026-10-05 23:55:11  Gabriel        DEF    3h54  █████████░░░░░░░░░
2026-10-05 23:55:11  Donnarumma     GR     3h54  █████████░░░░░░░░░
2026-10-05 23:55:11  [32m FC VAN   4.º Armenia   jogo em 18h43   slots 4/4[0m
2026-10-05 23:55:11  Knauff         ATA    1h54  ██████████████░░░░
2026-10-05 23:55:11  K. Koné        MED    3h54  █████████░░░░░░░░░
2026-10-05 23:55:11  Mendes         DEF    3h54  █████████░░░░░░░░░
2026-10-05 23:55:11  Livakovic      GR     1h54  ██████████████░░░░
2026-10-05 23:55:11  Boss coins 2454    Anúncios: loja ✓  treino ✓
2026-10-05 23:55:11  desde o arranque (0h03) · saldo +0 boss coins · loja 4 vídeo(s) · treino 0 vídeo(s) · 0 recolhido(s) · 0 posto(s) a treinar
2026-10-05 23:55:11  ──────────────────────────────────────────────────────────────────
2026-10-05 23:55:11  [90m23:49:47 [1] FC Van: 0 treino(s) a pôr[0m
2026-10-05 23:55:11  [90m23:50:03 Anuncios da loja: video 1 visto.[0m
2026-10-05 23:55:11  [90m23:51:21 Anuncios da loja: video 2 visto.[0m
2026-10-05 23:55:11  [90m23:52:23 Anuncios da loja: video 3 visto.[0m
2026-10-05 23:55:11  [90m23:53:17 Anuncios da loja: video 4 visto.[0m
2026-10-05 23:55:11  Ctrl+C para parar
2026-10-05 23:55:11  [H[J OSMbot · A TRABALHAR · Windows                           23:53:33
2026-10-05 23:55:11  ──────────────────────────────────────────────────────────────────
2026-10-05 23:55:11  À espera  treino acaba 01:48 (em 1h54)
2026-10-05 23:55:11  [32m REAL BETIS   1.º Spain   jogo em 21h15   slots 4/4[0m
2026-10-05 23:55:11  Haaland        ATA    3h54  █████████░░░░░░░░░
2026-10-05 23:55:11  de Jong        MED    3h54  █████████░░░░░░░░░
2026-10-05 23:55:11  Gabriel        DEF    3h54  █████████░░░░░░░░░
2026-10-05 23:55:11  Donnarumma     GR     3h54  █████████░░░░░░░░░
2026-10-05 23:55:11  [32m FC VAN   4.º Armenia   jogo em 18h43   slots 4/4[0m
2026-10-05 23:55:11  Knauff         ATA    1h54  ██████████████░░░░
2026-10-05 23:55:11  K. Koné        MED    3h54  █████████░░░░░░░░░
2026-10-05 23:55:11  Mendes         DEF    3h54  █████████░░░░░░░░░
2026-10-05 23:55:11  Livakovic      GR     1h54  ██████████████░░░░
2026-10-05 23:55:11  Boss coins 2454    Anúncios: loja ✓  treino ✓
2026-10-05 23:55:11  desde o arranque (0h03) · saldo +0 boss coins · loja 4 vídeo(s) · treino 0 vídeo(s) · 0 recolhido(s) · 0 posto(s) a treinar
2026-10-05 23:55:11  ──────────────────────────────────────────────────────────────────
2026-10-05 23:55:11  [90m23:49:47 [1] FC Van: 0 treino(s) a pôr[0m
2026-10-05 23:55:11  [90m23:50:03 Anuncios da loja: video 1 visto.[0m
2026-10-05 23:55:11  [90m23:51:21 Anuncios da loja: video 2 visto.[0m
2026-10-05 23:55:11  [90m23:52:23 Anuncios da loja: video 3 visto.[0m
2026-10-05 23:55:11  [90m23:53:17 Anuncios da loja: video 4 visto.[0m
2026-10-05 23:55:11  Ctrl+C para parar
2026-10-05 23:55:11  [H[J OSMbot · A TRABALHAR · Windows                           23:53:34
2026-10-05 23:55:11  ──────────────────────────────────────────────────────────────────
2026-10-05 23:55:11  À espera  treino acaba 01:48 (em 1h54)
2026-10-05 23:55:11  [32m REAL BETIS   1.º Spain   jogo em 21h15   slots 4/4[0m
2026-10-05 23:55:11  Haaland        ATA    3h54  █████████░░░░░░░░░
2026-10-05 23:55:11  de Jong        MED    3h54  █████████░░░░░░░░░
2026-10-05 23:55:11  Gabriel        DEF    3h54  █████████░░░░░░░░░
2026-10-05 23:55:11  Donnarumma     GR     3h54  █████████░░░░░░░░░
2026-10-05 23:55:11  [32m FC VAN   4.º Armenia   jogo em 18h43   slots 4/4[0m
2026-10-05 23:55:11  Knauff         ATA    1h54  ██████████████░░░░
2026-10-05 23:55:11  K. Koné        MED    3h54  █████████░░░░░░░░░
2026-10-05 23:55:11  Mendes         DEF    3h54  █████████░░░░░░░░░
2026-10-05 23:55:11  Livakovic      GR     1h54  ██████████████░░░░
2026-10-05 23:55:11  Boss coins 2454    Anúncios: loja ✓  treino ✓
2026-10-05 23:55:11  desde o arranque (0h03) · saldo +0 boss coins · loja 4 vídeo(s) · treino 0 vídeo(s) · 0 recolhido(s) · 0 posto(s) a treinar
2026-10-05 23:55:11  ──────────────────────────────────────────────────────────────────
2026-10-05 23:55:11  [90m23:49:47 [1] FC Van: 0 treino(s) a pôr[0m
2026-10-05 23:55:11  [90m23:50:03 Anuncios da loja: video 1 visto.[0m
2026-10-05 23:55:11  [90m23:51:21 Anuncios da loja: video 2 visto.[0m
2026-10-05 23:55:11  [90m23:52:23 Anuncios da loja: video 3 visto.[0m
2026-10-05 23:55:11  [90m23:53:17 Anuncios da loja: video 4 visto.[0m
2026-10-05 23:55:11  Ctrl+C para parar
2026-10-05 23:55:11  [H[J OSMbot · A TRABALHAR · Windows                           23:53:35
2026-10-05 23:55:11  ──────────────────────────────────────────────────────────────────
2026-10-05 23:55:11  À espera  treino acaba 01:48 (em 1h54)
2026-10-05 23:55:11  [32m REAL BETIS   1.º Spain   jogo em 21h15   slots 4/4[0m
2026-10-05 23:55:11  Haaland        ATA    3h54  █████████░░░░░░░░░
2026-10-05 23:55:11  de Jong        MED    3h54  █████████░░░░░░░░░
2026-10-05 23:55:11  Gabriel        DEF    3h54  █████████░░░░░░░░░
2026-10-05 23:55:11  Donnarumma     GR     3h54  █████████░░░░░░░░░
2026-10-05 23:55:11  [32m FC VAN   4.º Armenia   jogo em 18h43   slots 4/4[0m
2026-10-05 23:55:11  Knauff         ATA    1h54  ██████████████░░░░
2026-10-05 23:55:11  K. Koné        MED    3h54  █████████░░░░░░░░░
2026-10-05 23:55:11  Mendes         DEF    3h54  █████████░░░░░░░░░
2026-10-05 23:55:11  Livakovic      GR     1h54  ██████████████░░░░
2026-10-05 23:55:11  Boss coins 2454    Anúncios: loja ✓  treino ✓
2026-10-05 23:55:11  desde o arranque (0h03) · saldo +0 boss coins · loja 4 vídeo(s) · treino 0 vídeo(s) · 0 recolhido(s) · 0 posto(s) a treinar
2026-10-05 23:55:11  ──────────────────────────────────────────────────────────────────
2026-10-05 23:55:11  [90m23:49:47 [1] FC Van: 0 treino(s) a pôr[0m
2026-10-05 23:55:11  [90m23:50:03 Anuncios da loja: video 1 visto.[0m
2026-10-05 23:55:11  [90m23:51:21 Anuncios da loja: video 2 visto.[0m
2026-10-05 23:55:11  [90m23:52:23 Anuncios da loja: video 3 visto.[0m
2026-10-05 23:55:11  [90m23:53:17 Anuncios da loja: video 4 visto.[0m
2026-10-05 23:55:11  Ctrl+C para parar
2026-10-05 23:55:11  [H[J OSMbot · A TRABALHAR · Windows                           23:53:36
2026-10-05 23:55:11  ──────────────────────────────────────────────────────────────────
2026-10-05 23:55:11  À espera  treino acaba 01:48 (em 1h54)
2026-10-05 23:55:11  [32m REAL BETIS   1.º Spain   jogo em 21h15   slots 4/4[0m
2026-10-05 23:55:11  Haaland        ATA    3h54  █████████░░░░░░░░░
2026-10-05 23:55:11  de Jong        MED    3h54  █████████░░░░░░░░░
2026-10-05 23:55:11  Gabriel        DEF    3h54  █████████░░░░░░░░░
2026-10-05 23:55:11  Donnarumma     GR     3h54  █████████░░░░░░░░░
2026-10-05 23:55:11  [32m FC VAN   4.º Armenia   jogo em 18h43   slots 4/4[0m
2026-10-05 23:55:11  Knauff         ATA    1h54  ██████████████░░░░
2026-10-05 23:55:11  K. Koné        MED    3h54  █████████░░░░░░░░░
2026-10-05 23:55:11  Mendes         DEF    3h54  █████████░░░░░░░░░
2026-10-05 23:55:11  Livakovic      GR     1h54  ██████████████░░░░
2026-10-05 23:55:11  Boss coins 2454    Anúncios: loja ✓  treino ✓
2026-10-05 23:55:11  desde o arranque (0h03) · saldo +0 boss coins · loja 4 vídeo(s) · treino 0 vídeo(s) · 0 recolhido(s) · 0 posto(s) a treinar
2026-10-05 23:55:11  ──────────────────────────────────────────────────────────────────
2026-10-05 23:55:11  [90m23:49:47 [1] FC Van: 0 treino(s) a pôr[0m
2026-10-05 23:55:11  [90m23:50:03 Anuncios da loja: video 1 visto.[0m
2026-10-05 23:55:11  [90m23:51:21 Anuncios da loja: video 2 visto.[0m
2026-10-05 23:55:11  [90m23:52:23 Anuncios da loja: video 3 visto.[0m
2026-10-05 23:55:11  [90m23:53:17 Anuncios da loja: video 4 visto.[0m
2026-10-05 23:55:11  Ctrl+C para parar
2026-10-05 23:55:11  [H[J OSMbot · A TRABALHAR · Windows                           23:53:37
2026-10-05 23:55:11  ──────────────────────────────────────────────────────────────────
2026-10-05 23:55:11  À espera  treino acaba 01:48 (em 1h54)
2026-10-05 23:55:11  [32m REAL BETIS   1.º Spain   jogo em 21h15   slots 4/4[0m
2026-10-05 23:55:11  Haaland        ATA    3h54  █████████░░░░░░░░░
2026-10-05 23:55:11  de Jong        MED    3h54  █████████░░░░░░░░░
2026-10-05 23:55:11  Gabriel        DEF    3h54  █████████░░░░░░░░░
2026-10-05 23:55:11  Donnarumma     GR     3h54  █████████░░░░░░░░░
2026-10-05 23:55:11  [32m FC VAN   4.º Armenia   jogo em 18h43   slots 4/4[0m
2026-10-05 23:55:11  Knauff         ATA    1h54  ██████████████░░░░
2026-10-05 23:55:11  K. Koné        MED    3h54  █████████░░░░░░░░░
2026-10-05 23:55:11  Mendes         DEF    3h54  █████████░░░░░░░░░
2026-10-05 23:55:11  Livakovic      GR     1h54  ██████████████░░░░
2026-10-05 23:55:11  Boss coins 2454    Anúncios: loja ✓  treino ✓
2026-10-05 23:55:11  desde o arranque (0h03) · saldo +0 boss coins · loja 4 vídeo(s) · treino 0 vídeo(s) · 0 recolhido(s) · 0 posto(s) a treinar
2026-10-05 23:55:11  ──────────────────────────────────────────────────────────────────
2026-10-05 23:55:11  [90m23:49:47 [1] FC Van: 0 treino(s) a pôr[0m
2026-10-05 23:55:11  [90m23:50:03 Anuncios da loja: video 1 visto.[0m
2026-10-05 23:55:11  [90m23:51:21 Anuncios da loja: video 2 visto.[0m
2026-10-05 23:55:11  [90m23:52:23 Anuncios da loja: video 3 visto.[0m
2026-10-05 23:55:11  [90m23:53:17 Anuncios da loja: video 4 visto.[0m
2026-10-05 23:55:11  Ctrl+C para parar
2026-10-05 23:55:11  [H[J OSMbot · A TRABALHAR · Windows                           23:53:38
2026-10-05 23:55:11  ──────────────────────────────────────────────────────────────────
2026-10-05 23:55:11  À espera  treino acaba 01:48 (em 1h54)
2026-10-05 23:55:11  [32m REAL BETIS   1.º Spain   jogo em 21h15   slots 4/4[0m
2026-10-05 23:55:11  Haaland        ATA    3h54  █████████░░░░░░░░░
2026-10-05 23:55:11  de Jong        MED    3h54  █████████░░░░░░░░░
2026-10-05 23:55:11  Gabriel        DEF    3h54  █████████░░░░░░░░░
2026-10-05 23:55:11  Donnarumma     GR     3h54  █████████░░░░░░░░░
2026-10-05 23:55:11  [32m FC VAN   4.º Armenia   jogo em 18h43   slots 4/4[0m
2026-10-05 23:55:11  Knauff         ATA    1h54  ██████████████░░░░
2026-10-05 23:55:11  K. Koné        MED    3h54  █████████░░░░░░░░░
2026-10-05 23:55:11  Mendes         DEF    3h54  █████████░░░░░░░░░
2026-10-05 23:55:11  Livakovic      GR     1h54  ██████████████░░░░
2026-10-05 23:55:11  Boss coins 2454    Anúncios: loja ✓  treino ✓
2026-10-05 23:55:11  desde o arranque (0h04) · saldo +0 boss coins · loja 4 vídeo(s) · treino 0 vídeo(s) · 0 recolhido(s) · 0 posto(s) a treinar
2026-10-05 23:55:11  ──────────────────────────────────────────────────────────────────
2026-10-05 23:55:11  [90m23:49:47 [1] FC Van: 0 treino(s) a pôr[0m
2026-10-05 23:55:11  [90m23:50:03 Anuncios da loja: video 1 visto.[0m
2026-10-05 23:55:11  [90m23:51:21 Anuncios da loja: video 2 visto.[0m
2026-10-05 23:55:11  [90m23:52:23 Anuncios da loja: video 3 visto.[0m
2026-10-05 23:55:11  [90m23:53:17 Anuncios da loja: video 4 visto.[0m
2026-10-05 23:55:11  Ctrl+C para parar
2026-10-05 23:55:11  [H[J OSMbot · A TRABALHAR · Windows                           23:53:39
2026-10-05 23:55:11  ──────────────────────────────────────────────────────────────────
2026-10-05 23:55:11  À espera  treino acaba 01:48 (em 1h54)
2026-10-05 23:55:11  [32m REAL BETIS   1.º Spain   jogo em 21h15   slots 4/4[0m
2026-10-05 23:55:11  Haaland        ATA    3h54  █████████░░░░░░░░░
2026-10-05 23:55:11  de Jong        MED    3h54  █████████░░░░░░░░░
2026-10-05 23:55:11  Gabriel        DEF    3h54  █████████░░░░░░░░░
2026-10-05 23:55:11  Donnarumma     GR     3h54  █████████░░░░░░░░░
2026-10-05 23:55:11  [32m FC VAN   4.º Armenia   jogo em 18h43   slots 4/4[0m
2026-10-05 23:55:11  Knauff         ATA    1h54  ██████████████░░░░
2026-10-05 23:55:11  K. Koné        MED    3h54  █████████░░░░░░░░░
2026-10-05 23:55:11  Mendes         DEF    3h54  █████████░░░░░░░░░
2026-10-05 23:55:11  Livakovic      GR     1h54  ██████████████░░░░
2026-10-05 23:55:11  Boss coins 2454    Anúncios: loja ✓  treino ✓
2026-10-05 23:55:11  desde o arranque (0h04) · saldo +0 boss coins · loja 4 vídeo(s) · treino 0 vídeo(s) · 0 recolhido(s) · 0 posto(s) a treinar
2026-10-05 23:55:11  ──────────────────────────────────────────────────────────────────
2026-10-05 23:55:11  [90m23:49:47 [1] FC Van: 0 treino(s) a pôr[0m
2026-10-05 23:55:11  [90m23:50:03 Anuncios da loja: video 1 visto.[0m
2026-10-05 23:55:11  [90m23:51:21 Anuncios da loja: video 2 visto.[0m
2026-10-05 23:55:11  [90m23:52:23 Anuncios da loja: video 3 visto.[0m
2026-10-05 23:55:11  [90m23:53:17 Anuncios da loja: video 4 visto.[0m
2026-10-05 23:55:11  Ctrl+C para parar
2026-10-05 23:55:11  [H[J OSMbot · A TRABALHAR · Windows                           23:53:40
2026-10-05 23:55:11  ──────────────────────────────────────────────────────────────────
2026-10-05 23:55:11  À espera  treino acaba 01:48 (em 1h54)
2026-10-05 23:55:11  [32m REAL BETIS   1.º Spain   jogo em 21h15   slots 4/4[0m
2026-10-05 23:55:11  Haaland        ATA    3h54  █████████░░░░░░░░░
2026-10-05 23:55:11  de Jong        MED    3h54  █████████░░░░░░░░░
2026-10-05 23:55:11  Gabriel        DEF    3h54  █████████░░░░░░░░░
2026-10-05 23:55:11  Donnarumma     GR     3h54  █████████░░░░░░░░░
2026-10-05 23:55:11  [32m FC VAN   4.º Armenia   jogo em 18h43   slots 4/4[0m
2026-10-05 23:55:11  Knauff         ATA    1h54  ██████████████░░░░
2026-10-05 23:55:11  K. Koné        MED    3h54  █████████░░░░░░░░░
2026-10-05 23:55:11  Mendes         DEF    3h54  █████████░░░░░░░░░
2026-10-05 23:55:11  Livakovic      GR     1h54  ██████████████░░░░
2026-10-05 23:55:11  Boss coins 2454    Anúncios: loja ✓  treino ✓
2026-10-05 23:55:11  desde o arranque (0h04) · saldo +0 boss coins · loja 4 vídeo(s) · treino 0 vídeo(s) · 0 recolhido(s) · 0 posto(s) a treinar
2026-10-05 23:55:11  ──────────────────────────────────────────────────────────────────
2026-10-05 23:55:11  [90m23:49:47 [1] FC Van: 0 treino(s) a pôr[0m
2026-10-05 23:55:11  [90m23:50:03 Anuncios da loja: video 1 visto.[0m
2026-10-05 23:55:11  [90m23:51:21 Anuncios da loja: video 2 visto.[0m
2026-10-05 23:55:11  [90m23:52:23 Anuncios da loja: video 3 visto.[0m
2026-10-05 23:55:11  [90m23:53:17 Anuncios da loja: video 4 visto.[0m
2026-10-05 23:55:11  Ctrl+C para parar
2026-10-05 23:55:11  [H[J OSMbot · A TRABALHAR · Windows                           23:53:41
2026-10-05 23:55:11  ──────────────────────────────────────────────────────────────────
2026-10-05 23:55:11  À espera  treino acaba 01:48 (em 1h54)
2026-10-05 23:55:11  [32m REAL BETIS   1.º Spain   jogo em 21h15   slots 4/4[0m
2026-10-05 23:55:11  Haaland        ATA    3h54  █████████░░░░░░░░░
2026-10-05 23:55:11  de Jong        MED    3h54  █████████░░░░░░░░░
2026-10-05 23:55:11  Gabriel        DEF    3h54  █████████░░░░░░░░░
2026-10-05 23:55:11  Donnarumma     GR     3h54  █████████░░░░░░░░░
2026-10-05 23:55:11  [32m FC VAN   4.º Armenia   jogo em 18h43   slots 4/4[0m
2026-10-05 23:55:11  Knauff         ATA    1h54  ██████████████░░░░
2026-10-05 23:55:11  K. Koné        MED    3h54  █████████░░░░░░░░░
2026-10-05 23:55:11  Mendes         DEF    3h54  █████████░░░░░░░░░
2026-10-05 23:55:11  Livakovic      GR     1h54  ██████████████░░░░
2026-10-05 23:55:11  Boss coins 2454    Anúncios: loja ✓  treino ✓
2026-10-05 23:55:11  desde o arranque (0h04) · saldo +0 boss coins · loja 4 vídeo(s) · treino 0 vídeo(s) · 0 recolhido(s) · 0 posto(s) a treinar
2026-10-05 23:55:11  ──────────────────────────────────────────────────────────────────
2026-10-05 23:55:11  [90m23:49:47 [1] FC Van: 0 treino(s) a pôr[0m
2026-10-05 23:55:11  [90m23:50:03 Anuncios da loja: video 1 visto.[0m
2026-10-05 23:55:11  [90m23:51:21 Anuncios da loja: video 2 visto.[0m
2026-10-05 23:55:11  [90m23:52:23 Anuncios da loja: video 3 visto.[0m
2026-10-05 23:55:11  [90m23:53:17 Anuncios da loja: video 4 visto.[0m
2026-10-05 23:55:11  Ctrl+C para parar
2026-10-05 23:55:11  [H[J OSMbot · A TRABALHAR · Windows                           23:53:42
2026-10-05 23:55:11  ──────────────────────────────────────────────────────────────────
2026-10-05 23:55:11  À espera  treino acaba 01:48 (em 1h54)
2026-10-05 23:55:11  [32m REAL BETIS   1.º Spain   jogo em 21h15   slots 4/4[0m
2026-10-05 23:55:11  Haaland        ATA    3h54  █████████░░░░░░░░░
2026-10-05 23:55:11  de Jong        MED    3h54  █████████░░░░░░░░░
2026-10-05 23:55:11  Gabriel        DEF    3h54  █████████░░░░░░░░░
2026-10-05 23:55:11  Donnarumma     GR     3h54  █████████░░░░░░░░░
2026-10-05 23:55:11  [32m FC VAN   4.º Armenia   jogo em 18h43   slots 4/4[0m
2026-10-05 23:55:11  Knauff         ATA    1h54  ██████████████░░░░
2026-10-05 23:55:11  K. Koné        MED    3h54  █████████░░░░░░░░░
2026-10-05 23:55:11  Mendes         DEF    3h54  █████████░░░░░░░░░
2026-10-05 23:55:11  Livakovic      GR     1h54  ██████████████░░░░
2026-10-05 23:55:11  Boss coins 2454    Anúncios: loja ✓  treino ✓
2026-10-05 23:55:11  desde o arranque (0h04) · saldo +0 boss coins · loja 4 vídeo(s) · treino 0 vídeo(s) · 0 recolhido(s) · 0 posto(s) a treinar
2026-10-05 23:55:11  ──────────────────────────────────────────────────────────────────
2026-10-05 23:55:11  [90m23:49:47 [1] FC Van: 0 treino(s) a pôr[0m
2026-10-05 23:55:11  [90m23:50:03 Anuncios da loja: video 1 visto.[0m
2026-10-05 23:55:11  [90m23:51:21 Anuncios da loja: video 2 visto.[0m
2026-10-05 23:55:11  [90m23:52:23 Anuncios da loja: video 3 visto.[0m
2026-10-05 23:55:11  [90m23:53:17 Anuncios da loja: video 4 visto.[0m
2026-10-05 23:55:11  Ctrl+C para parar
2026-10-05 23:55:11  [H[J OSMbot · A TRABALHAR · Windows                           23:53:43
2026-10-05 23:55:11  ──────────────────────────────────────────────────────────────────
2026-10-05 23:55:11  À espera  treino acaba 01:48 (em 1h54)
2026-10-05 23:55:11  [32m REAL BETIS   1.º Spain   jogo em 21h15   slots 4/4[0m
2026-10-05 23:55:11  Haaland        ATA    3h54  █████████░░░░░░░░░
2026-10-05 23:55:11  de Jong        MED    3h54  █████████░░░░░░░░░
2026-10-05 23:55:11  Gabriel        DEF    3h54  █████████░░░░░░░░░
2026-10-05 23:55:11  Donnarumma     GR     3h54  █████████░░░░░░░░░
2026-10-05 23:55:11  [32m FC VAN   4.º Armenia   jogo em 18h43   slots 4/4[0m
2026-10-05 23:55:11  Knauff         ATA    1h54  ██████████████░░░░
2026-10-05 23:55:11  K. Koné        MED    3h54  █████████░░░░░░░░░
2026-10-05 23:55:11  Mendes         DEF    3h54  █████████░░░░░░░░░
2026-10-05 23:55:11  Livakovic      GR     1h54  ██████████████░░░░
2026-10-05 23:55:11  Boss coins 2454    Anúncios: loja ✓  treino ✓
2026-10-05 23:55:11  desde o arranque (0h04) · saldo +0 boss coins · loja 4 vídeo(s) · treino 0 vídeo(s) · 0 recolhido(s) · 0 posto(s) a treinar
2026-10-05 23:55:11  ──────────────────────────────────────────────────────────────────
2026-10-05 23:55:11  [90m23:49:47 [1] FC Van: 0 treino(s) a pôr[0m
2026-10-05 23:55:11  [90m23:50:03 Anuncios da loja: video 1 visto.[0m
2026-10-05 23:55:11  [90m23:51:21 Anuncios da loja: video 2 visto.[0m
2026-10-05 23:55:11  [90m23:52:23 Anuncios da loja: video 3 visto.[0m
2026-10-05 23:55:11  [90m23:53:17 Anuncios da loja: video 4 visto.[0m
2026-10-05 23:55:11  Ctrl+C para parar
2026-10-05 23:55:11  [H[J OSMbot · A TRABALHAR · Windows                           23:53:44
2026-10-05 23:55:11  ──────────────────────────────────────────────────────────────────
2026-10-05 23:55:11  À espera  treino acaba 01:48 (em 1h54)
2026-10-05 23:55:11  [32m REAL BETIS   1.º Spain   jogo em 21h15   slots 4/4[0m
2026-10-05 23:55:11  Haaland        ATA    3h54  █████████░░░░░░░░░
2026-10-05 23:55:11  de Jong        MED    3h54  █████████░░░░░░░░░
2026-10-05 23:55:11  Gabriel        DEF    3h54  █████████░░░░░░░░░
2026-10-05 23:55:11  Donnarumma     GR     3h54  █████████░░░░░░░░░
2026-10-05 23:55:11  [32m FC VAN   4.º Armenia   jogo em 18h43   slots 4/4[0m
2026-10-05 23:55:11  Knauff         ATA    1h54  ██████████████░░░░
2026-10-05 23:55:11  K. Koné        MED    3h54  █████████░░░░░░░░░
2026-10-05 23:55:11  Mendes         DEF    3h54  █████████░░░░░░░░░
2026-10-05 23:55:11  Livakovic      GR     1h54  ██████████████░░░░
2026-10-05 23:55:11  Boss coins 2454    Anúncios: loja ✓  treino ✓
2026-10-05 23:55:11  desde o arranque (0h04) · saldo +0 boss coins · loja 4 vídeo(s) · treino 0 vídeo(s) · 0 recolhido(s) · 0 posto(s) a treinar
2026-10-05 23:55:11  ──────────────────────────────────────────────────────────────────
2026-10-05 23:55:11  [90m23:49:47 [1] FC Van: 0 treino(s) a pôr[0m
2026-10-05 23:55:11  [90m23:50:03 Anuncios da loja: video 1 visto.[0m
2026-10-05 23:55:11  [90m23:51:21 Anuncios da loja: video 2 visto.[0m
2026-10-05 23:55:11  [90m23:52:23 Anuncios da loja: video 3 visto.[0m
2026-10-05 23:55:11  [90m23:53:17 Anuncios da loja: video 4 visto.[0m
2026-10-05 23:55:11  Ctrl+C para parar
2026-10-05 23:55:11  [H[J OSMbot · A TRABALHAR · Windows                           23:53:45
2026-10-05 23:55:11  ──────────────────────────────────────────────────────────────────
2026-10-05 23:55:11  À espera  treino acaba 01:48 (em 1h54)
2026-10-05 23:55:11  [32m REAL BETIS   1.º Spain   jogo em 21h15   slots 4/4[0m
2026-10-05 23:55:11  Haaland        ATA    3h54  █████████░░░░░░░░░
2026-10-05 23:55:11  de Jong        MED    3h54  █████████░░░░░░░░░
2026-10-05 23:55:11  Gabriel        DEF    3h54  █████████░░░░░░░░░
2026-10-05 23:55:11  Donnarumma     GR     3h54  █████████░░░░░░░░░
2026-10-05 23:55:11  [32m FC VAN   4.º Armenia   jogo em 18h43   slots 4/4[0m
2026-10-05 23:55:11  Knauff         ATA    1h54  ██████████████░░░░
2026-10-05 23:55:11  K. Koné        MED    3h54  █████████░░░░░░░░░
2026-10-05 23:55:11  Mendes         DEF    3h54  █████████░░░░░░░░░
2026-10-05 23:55:11  Livakovic      GR     1h54  ██████████████░░░░
2026-10-05 23:55:11  Boss coins 2454    Anúncios: loja ✓  treino ✓
2026-10-05 23:55:11  desde o arranque (0h04) · saldo +0 boss coins · loja 4 vídeo(s) · treino 0 vídeo(s) · 0 recolhido(s) · 0 posto(s) a treinar
2026-10-05 23:55:11  ──────────────────────────────────────────────────────────────────
2026-10-05 23:55:11  [90m23:49:47 [1] FC Van: 0 treino(s) a pôr[0m
2026-10-05 23:55:11  [90m23:50:03 Anuncios da loja: video 1 visto.[0m
2026-10-05 23:55:11  [90m23:51:21 Anuncios da loja: video 2 visto.[0m
2026-10-05 23:55:11  [90m23:52:23 Anuncios da loja: video 3 visto.[0m
2026-10-05 23:55:11  [90m23:53:17 Anuncios da loja: video 4 visto.[0m
2026-10-05 23:55:11  Ctrl+C para parar
2026-10-05 23:55:11  [H[J OSMbot · A TRABALHAR · Windows                           23:53:46
2026-10-05 23:55:11  ──────────────────────────────────────────────────────────────────
2026-10-05 23:55:11  À espera  treino acaba 01:48 (em 1h54)
2026-10-05 23:55:11  [32m REAL BETIS   1.º Spain   jogo em 21h15   slots 4/4[0m
2026-10-05 23:55:11  Haaland        ATA    3h54  █████████░░░░░░░░░
2026-10-05 23:55:11  de Jong        MED    3h54  █████████░░░░░░░░░
2026-10-05 23:55:11  Gabriel        DEF    3h54  █████████░░░░░░░░░
2026-10-05 23:55:11  Donnarumma     GR     3h54  █████████░░░░░░░░░
2026-10-05 23:55:11  [32m FC VAN   4.º Armenia   jogo em 18h43   slots 4/4[0m
2026-10-05 23:55:11  Knauff         ATA    1h54  ██████████████░░░░
2026-10-05 23:55:11  K. Koné        MED    3h54  █████████░░░░░░░░░
2026-10-05 23:55:11  Mendes         DEF    3h54  █████████░░░░░░░░░
2026-10-05 23:55:11  Livakovic      GR     1h54  ██████████████░░░░
2026-10-05 23:55:11  Boss coins 2454    Anúncios: loja ✓  treino ✓
2026-10-05 23:55:11  desde o arranque (0h04) · saldo +0 boss coins · loja 4 vídeo(s) · treino 0 vídeo(s) · 0 recolhido(s) · 0 posto(s) a treinar
2026-10-05 23:55:11  ──────────────────────────────────────────────────────────────────
2026-10-05 23:55:11  [90m23:49:47 [1] FC Van: 0 treino(s) a pôr[0m
2026-10-05 23:55:11  [90m23:50:03 Anuncios da loja: video 1 visto.[0m
2026-10-05 23:55:11  [90m23:51:21 Anuncios da loja: video 2 visto.[0m
2026-10-05 23:55:11  [90m23:52:23 Anuncios da loja: video 3 visto.[0m
2026-10-05 23:55:11  [90m23:53:17 Anuncios da loja: video 4 visto.[0m
2026-10-05 23:55:11  Ctrl+C para parar
2026-10-05 23:55:11  [H[J OSMbot · A TRABALHAR · Windows                           23:53:47
2026-10-05 23:55:11  ──────────────────────────────────────────────────────────────────
2026-10-05 23:55:11  À espera  treino acaba 01:48 (em 1h54)
2026-10-05 23:55:11  [32m REAL BETIS   1.º Spain   jogo em 21h15   slots 4/4[0m
2026-10-05 23:55:11  Haaland        ATA    3h54  █████████░░░░░░░░░
2026-10-05 23:55:11  de Jong        MED    3h54  █████████░░░░░░░░░
2026-10-05 23:55:11  Gabriel        DEF    3h54  █████████░░░░░░░░░
2026-10-05 23:55:11  Donnarumma     GR     3h54  █████████░░░░░░░░░
2026-10-05 23:55:11  [32m FC VAN   4.º Armenia   jogo em 18h43   slots 4/4[0m
2026-10-05 23:55:11  Knauff         ATA    1h54  ██████████████░░░░
2026-10-05 23:55:11  K. Koné        MED    3h54  █████████░░░░░░░░░
2026-10-05 23:55:11  Mendes         DEF    3h54  █████████░░░░░░░░░
2026-10-05 23:55:11  Livakovic      GR     1h54  ██████████████░░░░
2026-10-05 23:55:11  Boss coins 2454    Anúncios: loja ✓  treino ✓
2026-10-05 23:55:11  desde o arranque (0h04) · saldo +0 boss coins · loja 4 vídeo(s) · treino 0 vídeo(s) · 0 recolhido(s) · 0 posto(s) a treinar
2026-10-05 23:55:11  ──────────────────────────────────────────────────────────────────
2026-10-05 23:55:11  [90m23:49:47 [1] FC Van: 0 treino(s) a pôr[0m
2026-10-05 23:55:11  [90m23:50:03 Anuncios da loja: video 1 visto.[0m
2026-10-05 23:55:11  [90m23:51:21 Anuncios da loja: video 2 visto.[0m
2026-10-05 23:55:11  [90m23:52:23 Anuncios da loja: video 3 visto.[0m
2026-10-05 23:55:11  [90m23:53:17 Anuncios da loja: video 4 visto.[0m
2026-10-05 23:55:11  Ctrl+C para parar
2026-10-05 23:55:11  [H[J OSMbot · A TRABALHAR · Windows                           23:53:48
2026-10-05 23:55:11  ──────────────────────────────────────────────────────────────────
2026-10-05 23:55:11  À espera  treino acaba 01:48 (em 1h54)
2026-10-05 23:55:11  [32m REAL BETIS   1.º Spain   jogo em 21h15   slots 4/4[0m
2026-10-05 23:55:11  Haaland        ATA    3h54  █████████░░░░░░░░░
2026-10-05 23:55:11  de Jong        MED    3h54  █████████░░░░░░░░░
2026-10-05 23:55:11  Gabriel        DEF    3h54  █████████░░░░░░░░░
2026-10-05 23:55:11  Donnarumma     GR     3h54  █████████░░░░░░░░░
2026-10-05 23:55:11  [32m FC VAN   4.º Armenia   jogo em 18h42   slots 4/4[0m
2026-10-05 23:55:11  Knauff         ATA    1h54  ██████████████░░░░
2026-10-05 23:55:11  K. Koné        MED    3h54  █████████░░░░░░░░░
2026-10-05 23:55:11  Mendes         DEF    3h54  █████████░░░░░░░░░
2026-10-05 23:55:11  Livakovic      GR     1h54  ██████████████░░░░
2026-10-05 23:55:11  Boss coins 2454    Anúncios: loja ✓  treino ✓
2026-10-05 23:55:11  desde o arranque (0h04) · saldo +0 boss coins · loja 4 vídeo(s) · treino 0 vídeo(s) · 0 recolhido(s) · 0 posto(s) a treinar
2026-10-05 23:55:11  ──────────────────────────────────────────────────────────────────
2026-10-05 23:55:11  [90m23:49:47 [1] FC Van: 0 treino(s) a pôr[0m
2026-10-05 23:55:11  [90m23:50:03 Anuncios da loja: video 1 visto.[0m
2026-10-05 23:55:11  [90m23:51:21 Anuncios da loja: video 2 visto.[0m
2026-10-05 23:55:11  [90m23:52:23 Anuncios da loja: video 3 visto.[0m
2026-10-05 23:55:11  [90m23:53:17 Anuncios da loja: video 4 visto.[0m
2026-10-05 23:55:11  Ctrl+C para parar
2026-10-05 23:55:11  [H[J OSMbot · A TRABALHAR · Windows                           23:53:49
2026-10-05 23:55:11  ──────────────────────────────────────────────────────────────────
2026-10-05 23:55:11  À espera  treino acaba 01:48 (em 1h54)
2026-10-05 23:55:11  [32m REAL BETIS   1.º Spain   jogo em 21h15   slots 4/4[0m
2026-10-05 23:55:11  Haaland        ATA    3h54  █████████░░░░░░░░░
2026-10-05 23:55:11  de Jong        MED    3h54  █████████░░░░░░░░░
2026-10-05 23:55:11  Gabriel        DEF    3h54  █████████░░░░░░░░░
2026-10-05 23:55:11  Donnarumma     GR     3h54  █████████░░░░░░░░░
2026-10-05 23:55:11  [32m FC VAN   4.º Armenia   jogo em 18h42   slots 4/4[0m
2026-10-05 23:55:11  Knauff         ATA    1h54  ██████████████░░░░
2026-10-05 23:55:11  K. Koné        MED    3h54  █████████░░░░░░░░░
2026-10-05 23:55:11  Mendes         DEF    3h54  █████████░░░░░░░░░
2026-10-05 23:55:11  Livakovic      GR     1h54  ██████████████░░░░
2026-10-05 23:55:11  Boss coins 2454    Anúncios: loja ✓  treino ✓
2026-10-05 23:55:11  desde o arranque (0h04) · saldo +0 boss coins · loja 4 vídeo(s) · treino 0 vídeo(s) · 0 recolhido(s) · 0 posto(s) a treinar
2026-10-05 23:55:11  ──────────────────────────────────────────────────────────────────
2026-10-05 23:55:11  [90m23:49:47 [1] FC Van: 0 treino(s) a pôr[0m
2026-10-05 23:55:11  [90m23:50:03 Anuncios da loja: video 1 visto.[0m
2026-10-05 23:55:11  [90m23:51:21 Anuncios da loja: video 2 visto.[0m
2026-10-05 23:55:11  [90m23:52:23 Anuncios da loja: video 3 visto.[0m
2026-10-05 23:55:11  [90m23:53:17 Anuncios da loja: video 4 visto.[0m
2026-10-05 23:55:11  Ctrl+C para parar
2026-10-05 23:55:11  [H[J OSMbot · A TRABALHAR · Windows                           23:53:50
2026-10-05 23:55:11  ──────────────────────────────────────────────────────────────────
2026-10-05 23:55:11  À espera  treino acaba 01:48 (em 1h54)
2026-10-05 23:55:11  [32m REAL BETIS   1.º Spain   jogo em 21h15   slots 4/4[0m
2026-10-05 23:55:11  Haaland        ATA    3h54  █████████░░░░░░░░░
2026-10-05 23:55:11  de Jong        MED    3h54  █████████░░░░░░░░░
2026-10-05 23:55:11  Gabriel        DEF    3h54  █████████░░░░░░░░░
2026-10-05 23:55:11  Donnarumma     GR     3h54  █████████░░░░░░░░░
2026-10-05 23:55:11  [32m FC VAN   4.º Armenia   jogo em 18h42   slots 4/4[0m
2026-10-05 23:55:11  Knauff         ATA    1h54  ██████████████░░░░
2026-10-05 23:55:11  K. Koné        MED    3h54  █████████░░░░░░░░░
2026-10-05 23:55:11  Mendes         DEF    3h54  █████████░░░░░░░░░
2026-10-05 23:55:11  Livakovic      GR     1h54  ██████████████░░░░
2026-10-05 23:55:11  Boss coins 2454    Anúncios: loja ✓  treino ✓
2026-10-05 23:55:11  desde o arranque (0h04) · saldo +0 boss coins · loja 4 vídeo(s) · treino 0 vídeo(s) · 0 recolhido(s) · 0 posto(s) a treinar
2026-10-05 23:55:11  ──────────────────────────────────────────────────────────────────
2026-10-05 23:55:11  [90m23:49:47 [1] FC Van: 0 treino(s) a pôr[0m
2026-10-05 23:55:11  [90m23:50:03 Anuncios da loja: video 1 visto.[0m
2026-10-05 23:55:11  [90m23:51:21 Anuncios da loja: video 2 visto.[0m
2026-10-05 23:55:11  [90m23:52:23 Anuncios da loja: video 3 visto.[0m
2026-10-05 23:55:11  [90m23:53:17 Anuncios da loja: video 4 visto.[0m
2026-10-05 23:55:11  Ctrl+C para parar
2026-10-05 23:55:11  [H[J OSMbot · A TRABALHAR · Windows                           23:53:51
2026-10-05 23:55:11  ──────────────────────────────────────────────────────────────────
2026-10-05 23:55:11  À espera  treino acaba 01:48 (em 1h54)
2026-10-05 23:55:11  [32m REAL BETIS   1.º Spain   jogo em 21h15   slots 4/4[0m
2026-10-05 23:55:11  Haaland        ATA    3h54  █████████░░░░░░░░░
2026-10-05 23:55:11  de Jong        MED    3h54  █████████░░░░░░░░░
2026-10-05 23:55:11  Gabriel        DEF    3h54  █████████░░░░░░░░░
2026-10-05 23:55:11  Donnarumma     GR     3h54  █████████░░░░░░░░░
2026-10-05 23:55:11  [32m FC VAN   4.º Armenia   jogo em 18h42   slots 4/4[0m
2026-10-05 23:55:11  Knauff         ATA    1h54  ██████████████░░░░
2026-10-05 23:55:11  K. Koné        MED    3h54  █████████░░░░░░░░░
2026-10-05 23:55:11  Mendes         DEF    3h54  █████████░░░░░░░░░
2026-10-05 23:55:11  Livakovic      GR     1h54  ██████████████░░░░
2026-10-05 23:55:11  Boss coins 2454    Anúncios: loja ✓  treino ✓
2026-10-05 23:55:11  desde o arranque (0h04) · saldo +0 boss coins · loja 4 vídeo(s) · treino 0 vídeo(s) · 0 recolhido(s) · 0 posto(s) a treinar
2026-10-05 23:55:11  ──────────────────────────────────────────────────────────────────
2026-10-05 23:55:11  [90m23:49:47 [1] FC Van: 0 treino(s) a pôr[0m
2026-10-05 23:55:11  [90m23:50:03 Anuncios da loja: video 1 visto.[0m
2026-10-05 23:55:11  [90m23:51:21 Anuncios da loja: video 2 visto.[0m
2026-10-05 23:55:11  [90m23:52:23 Anuncios da loja: video 3 visto.[0m
2026-10-05 23:55:11  [90m23:53:17 Anuncios da loja: video 4 visto.[0m
2026-10-05 23:55:11  Ctrl+C para parar
2026-10-05 23:55:11  [H[J OSMbot · A TRABALHAR · Windows                           23:53:52
2026-10-05 23:55:11  ──────────────────────────────────────────────────────────────────
2026-10-05 23:55:11  À espera  treino acaba 01:48 (em 1h54)
2026-10-05 23:55:11  [32m REAL BETIS   1.º Spain   jogo em 21h15   slots 4/4[0m
2026-10-05 23:55:11  Haaland        ATA    3h54  █████████░░░░░░░░░
2026-10-05 23:55:11  de Jong        MED    3h54  █████████░░░░░░░░░
2026-10-05 23:55:11  Gabriel        DEF    3h54  █████████░░░░░░░░░
2026-10-05 23:55:11  Donnarumma     GR     3h54  █████████░░░░░░░░░
2026-10-05 23:55:11  [32m FC VAN   4.º Armenia   jogo em 18h42   slots 4/4[0m
2026-10-05 23:55:11  Knauff         ATA    1h54  ██████████████░░░░
2026-10-05 23:55:11  K. Koné        MED    3h54  █████████░░░░░░░░░
2026-10-05 23:55:11  Mendes         DEF    3h54  █████████░░░░░░░░░
2026-10-05 23:55:11  Livakovic      GR     1h54  ██████████████░░░░
2026-10-05 23:55:11  Boss coins 2454    Anúncios: loja ✓  treino ✓
2026-10-05 23:55:11  desde o arranque (0h04) · saldo +0 boss coins · loja 4 vídeo(s) · treino 0 vídeo(s) · 0 recolhido(s) · 0 posto(s) a treinar
2026-10-05 23:55:11  ──────────────────────────────────────────────────────────────────
2026-10-05 23:55:11  [90m23:49:47 [1] FC Van: 0 treino(s) a pôr[0m
2026-10-05 23:55:11  [90m23:50:03 Anuncios da loja: video 1 visto.[0m
2026-10-05 23:55:11  [90m23:51:21 Anuncios da loja: video 2 visto.[0m
2026-10-05 23:55:11  [90m23:52:23 Anuncios da loja: video 3 visto.[0m
2026-10-05 23:55:11  [90m23:53:17 Anuncios da loja: video 4 visto.[0m
2026-10-05 23:55:11  Ctrl+C para parar
2026-10-05 23:55:11  [H[J OSMbot · A TRABALHAR · Windows                           23:54:03
2026-10-05 23:55:11  ──────────────────────────────────────────────────────────────────
2026-10-05 23:55:11  À espera  treino acaba 01:48 (em 1h53)
2026-10-05 23:55:11  [32m REAL BETIS   1.º Spain   jogo em 21h15   slots 4/4[0m
2026-10-05 23:55:11  Haaland        ATA    3h53  █████████░░░░░░░░░
2026-10-05 23:55:11  de Jong        MED    3h53  █████████░░░░░░░░░
2026-10-05 23:55:11  Gabriel        DEF    3h53  █████████░░░░░░░░░
2026-10-05 23:55:11  Donnarumma     GR     3h53  █████████░░░░░░░░░
2026-10-05 23:55:11  [32m FC VAN   4.º Armenia   jogo em 18h42   slots 4/4[0m
2026-10-05 23:55:11  Knauff         ATA    1h53  ██████████████░░░░
2026-10-05 23:55:11  K. Koné        MED    3h54  █████████░░░░░░░░░
2026-10-05 23:55:11  Mendes         DEF    3h54  █████████░░░░░░░░░
2026-10-05 23:55:11  Livakovic      GR     1h54  ██████████████░░░░
2026-10-05 23:55:11  Boss coins 2454    Anúncios: loja ✓  treino ✓
2026-10-05 23:55:11  desde o arranque (0h04) · saldo +0 boss coins · loja 5 vídeo(s) · treino 0 vídeo(s) · 0 recolhido(s) · 0 posto(s) a treinar
2026-10-05 23:55:11  ──────────────────────────────────────────────────────────────────
2026-10-05 23:55:11  [90m23:49:47 [1] FC Van: 0 treino(s) a pôr[0m
2026-10-05 23:55:11  [90m23:50:03 Anuncios da loja: video 1 visto.[0m
2026-10-05 23:55:11  [90m23:51:21 Anuncios da loja: video 2 visto.[0m
2026-10-05 23:55:11  [90m23:52:23 Anuncios da loja: video 3 visto.[0m
2026-10-05 23:55:11  [90m23:53:17 Anuncios da loja: video 4 visto.[0m
2026-10-05 23:55:11  Ctrl+C para parar
2026-10-05 23:55:11  [H[J OSMbot · A TRABALHAR · Windows                           23:54:03
2026-10-05 23:55:11  ──────────────────────────────────────────────────────────────────
2026-10-05 23:55:11  À espera  treino acaba 01:48 (em 1h53)
2026-10-05 23:55:11  [32m REAL BETIS   1.º Spain   jogo em 21h15   slots 4/4[0m
2026-10-05 23:55:11  Haaland        ATA    3h53  █████████░░░░░░░░░
2026-10-05 23:55:11  de Jong        MED    3h53  █████████░░░░░░░░░
2026-10-05 23:55:11  Gabriel        DEF    3h53  █████████░░░░░░░░░
2026-10-05 23:55:11  Donnarumma     GR     3h53  █████████░░░░░░░░░
2026-10-05 23:55:11  [32m FC VAN   4.º Armenia   jogo em 18h42   slots 4/4[0m
2026-10-05 23:55:11  Knauff         ATA    1h53  ██████████████░░░░
2026-10-05 23:55:11  K. Koné        MED    3h54  █████████░░░░░░░░░
2026-10-05 23:55:11  Mendes         DEF    3h54  █████████░░░░░░░░░
2026-10-05 23:55:11  Livakovic      GR     1h54  ██████████████░░░░
2026-10-05 23:55:11  Boss coins 2454    Anúncios: loja ✓  treino ✓
2026-10-05 23:55:11  desde o arranque (0h04) · saldo +0 boss coins · loja 5 vídeo(s) · treino 0 vídeo(s) · 0 recolhido(s) · 0 posto(s) a treinar
2026-10-05 23:55:11  ──────────────────────────────────────────────────────────────────
2026-10-05 23:55:11  [90m23:50:03 Anuncios da loja: video 1 visto.[0m
2026-10-05 23:55:11  [90m23:51:21 Anuncios da loja: video 2 visto.[0m
2026-10-05 23:55:11  [90m23:52:23 Anuncios da loja: video 3 visto.[0m
2026-10-05 23:55:11  [90m23:53:17 Anuncios da loja: video 4 visto.[0m
2026-10-05 23:55:11  [90m23:54:03 Anuncios da loja: video 5 visto.[0m
2026-10-05 23:55:11  Ctrl+C para parar
2026-10-05 23:55:11  [H[J OSMbot · A TRABALHAR · Windows                           23:54:03
2026-10-05 23:55:11  ──────────────────────────────────────────────────────────────────
2026-10-05 23:55:11  À espera  treino acaba 01:48 (em 1h53)
2026-10-05 23:55:11  [32m REAL BETIS   1.º Spain   jogo em 21h15   slots 4/4[0m
2026-10-05 23:55:11  Haaland        ATA    3h53  █████████░░░░░░░░░
2026-10-05 23:55:11  de Jong        MED    3h53  █████████░░░░░░░░░
2026-10-05 23:55:11  Gabriel        DEF    3h53  █████████░░░░░░░░░
2026-10-05 23:55:11  Donnarumma     GR     3h53  █████████░░░░░░░░░
2026-10-05 23:55:11  [32m FC VAN   4.º Armenia   jogo em 18h42   slots 4/4[0m
2026-10-05 23:55:11  Knauff         ATA    1h53  ██████████████░░░░
2026-10-05 23:55:11  K. Koné        MED    3h54  █████████░░░░░░░░░
2026-10-05 23:55:11  Mendes         DEF    3h54  █████████░░░░░░░░░
2026-10-05 23:55:11  Livakovic      GR     1h54  ██████████████░░░░
2026-10-05 23:55:11  Boss coins 2454    Anúncios: loja ✓  treino ✓
2026-10-05 23:55:11  desde o arranque (0h04) · saldo +0 boss coins · loja 5 vídeo(s) · treino 0 vídeo(s) · 0 recolhido(s) · 0 posto(s) a treinar
2026-10-05 23:55:11  ──────────────────────────────────────────────────────────────────
2026-10-05 23:55:11  [90m23:50:03 Anuncios da loja: video 1 visto.[0m
2026-10-05 23:55:11  [90m23:51:21 Anuncios da loja: video 2 visto.[0m
2026-10-05 23:55:11  [90m23:52:23 Anuncios da loja: video 3 visto.[0m
2026-10-05 23:55:11  [90m23:53:17 Anuncios da loja: video 4 visto.[0m
2026-10-05 23:55:11  [90m23:54:03 Anuncios da loja: video 5 visto.[0m
2026-10-05 23:55:11  Ctrl+C para parar
2026-10-05 23:55:11  [H[J OSMbot · A TRABALHAR · Windows                           23:54:04
2026-10-05 23:55:11  ──────────────────────────────────────────────────────────────────
2026-10-05 23:55:11  À espera  treino acaba 01:48 (em 1h53)
2026-10-05 23:55:11  [32m REAL BETIS   1.º Spain   jogo em 21h15   slots 4/4[0m
2026-10-05 23:55:11  Haaland        ATA    3h53  █████████░░░░░░░░░
2026-10-05 23:55:11  de Jong        MED    3h53  █████████░░░░░░░░░
2026-10-05 23:55:11  Gabriel        DEF    3h53  █████████░░░░░░░░░
2026-10-05 23:55:11  Donnarumma     GR     3h53  █████████░░░░░░░░░
2026-10-05 23:55:11  [32m FC VAN   4.º Armenia   jogo em 18h42   slots 4/4[0m
2026-10-05 23:55:11  Knauff         ATA    1h53  ██████████████░░░░
2026-10-05 23:55:11  K. Koné        MED    3h53  █████████░░░░░░░░░
2026-10-05 23:55:11  Mendes         DEF    3h54  █████████░░░░░░░░░
2026-10-05 23:55:11  Livakovic      GR     1h54  ██████████████░░░░
2026-10-05 23:55:11  Boss coins 2454    Anúncios: loja ✓  treino ✓
2026-10-05 23:55:11  desde o arranque (0h04) · saldo +0 boss coins · loja 5 vídeo(s) · treino 0 vídeo(s) · 0 recolhido(s) · 0 posto(s) a treinar
2026-10-05 23:55:11  ──────────────────────────────────────────────────────────────────
2026-10-05 23:55:11  [90m23:50:03 Anuncios da loja: video 1 visto.[0m
2026-10-05 23:55:11  [90m23:51:21 Anuncios da loja: video 2 visto.[0m
2026-10-05 23:55:11  [90m23:52:23 Anuncios da loja: video 3 visto.[0m
2026-10-05 23:55:11  [90m23:53:17 Anuncios da loja: video 4 visto.[0m
2026-10-05 23:55:11  [90m23:54:03 Anuncios da loja: video 5 visto.[0m
2026-10-05 23:55:11  Ctrl+C para parar
2026-10-05 23:55:11  [H[J OSMbot · A TRABALHAR · Windows                           23:54:05
2026-10-05 23:55:11  ──────────────────────────────────────────────────────────────────
2026-10-05 23:55:11  À espera  treino acaba 01:48 (em 1h53)
2026-10-05 23:55:11  [32m REAL BETIS   1.º Spain   jogo em 21h15   slots 4/4[0m
2026-10-05 23:55:11  Haaland        ATA    3h53  █████████░░░░░░░░░
2026-10-05 23:55:11  de Jong        MED    3h53  █████████░░░░░░░░░
2026-10-05 23:55:11  Gabriel        DEF    3h53  █████████░░░░░░░░░
2026-10-05 23:55:11  Donnarumma     GR     3h53  █████████░░░░░░░░░
2026-10-05 23:55:11  [32m FC VAN   4.º Armenia   jogo em 18h42   slots 4/4[0m
2026-10-05 23:55:11  Knauff         ATA    1h53  ██████████████░░░░
2026-10-05 23:55:11  K. Koné        MED    3h53  █████████░░░░░░░░░
2026-10-05 23:55:11  Mendes         DEF    3h54  █████████░░░░░░░░░
2026-10-05 23:55:11  Livakovic      GR     1h54  ██████████████░░░░
2026-10-05 23:55:11  Boss coins 2454    Anúncios: loja ✓  treino ✓
2026-10-05 23:55:11  desde o arranque (0h04) · saldo +0 boss coins · loja 5 vídeo(s) · treino 0 vídeo(s) · 0 recolhido(s) · 0 posto(s) a treinar
2026-10-05 23:55:11  ──────────────────────────────────────────────────────────────────
2026-10-05 23:55:11  [90m23:50:03 Anuncios da loja: video 1 visto.[0m
2026-10-05 23:55:11  [90m23:51:21 Anuncios da loja: video 2 visto.[0m
2026-10-05 23:55:11  [90m23:52:23 Anuncios da loja: video 3 visto.[0m
2026-10-05 23:55:11  [90m23:53:17 Anuncios da loja: video 4 visto.[0m
2026-10-05 23:55:11  [90m23:54:03 Anuncios da loja: video 5 visto.[0m
2026-10-05 23:55:11  Ctrl+C para parar
2026-10-05 23:55:11  [H[J OSMbot · A TRABALHAR · Windows                           23:54:06
2026-10-05 23:55:11  ──────────────────────────────────────────────────────────────────
2026-10-05 23:55:11  À espera  treino acaba 01:48 (em 1h53)
2026-10-05 23:55:11  [32m REAL BETIS   1.º Spain   jogo em 21h15   slots 4/4[0m
2026-10-05 23:55:11  Haaland        ATA    3h53  █████████░░░░░░░░░
2026-10-05 23:55:11  de Jong        MED    3h53  █████████░░░░░░░░░
2026-10-05 23:55:11  Gabriel        DEF    3h53  █████████░░░░░░░░░
2026-10-05 23:55:11  Donnarumma     GR     3h53  █████████░░░░░░░░░
2026-10-05 23:55:11  [32m FC VAN   4.º Armenia   jogo em 18h42   slots 4/4[0m
2026-10-05 23:55:11  Knauff         ATA    1h53  ██████████████░░░░
2026-10-05 23:55:11  K. Koné        MED    3h53  █████████░░░░░░░░░
2026-10-05 23:55:11  Mendes         DEF    3h53  █████████░░░░░░░░░
2026-10-05 23:55:11  Livakovic      GR     1h54  ██████████████░░░░
2026-10-05 23:55:11  Boss coins 2454    Anúncios: loja ✓  treino ✓
2026-10-05 23:55:11  desde o arranque (0h04) · saldo +0 boss coins · loja 5 vídeo(s) · treino 0 vídeo(s) · 0 recolhido(s) · 0 posto(s) a treinar
2026-10-05 23:55:11  ──────────────────────────────────────────────────────────────────
2026-10-05 23:55:11  [90m23:50:03 Anuncios da loja: video 1 visto.[0m
2026-10-05 23:55:11  [90m23:51:21 Anuncios da loja: video 2 visto.[0m
2026-10-05 23:55:11  [90m23:52:23 Anuncios da loja: video 3 visto.[0m
2026-10-05 23:55:11  [90m23:53:17 Anuncios da loja: video 4 visto.[0m
2026-10-05 23:55:11  [90m23:54:03 Anuncios da loja: video 5 visto.[0m
2026-10-05 23:55:11  Ctrl+C para parar
2026-10-05 23:55:11  [H[J OSMbot · A TRABALHAR · Windows                           23:54:07
2026-10-05 23:55:11  ──────────────────────────────────────────────────────────────────
2026-10-05 23:55:11  À espera  treino acaba 01:48 (em 1h53)
2026-10-05 23:55:11  [32m REAL BETIS   1.º Spain   jogo em 21h15   slots 4/4[0m
2026-10-05 23:55:11  Haaland        ATA    3h53  █████████░░░░░░░░░
2026-10-05 23:55:11  de Jong        MED    3h53  █████████░░░░░░░░░
2026-10-05 23:55:11  Gabriel        DEF    3h53  █████████░░░░░░░░░
2026-10-05 23:55:11  Donnarumma     GR     3h53  █████████░░░░░░░░░
2026-10-05 23:55:11  [32m FC VAN   4.º Armenia   jogo em 18h42   slots 4/4[0m
2026-10-05 23:55:11  Knauff         ATA    1h53  ██████████████░░░░
2026-10-05 23:55:11  K. Koné        MED    3h53  █████████░░░░░░░░░
2026-10-05 23:55:11  Mendes         DEF    3h53  █████████░░░░░░░░░
2026-10-05 23:55:11  Livakovic      GR     1h54  ██████████████░░░░
2026-10-05 23:55:11  Boss coins 2454    Anúncios: loja ✓  treino ✓
2026-10-05 23:55:11  desde o arranque (0h04) · saldo +0 boss coins · loja 5 vídeo(s) · treino 0 vídeo(s) · 0 recolhido(s) · 0 posto(s) a treinar
2026-10-05 23:55:11  ──────────────────────────────────────────────────────────────────
2026-10-05 23:55:11  [90m23:50:03 Anuncios da loja: video 1 visto.[0m
2026-10-05 23:55:11  [90m23:51:21 Anuncios da loja: video 2 visto.[0m
2026-10-05 23:55:11  [90m23:52:23 Anuncios da loja: video 3 visto.[0m
2026-10-05 23:55:11  [90m23:53:17 Anuncios da loja: video 4 visto.[0m
2026-10-05 23:55:11  [90m23:54:03 Anuncios da loja: video 5 visto.[0m
2026-10-05 23:55:11  Ctrl+C para parar
2026-10-05 23:55:11  [H[J OSMbot · A TRABALHAR · Windows                           23:54:08
2026-10-05 23:55:11  ──────────────────────────────────────────────────────────────────
2026-10-05 23:55:11  À espera  treino acaba 01:48 (em 1h53)
2026-10-05 23:55:11  [32m REAL BETIS   1.º Spain   jogo em 21h15   slots 4/4[0m
2026-10-05 23:55:11  Haaland        ATA    3h53  █████████░░░░░░░░░
2026-10-05 23:55:11  de Jong        MED    3h53  █████████░░░░░░░░░
2026-10-05 23:55:11  Gabriel        DEF    3h53  █████████░░░░░░░░░
2026-10-05 23:55:11  Donnarumma     GR     3h53  █████████░░░░░░░░░
2026-10-05 23:55:11  [32m FC VAN   4.º Armenia   jogo em 18h42   slots 4/4[0m
2026-10-05 23:55:11  Knauff         ATA    1h53  ██████████████░░░░
2026-10-05 23:55:11  K. Koné        MED    3h53  █████████░░░░░░░░░
2026-10-05 23:55:11  Mendes         DEF    3h53  █████████░░░░░░░░░
2026-10-05 23:55:11  Livakovic      GR     1h53  ██████████████░░░░
2026-10-05 23:55:11  Boss coins 2454    Anúncios: loja ✓  treino ✓
2026-10-05 23:55:11  desde o arranque (0h04) · saldo +0 boss coins · loja 5 vídeo(s) · treino 0 vídeo(s) · 0 recolhido(s) · 0 posto(s) a treinar
2026-10-05 23:55:11  ──────────────────────────────────────────────────────────────────
2026-10-05 23:55:11  [90m23:50:03 Anuncios da loja: video 1 visto.[0m
2026-10-05 23:55:11  [90m23:51:21 Anuncios da loja: video 2 visto.[0m
2026-10-05 23:55:11  [90m23:52:23 Anuncios da loja: video 3 visto.[0m
2026-10-05 23:55:11  [90m23:53:17 Anuncios da loja: video 4 visto.[0m
2026-10-05 23:55:11  [90m23:54:03 Anuncios da loja: video 5 visto.[0m
2026-10-05 23:55:11  Ctrl+C para parar
2026-10-05 23:55:11  [H[J OSMbot · A TRABALHAR · Windows                           23:54:09
2026-10-05 23:55:11  ──────────────────────────────────────────────────────────────────
2026-10-05 23:55:11  À espera  treino acaba 01:48 (em 1h53)
2026-10-05 23:55:11  [32m REAL BETIS   1.º Spain   jogo em 21h15   slots 4/4[0m
2026-10-05 23:55:11  Haaland        ATA    3h53  █████████░░░░░░░░░
2026-10-05 23:55:11  de Jong        MED    3h53  █████████░░░░░░░░░
2026-10-05 23:55:11  Gabriel        DEF    3h53  █████████░░░░░░░░░
2026-10-05 23:55:11  Donnarumma     GR     3h53  █████████░░░░░░░░░
2026-10-05 23:55:11  [32m FC VAN   4.º Armenia   jogo em 18h42   slots 4/4[0m
2026-10-05 23:55:11  Knauff         ATA    1h53  ██████████████░░░░
2026-10-05 23:55:11  K. Koné        MED    3h53  █████████░░░░░░░░░
2026-10-05 23:55:11  Mendes         DEF    3h53  █████████░░░░░░░░░
2026-10-05 23:55:11  Livakovic      GR     1h53  ██████████████░░░░
2026-10-05 23:55:11  Boss coins 2454    Anúncios: loja ✓  treino ✓
2026-10-05 23:55:11  desde o arranque (0h04) · saldo +0 boss coins · loja 5 vídeo(s) · treino 0 vídeo(s) · 0 recolhido(s) · 0 posto(s) a treinar
2026-10-05 23:55:11  ──────────────────────────────────────────────────────────────────
2026-10-05 23:55:11  [90m23:50:03 Anuncios da loja: video 1 visto.[0m
2026-10-05 23:55:11  [90m23:51:21 Anuncios da loja: video 2 visto.[0m
2026-10-05 23:55:11  [90m23:52:23 Anuncios da loja: video 3 visto.[0m
2026-10-05 23:55:11  [90m23:53:17 Anuncios da loja: video 4 visto.[0m
2026-10-05 23:55:11  [90m23:54:03 Anuncios da loja: video 5 visto.[0m
2026-10-05 23:55:11  Ctrl+C para parar
2026-10-05 23:55:11  [H[J OSMbot · A TRABALHAR · Windows                           23:54:10
2026-10-05 23:55:11  ──────────────────────────────────────────────────────────────────
2026-10-05 23:55:11  À espera  treino acaba 01:48 (em 1h53)
2026-10-05 23:55:11  [32m REAL BETIS   1.º Spain   jogo em 21h15   slots 4/4[0m
2026-10-05 23:55:11  Haaland        ATA    3h53  █████████░░░░░░░░░
2026-10-05 23:55:11  de Jong        MED    3h53  █████████░░░░░░░░░
2026-10-05 23:55:11  Gabriel        DEF    3h53  █████████░░░░░░░░░
2026-10-05 23:55:11  Donnarumma     GR     3h53  █████████░░░░░░░░░
2026-10-05 23:55:11  [32m FC VAN   4.º Armenia   jogo em 18h42   slots 4/4[0m
2026-10-05 23:55:11  Knauff         ATA    1h53  ██████████████░░░░
2026-10-05 23:55:11  K. Koné        MED    3h53  █████████░░░░░░░░░
2026-10-05 23:55:11  Mendes         DEF    3h53  █████████░░░░░░░░░
2026-10-05 23:55:11  Livakovic      GR     1h53  ██████████████░░░░
2026-10-05 23:55:11  Boss coins 2454    Anúncios: loja ✓  treino ✓
2026-10-05 23:55:11  desde o arranque (0h04) · saldo +0 boss coins · loja 5 vídeo(s) · treino 0 vídeo(s) · 0 recolhido(s) · 0 posto(s) a treinar
2026-10-05 23:55:11  ──────────────────────────────────────────────────────────────────
2026-10-05 23:55:11  [90m23:50:03 Anuncios da loja: video 1 visto.[0m
2026-10-05 23:55:11  [90m23:51:21 Anuncios da loja: video 2 visto.[0m
2026-10-05 23:55:11  [90m23:52:23 Anuncios da loja: video 3 visto.[0m
2026-10-05 23:55:11  [90m23:53:17 Anuncios da loja: video 4 visto.[0m
2026-10-05 23:55:11  [90m23:54:03 Anuncios da loja: video 5 visto.[0m
2026-10-05 23:55:11  Ctrl+C para parar
2026-10-05 23:55:11  [H[J OSMbot · A TRABALHAR · Windows                           23:54:11
2026-10-05 23:55:11  ──────────────────────────────────────────────────────────────────
2026-10-05 23:55:11  À espera  treino acaba 01:48 (em 1h53)
2026-10-05 23:55:11  [32m REAL BETIS   1.º Spain   jogo em 21h15   slots 4/4[0m
2026-10-05 23:55:11  Haaland        ATA    3h53  █████████░░░░░░░░░
2026-10-05 23:55:11  de Jong        MED    3h53  █████████░░░░░░░░░
2026-10-05 23:55:11  Gabriel        DEF    3h53  █████████░░░░░░░░░
2026-10-05 23:55:11  Donnarumma     GR     3h53  █████████░░░░░░░░░
2026-10-05 23:55:11  [32m FC VAN   4.º Armenia   jogo em 18h42   slots 4/4[0m
2026-10-05 23:55:11  Knauff         ATA    1h53  ██████████████░░░░
2026-10-05 23:55:11  K. Koné        MED    3h53  █████████░░░░░░░░░
2026-10-05 23:55:11  Mendes         DEF    3h53  █████████░░░░░░░░░
2026-10-05 23:55:11  Livakovic      GR     1h53  ██████████████░░░░
2026-10-05 23:55:11  Boss coins 2454    Anúncios: loja ✓  treino ✓
2026-10-05 23:55:11  desde o arranque (0h04) · saldo +0 boss coins · loja 5 vídeo(s) · treino 0 vídeo(s) · 0 recolhido(s) · 0 posto(s) a treinar
2026-10-05 23:55:11  ──────────────────────────────────────────────────────────────────
2026-10-05 23:55:11  [90m23:50:03 Anuncios da loja: video 1 visto.[0m
2026-10-05 23:55:11  [90m23:51:21 Anuncios da loja: video 2 visto.[0m
2026-10-05 23:55:11  [90m23:52:23 Anuncios da loja: video 3 visto.[0m
2026-10-05 23:55:11  [90m23:53:17 Anuncios da loja: video 4 visto.[0m
2026-10-05 23:55:11  [90m23:54:03 Anuncios da loja: video 5 visto.[0m
2026-10-05 23:55:11  Ctrl+C para parar
2026-10-05 23:55:11  [H[J OSMbot · A TRABALHAR · Windows                           23:54:12
2026-10-05 23:55:11  ──────────────────────────────────────────────────────────────────
2026-10-05 23:55:11  À espera  treino acaba 01:48 (em 1h53)
2026-10-05 23:55:11  [32m REAL BETIS   1.º Spain   jogo em 21h15   slots 4/4[0m
2026-10-05 23:55:11  Haaland        ATA    3h53  █████████░░░░░░░░░
2026-10-05 23:55:11  de Jong        MED    3h53  █████████░░░░░░░░░
2026-10-05 23:55:11  Gabriel        DEF    3h53  █████████░░░░░░░░░
2026-10-05 23:55:11  Donnarumma     GR     3h53  █████████░░░░░░░░░
2026-10-05 23:55:11  [32m FC VAN   4.º Armenia   jogo em 18h42   slots 4/4[0m
2026-10-05 23:55:11  Knauff         ATA    1h53  ██████████████░░░░
2026-10-05 23:55:11  K. Koné        MED    3h53  █████████░░░░░░░░░
2026-10-05 23:55:11  Mendes         DEF    3h53  █████████░░░░░░░░░
2026-10-05 23:55:11  Livakovic      GR     1h53  ██████████████░░░░
2026-10-05 23:55:11  Boss coins 2454    Anúncios: loja ✓  treino ✓
2026-10-05 23:55:11  desde o arranque (0h04) · saldo +0 boss coins · loja 5 vídeo(s) · treino 0 vídeo(s) · 0 recolhido(s) · 0 posto(s) a treinar
2026-10-05 23:55:11  ──────────────────────────────────────────────────────────────────
2026-10-05 23:55:11  [90m23:50:03 Anuncios da loja: video 1 visto.[0m
2026-10-05 23:55:11  [90m23:51:21 Anuncios da loja: video 2 visto.[0m
2026-10-05 23:55:11  [90m23:52:23 Anuncios da loja: video 3 visto.[0m
2026-10-05 23:55:11  [90m23:53:17 Anuncios da loja: video 4 visto.[0m
2026-10-05 23:55:11  [90m23:54:03 Anuncios da loja: video 5 visto.[0m
2026-10-05 23:55:11  Ctrl+C para parar
2026-10-05 23:55:11  [H[J OSMbot · A TRABALHAR · Windows                           23:54:13
2026-10-05 23:55:11  ──────────────────────────────────────────────────────────────────
2026-10-05 23:55:11  À espera  treino acaba 01:48 (em 1h53)
2026-10-05 23:55:11  [32m REAL BETIS   1.º Spain   jogo em 21h15   slots 4/4[0m
2026-10-05 23:55:11  Haaland        ATA    3h53  █████████░░░░░░░░░
2026-10-05 23:55:11  de Jong        MED    3h53  █████████░░░░░░░░░
2026-10-05 23:55:11  Gabriel        DEF    3h53  █████████░░░░░░░░░
2026-10-05 23:55:11  Donnarumma     GR     3h53  █████████░░░░░░░░░
2026-10-05 23:55:11  [32m FC VAN   4.º Armenia   jogo em 18h42   slots 4/4[0m
2026-10-05 23:55:11  Knauff         ATA    1h53  ██████████████░░░░
2026-10-05 23:55:11  K. Koné        MED    3h53  █████████░░░░░░░░░
2026-10-05 23:55:11  Mendes         DEF    3h53  █████████░░░░░░░░░
2026-10-05 23:55:11  Livakovic      GR     1h53  ██████████████░░░░
2026-10-05 23:55:12  Boss coins 2454    Anúncios: loja ✓  treino ✓
2026-10-05 23:55:12  desde o arranque (0h04) · saldo +0 boss coins · loja 5 vídeo(s) · treino 0 vídeo(s) · 0 recolhido(s) · 0 posto(s) a treinar
2026-10-05 23:55:12  ──────────────────────────────────────────────────────────────────
2026-10-05 23:55:12  [90m23:50:03 Anuncios da loja: video 1 visto.[0m
2026-10-05 23:55:12  [90m23:51:21 Anuncios da loja: video 2 visto.[0m
2026-10-05 23:55:12  [90m23:52:23 Anuncios da loja: video 3 visto.[0m
2026-10-05 23:55:12  [90m23:53:17 Anuncios da loja: video 4 visto.[0m
2026-10-05 23:55:12  [90m23:54:03 Anuncios da loja: video 5 visto.[0m
2026-10-05 23:55:12  Ctrl+C para parar
2026-10-05 23:55:12  [H[J OSMbot · A TRABALHAR · Windows                           23:54:14
2026-10-05 23:55:12  ──────────────────────────────────────────────────────────────────
2026-10-05 23:55:12  À espera  treino acaba 01:48 (em 1h53)
2026-10-05 23:55:12  [32m REAL BETIS   1.º Spain   jogo em 21h15   slots 4/4[0m
2026-10-05 23:55:12  Haaland        ATA    3h53  █████████░░░░░░░░░
2026-10-05 23:55:12  de Jong        MED    3h53  █████████░░░░░░░░░
2026-10-05 23:55:12  Gabriel        DEF    3h53  █████████░░░░░░░░░
2026-10-05 23:55:12  Donnarumma     GR     3h53  █████████░░░░░░░░░
2026-10-05 23:55:12  [32m FC VAN   4.º Armenia   jogo em 18h42   slots 4/4[0m
2026-10-05 23:55:12  Knauff         ATA    1h53  ██████████████░░░░
2026-10-05 23:55:12  K. Koné        MED    3h53  █████████░░░░░░░░░
2026-10-05 23:55:12  Mendes         DEF    3h53  █████████░░░░░░░░░
2026-10-05 23:55:12  Livakovic      GR     1h53  ██████████████░░░░
2026-10-05 23:55:12  Boss coins 2454    Anúncios: loja ✓  treino ✓
2026-10-05 23:55:12  desde o arranque (0h04) · saldo +0 boss coins · loja 5 vídeo(s) · treino 0 vídeo(s) · 0 recolhido(s) · 0 posto(s) a treinar
2026-10-05 23:55:12  ──────────────────────────────────────────────────────────────────
2026-10-05 23:55:12  [90m23:50:03 Anuncios da loja: video 1 visto.[0m
2026-10-05 23:55:12  [90m23:51:21 Anuncios da loja: video 2 visto.[0m
2026-10-05 23:55:12  [90m23:52:23 Anuncios da loja: video 3 visto.[0m
2026-10-05 23:55:12  [90m23:53:17 Anuncios da loja: video 4 visto.[0m
2026-10-05 23:55:12  [90m23:54:03 Anuncios da loja: video 5 visto.[0m
2026-10-05 23:55:12  Ctrl+C para parar
2026-10-05 23:55:12  [H[J OSMbot · A TRABALHAR · Windows                           23:54:15
2026-10-05 23:55:12  ──────────────────────────────────────────────────────────────────
2026-10-05 23:55:12  À espera  treino acaba 01:48 (em 1h53)
2026-10-05 23:55:12  [32m REAL BETIS   1.º Spain   jogo em 21h15   slots 4/4[0m
2026-10-05 23:55:12  Haaland        ATA    3h53  █████████░░░░░░░░░
2026-10-05 23:55:12  de Jong        MED    3h53  █████████░░░░░░░░░
2026-10-05 23:55:12  Gabriel        DEF    3h53  █████████░░░░░░░░░
2026-10-05 23:55:12  Donnarumma     GR     3h53  █████████░░░░░░░░░
2026-10-05 23:55:12  [32m FC VAN   4.º Armenia   jogo em 18h42   slots 4/4[0m
2026-10-05 23:55:12  Knauff         ATA    1h53  ██████████████░░░░
2026-10-05 23:55:12  K. Koné        MED    3h53  █████████░░░░░░░░░
2026-10-05 23:55:12  Mendes         DEF    3h53  █████████░░░░░░░░░
2026-10-05 23:55:12  Livakovic      GR     1h53  ██████████████░░░░
2026-10-05 23:55:12  Boss coins 2454    Anúncios: loja ✓  treino ✓
2026-10-05 23:55:12  desde o arranque (0h04) · saldo +0 boss coins · loja 5 vídeo(s) · treino 0 vídeo(s) · 0 recolhido(s) · 0 posto(s) a treinar
2026-10-05 23:55:12  ──────────────────────────────────────────────────────────────────
2026-10-05 23:55:12  [90m23:50:03 Anuncios da loja: video 1 visto.[0m
2026-10-05 23:55:12  [90m23:51:21 Anuncios da loja: video 2 visto.[0m
2026-10-05 23:55:12  [90m23:52:23 Anuncios da loja: video 3 visto.[0m
2026-10-05 23:55:12  [90m23:53:17 Anuncios da loja: video 4 visto.[0m
2026-10-05 23:55:12  [90m23:54:03 Anuncios da loja: video 5 visto.[0m
2026-10-05 23:55:12  Ctrl+C para parar
2026-10-05 23:55:12  [H[J OSMbot · A TRABALHAR · Windows                           23:54:16
2026-10-05 23:55:12  ──────────────────────────────────────────────────────────────────
2026-10-05 23:55:12  À espera  treino acaba 01:48 (em 1h53)
2026-10-05 23:55:12  [32m REAL BETIS   1.º Spain   jogo em 21h15   slots 4/4[0m
2026-10-05 23:55:12  Haaland        ATA    3h53  █████████░░░░░░░░░
2026-10-05 23:55:12  de Jong        MED    3h53  █████████░░░░░░░░░
2026-10-05 23:55:12  Gabriel        DEF    3h53  █████████░░░░░░░░░
2026-10-05 23:55:12  Donnarumma     GR     3h53  █████████░░░░░░░░░
2026-10-05 23:55:12  [32m FC VAN   4.º Armenia   jogo em 18h42   slots 4/4[0m
2026-10-05 23:55:12  Knauff         ATA    1h53  ██████████████░░░░
2026-10-05 23:55:12  K. Koné        MED    3h53  █████████░░░░░░░░░
2026-10-05 23:55:12  Mendes         DEF    3h53  █████████░░░░░░░░░
2026-10-05 23:55:12  Livakovic      GR     1h53  ██████████████░░░░
2026-10-05 23:55:12  Boss coins 2454    Anúncios: loja ✓  treino ✓
2026-10-05 23:55:12  desde o arranque (0h04) · saldo +0 boss coins · loja 5 vídeo(s) · treino 0 vídeo(s) · 0 recolhido(s) · 0 posto(s) a treinar
2026-10-05 23:55:12  ──────────────────────────────────────────────────────────────────
2026-10-05 23:55:12  [90m23:50:03 Anuncios da loja: video 1 visto.[0m
2026-10-05 23:55:12  [90m23:51:21 Anuncios da loja: video 2 visto.[0m
2026-10-05 23:55:12  [90m23:52:23 Anuncios da loja: video 3 visto.[0m
2026-10-05 23:55:12  [90m23:53:17 Anuncios da loja: video 4 visto.[0m
2026-10-05 23:55:12  [90m23:54:03 Anuncios da loja: video 5 visto.[0m
2026-10-05 23:55:12  Ctrl+C para parar
2026-10-05 23:55:12  [H[J OSMbot · A TRABALHAR · Windows                           23:54:17
2026-10-05 23:55:12  ──────────────────────────────────────────────────────────────────
2026-10-05 23:55:12  À espera  treino acaba 01:48 (em 1h53)
2026-10-05 23:55:12  [32m REAL BETIS   1.º Spain   jogo em 21h15   slots 4/4[0m
2026-10-05 23:55:12  Haaland        ATA    3h53  █████████░░░░░░░░░
2026-10-05 23:55:12  de Jong        MED    3h53  █████████░░░░░░░░░
2026-10-05 23:55:12  Gabriel        DEF    3h53  █████████░░░░░░░░░
2026-10-05 23:55:12  Donnarumma     GR     3h53  █████████░░░░░░░░░
2026-10-05 23:55:12  [32m FC VAN   4.º Armenia   jogo em 18h42   slots 4/4[0m
2026-10-05 23:55:12  Knauff         ATA    1h53  ██████████████░░░░
2026-10-05 23:55:12  K. Koné        MED    3h53  █████████░░░░░░░░░
2026-10-05 23:55:12  Mendes         DEF    3h53  █████████░░░░░░░░░
2026-10-05 23:55:12  Livakovic      GR     1h53  ██████████████░░░░
2026-10-05 23:55:12  Boss coins 2454    Anúncios: loja ✓  treino ✓
2026-10-05 23:55:12  desde o arranque (0h04) · saldo +0 boss coins · loja 5 vídeo(s) · treino 0 vídeo(s) · 0 recolhido(s) · 0 posto(s) a treinar
2026-10-05 23:55:12  ──────────────────────────────────────────────────────────────────
2026-10-05 23:55:12  [90m23:50:03 Anuncios da loja: video 1 visto.[0m
2026-10-05 23:55:12  [90m23:51:21 Anuncios da loja: video 2 visto.[0m
2026-10-05 23:55:12  [90m23:52:23 Anuncios da loja: video 3 visto.[0m
2026-10-05 23:55:12  [90m23:53:17 Anuncios da loja: video 4 visto.[0m
2026-10-05 23:55:12  [90m23:54:03 Anuncios da loja: video 5 visto.[0m
2026-10-05 23:55:12  Ctrl+C para parar
2026-10-05 23:55:12  [H[J OSMbot · A TRABALHAR · Windows                           23:54:18
2026-10-05 23:55:12  ──────────────────────────────────────────────────────────────────
2026-10-05 23:55:12  À espera  treino acaba 01:48 (em 1h53)
2026-10-05 23:55:12  [32m REAL BETIS   1.º Spain   jogo em 21h15   slots 4/4[0m
2026-10-05 23:55:12  Haaland        ATA    3h53  █████████░░░░░░░░░
2026-10-05 23:55:12  de Jong        MED    3h53  █████████░░░░░░░░░
2026-10-05 23:55:12  Gabriel        DEF    3h53  █████████░░░░░░░░░
2026-10-05 23:55:12  Donnarumma     GR     3h53  █████████░░░░░░░░░
2026-10-05 23:55:12  [32m FC VAN   4.º Armenia   jogo em 18h42   slots 4/4[0m
2026-10-05 23:55:12  Knauff         ATA    1h53  ██████████████░░░░
2026-10-05 23:55:12  K. Koné        MED    3h53  █████████░░░░░░░░░
2026-10-05 23:55:12  Mendes         DEF    3h53  █████████░░░░░░░░░
2026-10-05 23:55:12  Livakovic      GR     1h53  ██████████████░░░░
2026-10-05 23:55:12  Boss coins 2454    Anúncios: loja ✓  treino ✓
2026-10-05 23:55:12  desde o arranque (0h04) · saldo +0 boss coins · loja 5 vídeo(s) · treino 0 vídeo(s) · 0 recolhido(s) · 0 posto(s) a treinar
2026-10-05 23:55:12  ──────────────────────────────────────────────────────────────────
2026-10-05 23:55:12  [90m23:50:03 Anuncios da loja: video 1 visto.[0m
2026-10-05 23:55:12  [90m23:51:21 Anuncios da loja: video 2 visto.[0m
2026-10-05 23:55:12  [90m23:52:23 Anuncios da loja: video 3 visto.[0m
2026-10-05 23:55:12  [90m23:53:17 Anuncios da loja: video 4 visto.[0m
2026-10-05 23:55:12  [90m23:54:03 Anuncios da loja: video 5 visto.[0m
2026-10-05 23:55:12  Ctrl+C para parar
2026-10-05 23:55:12  [H[J OSMbot · A TRABALHAR · Windows                           23:54:19
2026-10-05 23:55:12  ──────────────────────────────────────────────────────────────────
2026-10-05 23:55:12  À espera  treino acaba 01:48 (em 1h53)
2026-10-05 23:55:12  [32m REAL BETIS   1.º Spain   jogo em 21h15   slots 4/4[0m
2026-10-05 23:55:12  Haaland        ATA    3h53  █████████░░░░░░░░░
2026-10-05 23:55:12  de Jong        MED    3h53  █████████░░░░░░░░░
2026-10-05 23:55:12  Gabriel        DEF    3h53  █████████░░░░░░░░░
2026-10-05 23:55:12  Donnarumma     GR     3h53  █████████░░░░░░░░░
2026-10-05 23:55:12  [32m FC VAN   4.º Armenia   jogo em 18h42   slots 4/4[0m
2026-10-05 23:55:12  Knauff         ATA    1h53  ██████████████░░░░
2026-10-05 23:55:12  K. Koné        MED    3h53  █████████░░░░░░░░░
2026-10-05 23:55:12  Mendes         DEF    3h53  █████████░░░░░░░░░
2026-10-05 23:55:12  Livakovic      GR     1h53  ██████████████░░░░
2026-10-05 23:55:12  Boss coins 2454    Anúncios: loja ✓  treino ✓
2026-10-05 23:55:12  desde o arranque (0h04) · saldo +0 boss coins · loja 5 vídeo(s) · treino 0 vídeo(s) · 0 recolhido(s) · 0 posto(s) a treinar
2026-10-05 23:55:12  ──────────────────────────────────────────────────────────────────
2026-10-05 23:55:12  [90m23:50:03 Anuncios da loja: video 1 visto.[0m
2026-10-05 23:55:12  [90m23:51:21 Anuncios da loja: video 2 visto.[0m
2026-10-05 23:55:12  [90m23:52:23 Anuncios da loja: video 3 visto.[0m
2026-10-05 23:55:12  [90m23:53:17 Anuncios da loja: video 4 visto.[0m
2026-10-05 23:55:12  [90m23:54:03 Anuncios da loja: video 5 visto.[0m
2026-10-05 23:55:12  Ctrl+C para parar
2026-10-05 23:55:12  [H[J OSMbot · A TRABALHAR · Windows                           23:54:20
2026-10-05 23:55:12  ──────────────────────────────────────────────────────────────────
2026-10-05 23:55:12  À espera  treino acaba 01:48 (em 1h53)
2026-10-05 23:55:12  [32m REAL BETIS   1.º Spain   jogo em 21h15   slots 4/4[0m
2026-10-05 23:55:12  Haaland        ATA    3h53  █████████░░░░░░░░░
2026-10-05 23:55:12  de Jong        MED    3h53  █████████░░░░░░░░░
2026-10-05 23:55:12  Gabriel        DEF    3h53  █████████░░░░░░░░░
2026-10-05 23:55:12  Donnarumma     GR     3h53  █████████░░░░░░░░░
2026-10-05 23:55:12  [32m FC VAN   4.º Armenia   jogo em 18h42   slots 4/4[0m
2026-10-05 23:55:12  Knauff         ATA    1h53  ██████████████░░░░
2026-10-05 23:55:12  K. Koné        MED    3h53  █████████░░░░░░░░░
2026-10-05 23:55:12  Mendes         DEF    3h53  █████████░░░░░░░░░
2026-10-05 23:55:12  Livakovic      GR     1h53  ██████████████░░░░
2026-10-05 23:55:12  Boss coins 2454    Anúncios: loja ✓  treino ✓
2026-10-05 23:55:12  desde o arranque (0h04) · saldo +0 boss coins · loja 5 vídeo(s) · treino 0 vídeo(s) · 0 recolhido(s) · 0 posto(s) a treinar
2026-10-05 23:55:12  ──────────────────────────────────────────────────────────────────
2026-10-05 23:55:12  [90m23:50:03 Anuncios da loja: video 1 visto.[0m
2026-10-05 23:55:12  [90m23:51:21 Anuncios da loja: video 2 visto.[0m
2026-10-05 23:55:12  [90m23:52:23 Anuncios da loja: video 3 visto.[0m
2026-10-05 23:55:12  [90m23:53:17 Anuncios da loja: video 4 visto.[0m
2026-10-05 23:55:12  [90m23:54:03 Anuncios da loja: video 5 visto.[0m
2026-10-05 23:55:12  Ctrl+C para parar
2026-10-05 23:55:12  [H[J OSMbot · A TRABALHAR · Windows                           23:54:21
2026-10-05 23:55:12  ──────────────────────────────────────────────────────────────────
2026-10-05 23:55:12  À espera  treino acaba 01:48 (em 1h53)
2026-10-05 23:55:12  [32m REAL BETIS   1.º Spain   jogo em 21h15   slots 4/4[0m
2026-10-05 23:55:12  Haaland        ATA    3h53  █████████░░░░░░░░░
2026-10-05 23:55:12  de Jong        MED    3h53  █████████░░░░░░░░░
2026-10-05 23:55:12  Gabriel        DEF    3h53  █████████░░░░░░░░░
2026-10-05 23:55:12  Donnarumma     GR     3h53  █████████░░░░░░░░░
2026-10-05 23:55:12  [32m FC VAN   4.º Armenia   jogo em 18h42   slots 4/4[0m
2026-10-05 23:55:12  Knauff         ATA    1h53  ██████████████░░░░
2026-10-05 23:55:12  K. Koné        MED    3h53  █████████░░░░░░░░░
2026-10-05 23:55:12  Mendes         DEF    3h53  █████████░░░░░░░░░
2026-10-05 23:55:12  Livakovic      GR     1h53  ██████████████░░░░
2026-10-05 23:55:12  Boss coins 2454    Anúncios: loja ✓  treino ✓
2026-10-05 23:55:12  desde o arranque (0h04) · saldo +0 boss coins · loja 5 vídeo(s) · treino 0 vídeo(s) · 0 recolhido(s) · 0 posto(s) a treinar
2026-10-05 23:55:12  ──────────────────────────────────────────────────────────────────
2026-10-05 23:55:12  [90m23:50:03 Anuncios da loja: video 1 visto.[0m
2026-10-05 23:55:12  [90m23:51:21 Anuncios da loja: video 2 visto.[0m
2026-10-05 23:55:12  [90m23:52:23 Anuncios da loja: video 3 visto.[0m
2026-10-05 23:55:12  [90m23:53:17 Anuncios da loja: video 4 visto.[0m
2026-10-05 23:55:12  [90m23:54:03 Anuncios da loja: video 5 visto.[0m
2026-10-05 23:55:12  Ctrl+C para parar
2026-10-05 23:55:12  [H[J OSMbot · A TRABALHAR · Windows                           23:54:22
2026-10-05 23:55:12  ──────────────────────────────────────────────────────────────────
2026-10-05 23:55:12  À espera  treino acaba 01:48 (em 1h53)
2026-10-05 23:55:12  [32m REAL BETIS   1.º Spain   jogo em 21h15   slots 4/4[0m
2026-10-05 23:55:12  Haaland        ATA    3h53  █████████░░░░░░░░░
2026-10-05 23:55:12  de Jong        MED    3h53  █████████░░░░░░░░░
2026-10-05 23:55:12  Gabriel        DEF    3h53  █████████░░░░░░░░░
2026-10-05 23:55:12  Donnarumma     GR     3h53  █████████░░░░░░░░░
2026-10-05 23:55:12  [32m FC VAN   4.º Armenia   jogo em 18h42   slots 4/4[0m
2026-10-05 23:55:12  Knauff         ATA    1h53  ██████████████░░░░
2026-10-05 23:55:12  K. Koné        MED    3h53  █████████░░░░░░░░░
2026-10-05 23:55:12  Mendes         DEF    3h53  █████████░░░░░░░░░
2026-10-05 23:55:12  Livakovic      GR     1h53  ██████████████░░░░
2026-10-05 23:55:12  Boss coins 2454    Anúncios: loja ✓  treino ✓
2026-10-05 23:55:12  desde o arranque (0h04) · saldo +0 boss coins · loja 5 vídeo(s) · treino 0 vídeo(s) · 0 recolhido(s) · 0 posto(s) a treinar
2026-10-05 23:55:12  ──────────────────────────────────────────────────────────────────
2026-10-05 23:55:12  [90m23:50:03 Anuncios da loja: video 1 visto.[0m
2026-10-05 23:55:12  [90m23:51:21 Anuncios da loja: video 2 visto.[0m
2026-10-05 23:55:12  [90m23:52:23 Anuncios da loja: video 3 visto.[0m
2026-10-05 23:55:12  [90m23:53:17 Anuncios da loja: video 4 visto.[0m
2026-10-05 23:55:12  [90m23:54:03 Anuncios da loja: video 5 visto.[0m
2026-10-05 23:55:12  Ctrl+C para parar
2026-10-05 23:55:12  [H[J OSMbot · A TRABALHAR · Windows                           23:54:23
2026-10-05 23:55:12  ──────────────────────────────────────────────────────────────────
2026-10-05 23:55:12  À espera  treino acaba 01:48 (em 1h53)
2026-10-05 23:55:12  [32m REAL BETIS   1.º Spain   jogo em 21h15   slots 4/4[0m
2026-10-05 23:55:12  Haaland        ATA    3h53  █████████░░░░░░░░░
2026-10-05 23:55:12  de Jong        MED    3h53  █████████░░░░░░░░░
2026-10-05 23:55:12  Gabriel        DEF    3h53  █████████░░░░░░░░░
2026-10-05 23:55:12  Donnarumma     GR     3h53  █████████░░░░░░░░░
2026-10-05 23:55:12  [32m FC VAN   4.º Armenia   jogo em 18h42   slots 4/4[0m
2026-10-05 23:55:12  Knauff         ATA    1h53  ██████████████░░░░
2026-10-05 23:55:12  K. Koné        MED    3h53  █████████░░░░░░░░░
2026-10-05 23:55:12  Mendes         DEF    3h53  █████████░░░░░░░░░
2026-10-05 23:55:12  Livakovic      GR     1h53  ██████████████░░░░
2026-10-05 23:55:12  Boss coins 2454    Anúncios: loja ✓  treino ✓
2026-10-05 23:55:12  desde o arranque (0h04) · saldo +0 boss coins · loja 5 vídeo(s) · treino 0 vídeo(s) · 0 recolhido(s) · 0 posto(s) a treinar
2026-10-05 23:55:12  ──────────────────────────────────────────────────────────────────
2026-10-05 23:55:12  [90m23:50:03 Anuncios da loja: video 1 visto.[0m
2026-10-05 23:55:12  [90m23:51:21 Anuncios da loja: video 2 visto.[0m
2026-10-05 23:55:12  [90m23:52:23 Anuncios da loja: video 3 visto.[0m
2026-10-05 23:55:12  [90m23:53:17 Anuncios da loja: video 4 visto.[0m
2026-10-05 23:55:12  [90m23:54:03 Anuncios da loja: video 5 visto.[0m
2026-10-05 23:55:12  Ctrl+C para parar
2026-10-05 23:55:12  [H[J OSMbot · A TRABALHAR · Windows                           23:54:24
2026-10-05 23:55:12  ──────────────────────────────────────────────────────────────────
2026-10-05 23:55:12  À espera  treino acaba 01:48 (em 1h53)
2026-10-05 23:55:12  [32m REAL BETIS   1.º Spain   jogo em 21h15   slots 4/4[0m
2026-10-05 23:55:12  Haaland        ATA    3h53  █████████░░░░░░░░░
2026-10-05 23:55:12  de Jong        MED    3h53  █████████░░░░░░░░░
2026-10-05 23:55:12  Gabriel        DEF    3h53  █████████░░░░░░░░░
2026-10-05 23:55:12  Donnarumma     GR     3h53  █████████░░░░░░░░░
2026-10-05 23:55:12  [32m FC VAN   4.º Armenia   jogo em 18h42   slots 4/4[0m
2026-10-05 23:55:12  Knauff         ATA    1h53  ██████████████░░░░
2026-10-05 23:55:12  K. Koné        MED    3h53  █████████░░░░░░░░░
2026-10-05 23:55:12  Mendes         DEF    3h53  █████████░░░░░░░░░
2026-10-05 23:55:12  Livakovic      GR     1h53  ██████████████░░░░
2026-10-05 23:55:12  Boss coins 2454    Anúncios: loja ✓  treino ✓
2026-10-05 23:55:12  desde o arranque (0h04) · saldo +0 boss coins · loja 5 vídeo(s) · treino 0 vídeo(s) · 0 recolhido(s) · 0 posto(s) a treinar
2026-10-05 23:55:12  ──────────────────────────────────────────────────────────────────
2026-10-05 23:55:12  [90m23:50:03 Anuncios da loja: video 1 visto.[0m
2026-10-05 23:55:12  [90m23:51:21 Anuncios da loja: video 2 visto.[0m
2026-10-05 23:55:12  [90m23:52:23 Anuncios da loja: video 3 visto.[0m
2026-10-05 23:55:12  [90m23:53:17 Anuncios da loja: video 4 visto.[0m
2026-10-05 23:55:12  [90m23:54:03 Anuncios da loja: video 5 visto.[0m
2026-10-05 23:55:12  Ctrl+C para parar
2026-10-05 23:55:12  [H[J OSMbot · A TRABALHAR · Windows                           23:54:25
2026-10-05 23:55:12  ──────────────────────────────────────────────────────────────────
2026-10-05 23:55:12  À espera  treino acaba 01:48 (em 1h53)
2026-10-05 23:55:12  [32m REAL BETIS   1.º Spain   jogo em 21h15   slots 4/4[0m
2026-10-05 23:55:12  Haaland        ATA    3h53  █████████░░░░░░░░░
2026-10-05 23:55:12  de Jong        MED    3h53  █████████░░░░░░░░░
2026-10-05 23:55:12  Gabriel        DEF    3h53  █████████░░░░░░░░░
2026-10-05 23:55:12  Donnarumma     GR     3h53  █████████░░░░░░░░░
2026-10-05 23:55:12  [32m FC VAN   4.º Armenia   jogo em 18h42   slots 4/4[0m
2026-10-05 23:55:12  Knauff         ATA    1h53  ██████████████░░░░
2026-10-05 23:55:12  K. Koné        MED    3h53  █████████░░░░░░░░░
2026-10-05 23:55:12  Mendes         DEF    3h53  █████████░░░░░░░░░
2026-10-05 23:55:12  Livakovic      GR     1h53  ██████████████░░░░
2026-10-05 23:55:12  Boss coins 2454    Anúncios: loja ✓  treino ✓
2026-10-05 23:55:12  desde o arranque (0h04) · saldo +0 boss coins · loja 5 vídeo(s) · treino 0 vídeo(s) · 0 recolhido(s) · 0 posto(s) a treinar
2026-10-05 23:55:12  ──────────────────────────────────────────────────────────────────
2026-10-05 23:55:12  [90m23:50:03 Anuncios da loja: video 1 visto.[0m
2026-10-05 23:55:12  [90m23:51:21 Anuncios da loja: video 2 visto.[0m
2026-10-05 23:55:12  [90m23:52:23 Anuncios da loja: video 3 visto.[0m
2026-10-05 23:55:12  [90m23:53:17 Anuncios da loja: video 4 visto.[0m
2026-10-05 23:55:12  [90m23:54:03 Anuncios da loja: video 5 visto.[0m
2026-10-05 23:55:12  Ctrl+C para parar
2026-10-05 23:55:12  [H[J OSMbot · A TRABALHAR · Windows                           23:54:26
2026-10-05 23:55:12  ──────────────────────────────────────────────────────────────────
2026-10-05 23:55:12  À espera  treino acaba 01:48 (em 1h53)
2026-10-05 23:55:12  [32m REAL BETIS   1.º Spain   jogo em 21h15   slots 4/4[0m
2026-10-05 23:55:12  Haaland        ATA    3h53  █████████░░░░░░░░░
2026-10-05 23:55:12  de Jong        MED    3h53  █████████░░░░░░░░░
2026-10-05 23:55:12  Gabriel        DEF    3h53  █████████░░░░░░░░░
2026-10-05 23:55:12  Donnarumma     GR     3h53  █████████░░░░░░░░░
2026-10-05 23:55:12  [32m FC VAN   4.º Armenia   jogo em 18h42   slots 4/4[0m
2026-10-05 23:55:12  Knauff         ATA    1h53  ██████████████░░░░
2026-10-05 23:55:12  K. Koné        MED    3h53  █████████░░░░░░░░░
2026-10-05 23:55:12  Mendes         DEF    3h53  █████████░░░░░░░░░
2026-10-05 23:55:12  Livakovic      GR     1h53  ██████████████░░░░
2026-10-05 23:55:12  Boss coins 2454    Anúncios: loja ✓  treino ✓
2026-10-05 23:55:12  desde o arranque (0h04) · saldo +0 boss coins · loja 5 vídeo(s) · treino 0 vídeo(s) · 0 recolhido(s) · 0 posto(s) a treinar
2026-10-05 23:55:12  ──────────────────────────────────────────────────────────────────
2026-10-05 23:55:12  [90m23:50:03 Anuncios da loja: video 1 visto.[0m
2026-10-05 23:55:12  [90m23:51:21 Anuncios da loja: video 2 visto.[0m
2026-10-05 23:55:12  [90m23:52:23 Anuncios da loja: video 3 visto.[0m
2026-10-05 23:55:12  [90m23:53:17 Anuncios da loja: video 4 visto.[0m
2026-10-05 23:55:12  [90m23:54:03 Anuncios da loja: video 5 visto.[0m
2026-10-05 23:55:12  Ctrl+C para parar
2026-10-05 23:55:12  [H[J OSMbot · A TRABALHAR · Windows                           23:54:27
2026-10-05 23:55:12  ──────────────────────────────────────────────────────────────────
2026-10-05 23:55:12  À espera  treino acaba 01:48 (em 1h53)
2026-10-05 23:55:12  [32m REAL BETIS   1.º Spain   jogo em 21h15   slots 4/4[0m
2026-10-05 23:55:12  Haaland        ATA    3h53  █████████░░░░░░░░░
2026-10-05 23:55:12  de Jong        MED    3h53  █████████░░░░░░░░░
2026-10-05 23:55:12  Gabriel        DEF    3h53  █████████░░░░░░░░░
2026-10-05 23:55:12  Donnarumma     GR     3h53  █████████░░░░░░░░░
2026-10-05 23:55:12  [32m FC VAN   4.º Armenia   jogo em 18h42   slots 4/4[0m
2026-10-05 23:55:12  Knauff         ATA    1h53  ██████████████░░░░
2026-10-05 23:55:12  K. Koné        MED    3h53  █████████░░░░░░░░░
2026-10-05 23:55:12  Mendes         DEF    3h53  █████████░░░░░░░░░
2026-10-05 23:55:12  Livakovic      GR     1h53  ██████████████░░░░
2026-10-05 23:55:12  Boss coins 2454    Anúncios: loja ✓  treino ✓
2026-10-05 23:55:12  desde o arranque (0h04) · saldo +0 boss coins · loja 5 vídeo(s) · treino 0 vídeo(s) · 0 recolhido(s) · 0 posto(s) a treinar
2026-10-05 23:55:12  ──────────────────────────────────────────────────────────────────
2026-10-05 23:55:12  [90m23:50:03 Anuncios da loja: video 1 visto.[0m
2026-10-05 23:55:12  [90m23:51:21 Anuncios da loja: video 2 visto.[0m
2026-10-05 23:55:12  [90m23:52:23 Anuncios da loja: video 3 visto.[0m
2026-10-05 23:55:12  [90m23:53:17 Anuncios da loja: video 4 visto.[0m
2026-10-05 23:55:12  [90m23:54:03 Anuncios da loja: video 5 visto.[0m
2026-10-05 23:55:12  Ctrl+C para parar
2026-10-05 23:55:12  [H[J OSMbot · A TRABALHAR · Windows                           23:54:28
2026-10-05 23:55:12  ──────────────────────────────────────────────────────────────────
2026-10-05 23:55:12  À espera  treino acaba 01:48 (em 1h53)
2026-10-05 23:55:12  [32m REAL BETIS   1.º Spain   jogo em 21h14   slots 4/4[0m
2026-10-05 23:55:12  Haaland        ATA    3h53  █████████░░░░░░░░░
2026-10-05 23:55:12  de Jong        MED    3h53  █████████░░░░░░░░░
2026-10-05 23:55:12  Gabriel        DEF    3h53  █████████░░░░░░░░░
2026-10-05 23:55:12  Donnarumma     GR     3h53  █████████░░░░░░░░░
2026-10-05 23:55:12  [32m FC VAN   4.º Armenia   jogo em 18h42   slots 4/4[0m
2026-10-05 23:55:12  Knauff         ATA    1h53  ██████████████░░░░
2026-10-05 23:55:12  K. Koné        MED    3h53  █████████░░░░░░░░░
2026-10-05 23:55:12  Mendes         DEF    3h53  █████████░░░░░░░░░
2026-10-05 23:55:12  Livakovic      GR     1h53  ██████████████░░░░
2026-10-05 23:55:12  Boss coins 2454    Anúncios: loja ✓  treino ✓
2026-10-05 23:55:12  desde o arranque (0h04) · saldo +0 boss coins · loja 5 vídeo(s) · treino 0 vídeo(s) · 0 recolhido(s) · 0 posto(s) a treinar
2026-10-05 23:55:12  ──────────────────────────────────────────────────────────────────
2026-10-05 23:55:12  [90m23:50:03 Anuncios da loja: video 1 visto.[0m
2026-10-05 23:55:12  [90m23:51:21 Anuncios da loja: video 2 visto.[0m
2026-10-05 23:55:12  [90m23:52:23 Anuncios da loja: video 3 visto.[0m
2026-10-05 23:55:12  [90m23:53:17 Anuncios da loja: video 4 visto.[0m
2026-10-05 23:55:12  [90m23:54:03 Anuncios da loja: video 5 visto.[0m
2026-10-05 23:55:12  Ctrl+C para parar
2026-10-05 23:55:12  [H[J OSMbot · A TRABALHAR · Windows                           23:54:29
2026-10-05 23:55:12  ──────────────────────────────────────────────────────────────────
2026-10-05 23:55:12  À espera  treino acaba 01:48 (em 1h53)
2026-10-05 23:55:12  [32m REAL BETIS   1.º Spain   jogo em 21h14   slots 4/4[0m
2026-10-05 23:55:12  Haaland        ATA    3h53  █████████░░░░░░░░░
2026-10-05 23:55:12  de Jong        MED    3h53  █████████░░░░░░░░░
2026-10-05 23:55:12  Gabriel        DEF    3h53  █████████░░░░░░░░░
2026-10-05 23:55:12  Donnarumma     GR     3h53  █████████░░░░░░░░░
2026-10-05 23:55:12  [32m FC VAN   4.º Armenia   jogo em 18h42   slots 4/4[0m
2026-10-05 23:55:12  Knauff         ATA    1h53  ██████████████░░░░
2026-10-05 23:55:12  K. Koné        MED    3h53  █████████░░░░░░░░░
2026-10-05 23:55:12  Mendes         DEF    3h53  █████████░░░░░░░░░
2026-10-05 23:55:12  Livakovic      GR     1h53  ██████████████░░░░
2026-10-05 23:55:12  Boss coins 2454    Anúncios: loja ✓  treino ✓
2026-10-05 23:55:12  desde o arranque (0h04) · saldo +0 boss coins · loja 5 vídeo(s) · treino 0 vídeo(s) · 0 recolhido(s) · 0 posto(s) a treinar
2026-10-05 23:55:12  ──────────────────────────────────────────────────────────────────
2026-10-05 23:55:12  [90m23:50:03 Anuncios da loja: video 1 visto.[0m
2026-10-05 23:55:12  [90m23:51:21 Anuncios da loja: video 2 visto.[0m
2026-10-05 23:55:12  [90m23:52:23 Anuncios da loja: video 3 visto.[0m
2026-10-05 23:55:12  [90m23:53:17 Anuncios da loja: video 4 visto.[0m
2026-10-05 23:55:12  [90m23:54:03 Anuncios da loja: video 5 visto.[0m
2026-10-05 23:55:12  Ctrl+C para parar
2026-10-05 23:55:12  [H[J OSMbot · A TRABALHAR · Windows                           23:54:30
2026-10-05 23:55:12  ──────────────────────────────────────────────────────────────────
2026-10-05 23:55:12  À espera  treino acaba 01:48 (em 1h53)
2026-10-05 23:55:12  [32m REAL BETIS   1.º Spain   jogo em 21h14   slots 4/4[0m
2026-10-05 23:55:12  Haaland        ATA    3h53  █████████░░░░░░░░░
2026-10-05 23:55:12  de Jong        MED    3h53  █████████░░░░░░░░░
2026-10-05 23:55:12  Gabriel        DEF    3h53  █████████░░░░░░░░░
2026-10-05 23:55:12  Donnarumma     GR     3h53  █████████░░░░░░░░░
2026-10-05 23:55:12  [32m FC VAN   4.º Armenia   jogo em 18h42   slots 4/4[0m
2026-10-05 23:55:12  Knauff         ATA    1h53  ██████████████░░░░
2026-10-05 23:55:12  K. Koné        MED    3h53  █████████░░░░░░░░░
2026-10-05 23:55:12  Mendes         DEF    3h53  █████████░░░░░░░░░
2026-10-05 23:55:12  Livakovic      GR     1h53  ██████████████░░░░
2026-10-05 23:55:12  Boss coins 2454    Anúncios: loja ✓  treino ✓
2026-10-05 23:55:12  desde o arranque (0h04) · saldo +0 boss coins · loja 5 vídeo(s) · treino 0 vídeo(s) · 0 recolhido(s) · 0 posto(s) a treinar
2026-10-05 23:55:12  ──────────────────────────────────────────────────────────────────
2026-10-05 23:55:12  [90m23:50:03 Anuncios da loja: video 1 visto.[0m
2026-10-05 23:55:12  [90m23:51:21 Anuncios da loja: video 2 visto.[0m
2026-10-05 23:55:12  [90m23:52:23 Anuncios da loja: video 3 visto.[0m
2026-10-05 23:55:12  [90m23:53:17 Anuncios da loja: video 4 visto.[0m
2026-10-05 23:55:12  [90m23:54:03 Anuncios da loja: video 5 visto.[0m
2026-10-05 23:55:12  Ctrl+C para parar
2026-10-05 23:55:12  [H[J OSMbot · A TRABALHAR · Windows                           23:54:31
2026-10-05 23:55:12  ──────────────────────────────────────────────────────────────────
2026-10-05 23:55:12  À espera  treino acaba 01:48 (em 1h53)
2026-10-05 23:55:12  [32m REAL BETIS   1.º Spain   jogo em 21h14   slots 4/4[0m
2026-10-05 23:55:12  Haaland        ATA    3h53  █████████░░░░░░░░░
2026-10-05 23:55:12  de Jong        MED    3h53  █████████░░░░░░░░░
2026-10-05 23:55:12  Gabriel        DEF    3h53  █████████░░░░░░░░░
2026-10-05 23:55:12  Donnarumma     GR     3h53  █████████░░░░░░░░░
2026-10-05 23:55:12  [32m FC VAN   4.º Armenia   jogo em 18h42   slots 4/4[0m
2026-10-05 23:55:12  Knauff         ATA    1h53  ██████████████░░░░
2026-10-05 23:55:12  K. Koné        MED    3h53  █████████░░░░░░░░░
2026-10-05 23:55:12  Mendes         DEF    3h53  █████████░░░░░░░░░
2026-10-05 23:55:12  Livakovic      GR     1h53  ██████████████░░░░
2026-10-05 23:55:12  Boss coins 2454    Anúncios: loja ✓  treino ✓
2026-10-05 23:55:12  desde o arranque (0h04) · saldo +0 boss coins · loja 5 vídeo(s) · treino 0 vídeo(s) · 0 recolhido(s) · 0 posto(s) a treinar
2026-10-05 23:55:12  ──────────────────────────────────────────────────────────────────
2026-10-05 23:55:12  [90m23:50:03 Anuncios da loja: video 1 visto.[0m
2026-10-05 23:55:12  [90m23:51:21 Anuncios da loja: video 2 visto.[0m
2026-10-05 23:55:12  [90m23:52:23 Anuncios da loja: video 3 visto.[0m
2026-10-05 23:55:12  [90m23:53:17 Anuncios da loja: video 4 visto.[0m
2026-10-05 23:55:12  [90m23:54:03 Anuncios da loja: video 5 visto.[0m
2026-10-05 23:55:12  Ctrl+C para parar
2026-10-05 23:55:12  [H[J OSMbot · A TRABALHAR · Windows                           23:54:32
2026-10-05 23:55:12  ──────────────────────────────────────────────────────────────────
2026-10-05 23:55:12  À espera  treino acaba 01:48 (em 1h53)
2026-10-05 23:55:12  [32m REAL BETIS   1.º Spain   jogo em 21h14   slots 4/4[0m
2026-10-05 23:55:12  Haaland        ATA    3h53  █████████░░░░░░░░░
2026-10-05 23:55:12  de Jong        MED    3h53  █████████░░░░░░░░░
2026-10-05 23:55:12  Gabriel        DEF    3h53  █████████░░░░░░░░░
2026-10-05 23:55:12  Donnarumma     GR     3h53  █████████░░░░░░░░░
2026-10-05 23:55:12  [32m FC VAN   4.º Armenia   jogo em 18h42   slots 4/4[0m
2026-10-05 23:55:12  Knauff         ATA    1h53  ██████████████░░░░
2026-10-05 23:55:12  K. Koné        MED    3h53  █████████░░░░░░░░░
2026-10-05 23:55:12  Mendes         DEF    3h53  █████████░░░░░░░░░
2026-10-05 23:55:12  Livakovic      GR     1h53  ██████████████░░░░
2026-10-05 23:55:12  Boss coins 2454    Anúncios: loja ✓  treino ✓
2026-10-05 23:55:12  desde o arranque (0h04) · saldo +0 boss coins · loja 5 vídeo(s) · treino 0 vídeo(s) · 0 recolhido(s) · 0 posto(s) a treinar
2026-10-05 23:55:12  ──────────────────────────────────────────────────────────────────
2026-10-05 23:55:12  [90m23:50:03 Anuncios da loja: video 1 visto.[0m
2026-10-05 23:55:12  [90m23:51:21 Anuncios da loja: video 2 visto.[0m
2026-10-05 23:55:12  [90m23:52:23 Anuncios da loja: video 3 visto.[0m
2026-10-05 23:55:12  [90m23:53:17 Anuncios da loja: video 4 visto.[0m
2026-10-05 23:55:12  [90m23:54:03 Anuncios da loja: video 5 visto.[0m
2026-10-05 23:55:12  Ctrl+C para parar
2026-10-05 23:55:12  [H[J OSMbot · A TRABALHAR · Windows                           23:54:33
2026-10-05 23:55:12  ──────────────────────────────────────────────────────────────────
2026-10-05 23:55:12  À espera  treino acaba 01:48 (em 1h53)
2026-10-05 23:55:12  [32m REAL BETIS   1.º Spain   jogo em 21h14   slots 4/4[0m
2026-10-05 23:55:12  Haaland        ATA    3h53  █████████░░░░░░░░░
2026-10-05 23:55:12  de Jong        MED    3h53  █████████░░░░░░░░░
2026-10-05 23:55:12  Gabriel        DEF    3h53  █████████░░░░░░░░░
2026-10-05 23:55:12  Donnarumma     GR     3h53  █████████░░░░░░░░░
2026-10-05 23:55:12  [32m FC VAN   4.º Armenia   jogo em 18h42   slots 4/4[0m
2026-10-05 23:55:12  Knauff         ATA    1h53  ██████████████░░░░
2026-10-05 23:55:12  K. Koné        MED    3h53  █████████░░░░░░░░░
2026-10-05 23:55:12  Mendes         DEF    3h53  █████████░░░░░░░░░
2026-10-05 23:55:12  Livakovic      GR     1h53  ██████████████░░░░
2026-10-05 23:55:12  Boss coins 2454    Anúncios: loja ✓  treino ✓
2026-10-05 23:55:12  desde o arranque (0h04) · saldo +0 boss coins · loja 5 vídeo(s) · treino 0 vídeo(s) · 0 recolhido(s) · 0 posto(s) a treinar
2026-10-05 23:55:12  ──────────────────────────────────────────────────────────────────
2026-10-05 23:55:12  [90m23:50:03 Anuncios da loja: video 1 visto.[0m
2026-10-05 23:55:12  [90m23:51:21 Anuncios da loja: video 2 visto.[0m
2026-10-05 23:55:12  [90m23:52:23 Anuncios da loja: video 3 visto.[0m
2026-10-05 23:55:12  [90m23:53:17 Anuncios da loja: video 4 visto.[0m
2026-10-05 23:55:12  [90m23:54:03 Anuncios da loja: video 5 visto.[0m
2026-10-05 23:55:12  Ctrl+C para parar
2026-10-05 23:55:12  [H[J OSMbot · A TRABALHAR · Windows                           23:54:34
2026-10-05 23:55:12  ──────────────────────────────────────────────────────────────────
2026-10-05 23:55:12  À espera  treino acaba 01:48 (em 1h53)
2026-10-05 23:55:12  [32m REAL BETIS   1.º Spain   jogo em 21h14   slots 4/4[0m
2026-10-05 23:55:12  Haaland        ATA    3h53  █████████░░░░░░░░░
2026-10-05 23:55:12  de Jong        MED    3h53  █████████░░░░░░░░░
2026-10-05 23:55:12  Gabriel        DEF    3h53  █████████░░░░░░░░░
2026-10-05 23:55:12  Donnarumma     GR     3h53  █████████░░░░░░░░░
2026-10-05 23:55:12  [32m FC VAN   4.º Armenia   jogo em 18h42   slots 4/4[0m
2026-10-05 23:55:12  Knauff         ATA    1h53  ██████████████░░░░
2026-10-05 23:55:12  K. Koné        MED    3h53  █████████░░░░░░░░░
2026-10-05 23:55:12  Mendes         DEF    3h53  █████████░░░░░░░░░
2026-10-05 23:55:12  Livakovic      GR     1h53  ██████████████░░░░
2026-10-05 23:55:12  Boss coins 2454    Anúncios: loja ✓  treino ✓
2026-10-05 23:55:12  desde o arranque (0h04) · saldo +0 boss coins · loja 5 vídeo(s) · treino 0 vídeo(s) · 0 recolhido(s) · 0 posto(s) a treinar
2026-10-05 23:55:12  ──────────────────────────────────────────────────────────────────
2026-10-05 23:55:12  [90m23:50:03 Anuncios da loja: video 1 visto.[0m
2026-10-05 23:55:12  [90m23:51:21 Anuncios da loja: video 2 visto.[0m
2026-10-05 23:55:12  [90m23:52:23 Anuncios da loja: video 3 visto.[0m
2026-10-05 23:55:12  [90m23:53:17 Anuncios da loja: video 4 visto.[0m
2026-10-05 23:55:12  [90m23:54:03 Anuncios da loja: video 5 visto.[0m
2026-10-05 23:55:12  Ctrl+C para parar
2026-10-05 23:55:12  [H[J OSMbot · A TRABALHAR · Windows                           23:54:35
2026-10-05 23:55:12  ──────────────────────────────────────────────────────────────────
2026-10-05 23:55:12  À espera  treino acaba 01:48 (em 1h53)
2026-10-05 23:55:12  [32m REAL BETIS   1.º Spain   jogo em 21h14   slots 4/4[0m
2026-10-05 23:55:12  Haaland        ATA    3h53  █████████░░░░░░░░░
2026-10-05 23:55:12  de Jong        MED    3h53  █████████░░░░░░░░░
2026-10-05 23:55:12  Gabriel        DEF    3h53  █████████░░░░░░░░░
2026-10-05 23:55:12  Donnarumma     GR     3h53  █████████░░░░░░░░░
2026-10-05 23:55:12  [32m FC VAN   4.º Armenia   jogo em 18h42   slots 4/4[0m
2026-10-05 23:55:12  Knauff         ATA    1h53  ██████████████░░░░
2026-10-05 23:55:12  K. Koné        MED    3h53  █████████░░░░░░░░░
2026-10-05 23:55:12  Mendes         DEF    3h53  █████████░░░░░░░░░
2026-10-05 23:55:12  Livakovic      GR     1h53  ██████████████░░░░
2026-10-05 23:55:12  Boss coins 2454    Anúncios: loja ✓  treino ✓
2026-10-05 23:55:12  desde o arranque (0h04) · saldo +0 boss coins · loja 5 vídeo(s) · treino 0 vídeo(s) · 0 recolhido(s) · 0 posto(s) a treinar
2026-10-05 23:55:12  ──────────────────────────────────────────────────────────────────
2026-10-05 23:55:12  [90m23:50:03 Anuncios da loja: video 1 visto.[0m
2026-10-05 23:55:12  [90m23:51:21 Anuncios da loja: video 2 visto.[0m
2026-10-05 23:55:12  [90m23:52:23 Anuncios da loja: video 3 visto.[0m
2026-10-05 23:55:12  [90m23:53:17 Anuncios da loja: video 4 visto.[0m
2026-10-05 23:55:12  [90m23:54:03 Anuncios da loja: video 5 visto.[0m
2026-10-05 23:55:12  Ctrl+C para parar
2026-10-05 23:55:12  [H[J OSMbot · A TRABALHAR · Windows                           23:54:36
2026-10-05 23:55:12  ──────────────────────────────────────────────────────────────────
2026-10-05 23:55:12  À espera  treino acaba 01:48 (em 1h53)
2026-10-05 23:55:12  [32m REAL BETIS   1.º Spain   jogo em 21h14   slots 4/4[0m
2026-10-05 23:55:12  Haaland        ATA    3h53  █████████░░░░░░░░░
2026-10-05 23:55:12  de Jong        MED    3h53  █████████░░░░░░░░░
2026-10-05 23:55:12  Gabriel        DEF    3h53  █████████░░░░░░░░░
2026-10-05 23:55:12  Donnarumma     GR     3h53  █████████░░░░░░░░░
2026-10-05 23:55:12  [32m FC VAN   4.º Armenia   jogo em 18h42   slots 4/4[0m
2026-10-05 23:55:12  Knauff         ATA    1h53  ██████████████░░░░
2026-10-05 23:55:12  K. Koné        MED    3h53  █████████░░░░░░░░░
2026-10-05 23:55:12  Mendes         DEF    3h53  █████████░░░░░░░░░
2026-10-05 23:55:12  Livakovic      GR     1h53  ██████████████░░░░
2026-10-05 23:55:12  Boss coins 2454    Anúncios: loja ✓  treino ✓
2026-10-05 23:55:12  desde o arranque (0h04) · saldo +0 boss coins · loja 5 vídeo(s) · treino 0 vídeo(s) · 0 recolhido(s) · 0 posto(s) a treinar
2026-10-05 23:55:12  ──────────────────────────────────────────────────────────────────
2026-10-05 23:55:12  [90m23:50:03 Anuncios da loja: video 1 visto.[0m
2026-10-05 23:55:12  [90m23:51:21 Anuncios da loja: video 2 visto.[0m
2026-10-05 23:55:12  [90m23:52:23 Anuncios da loja: video 3 visto.[0m
2026-10-05 23:55:12  [90m23:53:17 Anuncios da loja: video 4 visto.[0m
2026-10-05 23:55:12  [90m23:54:03 Anuncios da loja: video 5 visto.[0m
2026-10-05 23:55:12  Ctrl+C para parar
2026-10-05 23:55:12  [H[J OSMbot · A TRABALHAR · Windows                           23:54:37
2026-10-05 23:55:12  ──────────────────────────────────────────────────────────────────
2026-10-05 23:55:12  À espera  treino acaba 01:48 (em 1h53)
2026-10-05 23:55:12  [32m REAL BETIS   1.º Spain   jogo em 21h14   slots 4/4[0m
2026-10-05 23:55:12  Haaland        ATA    3h53  █████████░░░░░░░░░
2026-10-05 23:55:12  de Jong        MED    3h53  █████████░░░░░░░░░
2026-10-05 23:55:12  Gabriel        DEF    3h53  █████████░░░░░░░░░
2026-10-05 23:55:12  Donnarumma     GR     3h53  █████████░░░░░░░░░
2026-10-05 23:55:12  [32m FC VAN   4.º Armenia   jogo em 18h42   slots 4/4[0m
2026-10-05 23:55:12  Knauff         ATA    1h53  ██████████████░░░░
2026-10-05 23:55:12  K. Koné        MED    3h53  █████████░░░░░░░░░
2026-10-05 23:55:12  Mendes         DEF    3h53  █████████░░░░░░░░░
2026-10-05 23:55:12  Livakovic      GR     1h53  ██████████████░░░░
2026-10-05 23:55:12  Boss coins 2454    Anúncios: loja ✓  treino ✓
2026-10-05 23:55:12  desde o arranque (0h04) · saldo +0 boss coins · loja 5 vídeo(s) · treino 0 vídeo(s) · 0 recolhido(s) · 0 posto(s) a treinar
2026-10-05 23:55:12  ──────────────────────────────────────────────────────────────────
2026-10-05 23:55:12  [90m23:50:03 Anuncios da loja: video 1 visto.[0m
2026-10-05 23:55:12  [90m23:51:21 Anuncios da loja: video 2 visto.[0m
2026-10-05 23:55:12  [90m23:52:23 Anuncios da loja: video 3 visto.[0m
2026-10-05 23:55:12  [90m23:53:17 Anuncios da loja: video 4 visto.[0m
2026-10-05 23:55:12  [90m23:54:03 Anuncios da loja: video 5 visto.[0m
2026-10-05 23:55:12  Ctrl+C para parar
2026-10-05 23:55:12  [H[J OSMbot · A TRABALHAR · Windows                           23:54:38
2026-10-05 23:55:12  ──────────────────────────────────────────────────────────────────
2026-10-05 23:55:12  À espera  treino acaba 01:48 (em 1h53)
2026-10-05 23:55:12  [32m REAL BETIS   1.º Spain   jogo em 21h14   slots 4/4[0m
2026-10-05 23:55:12  Haaland        ATA    3h53  █████████░░░░░░░░░
2026-10-05 23:55:12  de Jong        MED    3h53  █████████░░░░░░░░░
2026-10-05 23:55:12  Gabriel        DEF    3h53  █████████░░░░░░░░░
2026-10-05 23:55:12  Donnarumma     GR     3h53  █████████░░░░░░░░░
2026-10-05 23:55:12  [32m FC VAN   4.º Armenia   jogo em 18h42   slots 4/4[0m
2026-10-05 23:55:12  Knauff         ATA    1h53  ██████████████░░░░
2026-10-05 23:55:12  K. Koné        MED    3h53  █████████░░░░░░░░░
2026-10-05 23:55:12  Mendes         DEF    3h53  █████████░░░░░░░░░
2026-10-05 23:55:12  Livakovic      GR     1h53  ██████████████░░░░
2026-10-05 23:55:12  Boss coins 2454    Anúncios: loja ✓  treino ✓
2026-10-05 23:55:12  desde o arranque (0h05) · saldo +0 boss coins · loja 5 vídeo(s) · treino 0 vídeo(s) · 0 recolhido(s) · 0 posto(s) a treinar
2026-10-05 23:55:12  ──────────────────────────────────────────────────────────────────
2026-10-05 23:55:12  [90m23:50:03 Anuncios da loja: video 1 visto.[0m
2026-10-05 23:55:12  [90m23:51:21 Anuncios da loja: video 2 visto.[0m
2026-10-05 23:55:12  [90m23:52:23 Anuncios da loja: video 3 visto.[0m
2026-10-05 23:55:12  [90m23:53:17 Anuncios da loja: video 4 visto.[0m
2026-10-05 23:55:12  [90m23:54:03 Anuncios da loja: video 5 visto.[0m
2026-10-05 23:55:12  Ctrl+C para parar
2026-10-05 23:55:12  [H[J OSMbot · A TRABALHAR · Windows                           23:54:39
2026-10-05 23:55:12  ──────────────────────────────────────────────────────────────────
2026-10-05 23:55:12  À espera  treino acaba 01:48 (em 1h53)
2026-10-05 23:55:12  [32m REAL BETIS   1.º Spain   jogo em 21h14   slots 4/4[0m
2026-10-05 23:55:12  Haaland        ATA    3h53  █████████░░░░░░░░░
2026-10-05 23:55:12  de Jong        MED    3h53  █████████░░░░░░░░░
2026-10-05 23:55:12  Gabriel        DEF    3h53  █████████░░░░░░░░░
2026-10-05 23:55:12  Donnarumma     GR     3h53  █████████░░░░░░░░░
2026-10-05 23:55:12  [32m FC VAN   4.º Armenia   jogo em 18h42   slots 4/4[0m
2026-10-05 23:55:12  Knauff         ATA    1h53  ██████████████░░░░
2026-10-05 23:55:12  K. Koné        MED    3h53  █████████░░░░░░░░░
2026-10-05 23:55:12  Mendes         DEF    3h53  █████████░░░░░░░░░
2026-10-05 23:55:12  Livakovic      GR     1h53  ██████████████░░░░
2026-10-05 23:55:12  Boss coins 2454    Anúncios: loja ✓  treino ✓
2026-10-05 23:55:12  desde o arranque (0h05) · saldo +0 boss coins · loja 5 vídeo(s) · treino 0 vídeo(s) · 0 recolhido(s) · 0 posto(s) a treinar
2026-10-05 23:55:12  ──────────────────────────────────────────────────────────────────
2026-10-05 23:55:12  [90m23:50:03 Anuncios da loja: video 1 visto.[0m
2026-10-05 23:55:12  [90m23:51:21 Anuncios da loja: video 2 visto.[0m
2026-10-05 23:55:12  [90m23:52:23 Anuncios da loja: video 3 visto.[0m
2026-10-05 23:55:12  [90m23:53:17 Anuncios da loja: video 4 visto.[0m
2026-10-05 23:55:12  [90m23:54:03 Anuncios da loja: video 5 visto.[0m
2026-10-05 23:55:12  Ctrl+C para parar
2026-10-05 23:55:12  [H[J OSMbot · A TRABALHAR · Windows                           23:54:40
2026-10-05 23:55:12  ──────────────────────────────────────────────────────────────────
2026-10-05 23:55:12  À espera  treino acaba 01:48 (em 1h53)
2026-10-05 23:55:12  [32m REAL BETIS   1.º Spain   jogo em 21h14   slots 4/4[0m
2026-10-05 23:55:12  Haaland        ATA    3h53  █████████░░░░░░░░░
2026-10-05 23:55:12  de Jong        MED    3h53  █████████░░░░░░░░░
2026-10-05 23:55:12  Gabriel        DEF    3h53  █████████░░░░░░░░░
2026-10-05 23:55:12  Donnarumma     GR     3h53  █████████░░░░░░░░░
2026-10-05 23:55:12  [32m FC VAN   4.º Armenia   jogo em 18h42   slots 4/4[0m
2026-10-05 23:55:12  Knauff         ATA    1h53  ██████████████░░░░
2026-10-05 23:55:12  K. Koné        MED    3h53  █████████░░░░░░░░░
2026-10-05 23:55:12  Mendes         DEF    3h53  █████████░░░░░░░░░
2026-10-05 23:55:12  Livakovic      GR     1h53  ██████████████░░░░
2026-10-05 23:55:12  Boss coins 2454    Anúncios: loja ✓  treino ✓
2026-10-05 23:55:12  desde o arranque (0h05) · saldo +0 boss coins · loja 5 vídeo(s) · treino 0 vídeo(s) · 0 recolhido(s) · 0 posto(s) a treinar
2026-10-05 23:55:12  ──────────────────────────────────────────────────────────────────
2026-10-05 23:55:12  [90m23:50:03 Anuncios da loja: video 1 visto.[0m
2026-10-05 23:55:12  [90m23:51:21 Anuncios da loja: video 2 visto.[0m
2026-10-05 23:55:12  [90m23:52:23 Anuncios da loja: video 3 visto.[0m
2026-10-05 23:55:12  [90m23:53:17 Anuncios da loja: video 4 visto.[0m
2026-10-05 23:55:12  [90m23:54:03 Anuncios da loja: video 5 visto.[0m
2026-10-05 23:55:12  Ctrl+C para parar
2026-10-05 23:55:12  [H[J OSMbot · A TRABALHAR · Windows                           23:54:41
2026-10-05 23:55:12  ──────────────────────────────────────────────────────────────────
2026-10-05 23:55:12  À espera  treino acaba 01:48 (em 1h53)
2026-10-05 23:55:12  [32m REAL BETIS   1.º Spain   jogo em 21h14   slots 4/4[0m
2026-10-05 23:55:12  Haaland        ATA    3h53  █████████░░░░░░░░░
2026-10-05 23:55:12  de Jong        MED    3h53  █████████░░░░░░░░░
2026-10-05 23:55:12  Gabriel        DEF    3h53  █████████░░░░░░░░░
2026-10-05 23:55:12  Donnarumma     GR     3h53  █████████░░░░░░░░░
2026-10-05 23:55:12  [32m FC VAN   4.º Armenia   jogo em 18h42   slots 4/4[0m
2026-10-05 23:55:12  Knauff         ATA    1h53  ██████████████░░░░
2026-10-05 23:55:12  K. Koné        MED    3h53  █████████░░░░░░░░░
2026-10-05 23:55:12  Mendes         DEF    3h53  █████████░░░░░░░░░
2026-10-05 23:55:12  Livakovic      GR     1h53  ██████████████░░░░
2026-10-05 23:55:12  Boss coins 2454    Anúncios: loja ✓  treino ✓
2026-10-05 23:55:12  desde o arranque (0h05) · saldo +0 boss coins · loja 5 vídeo(s) · treino 0 vídeo(s) · 0 recolhido(s) · 0 posto(s) a treinar
2026-10-05 23:55:12  ──────────────────────────────────────────────────────────────────
2026-10-05 23:55:12  [90m23:50:03 Anuncios da loja: video 1 visto.[0m
2026-10-05 23:55:12  [90m23:51:21 Anuncios da loja: video 2 visto.[0m
2026-10-05 23:55:12  [90m23:52:23 Anuncios da loja: video 3 visto.[0m
2026-10-05 23:55:12  [90m23:53:17 Anuncios da loja: video 4 visto.[0m
2026-10-05 23:55:12  [90m23:54:03 Anuncios da loja: video 5 visto.[0m
2026-10-05 23:55:12  Ctrl+C para parar
2026-10-05 23:55:12  [H[J OSMbot · A TRABALHAR · Windows                           23:54:42
2026-10-05 23:55:12  ──────────────────────────────────────────────────────────────────
2026-10-05 23:55:12  À espera  treino acaba 01:48 (em 1h53)
2026-10-05 23:55:12  [32m REAL BETIS   1.º Spain   jogo em 21h14   slots 4/4[0m
2026-10-05 23:55:12  Haaland        ATA    3h53  █████████░░░░░░░░░
2026-10-05 23:55:12  de Jong        MED    3h53  █████████░░░░░░░░░
2026-10-05 23:55:12  Gabriel        DEF    3h53  █████████░░░░░░░░░
2026-10-05 23:55:12  Donnarumma     GR     3h53  █████████░░░░░░░░░
2026-10-05 23:55:12  [32m FC VAN   4.º Armenia   jogo em 18h42   slots 4/4[0m
2026-10-05 23:55:12  Knauff         ATA    1h53  ██████████████░░░░
2026-10-05 23:55:12  K. Koné        MED    3h53  █████████░░░░░░░░░
2026-10-05 23:55:12  Mendes         DEF    3h53  █████████░░░░░░░░░
2026-10-05 23:55:12  Livakovic      GR     1h53  ██████████████░░░░
2026-10-05 23:55:12  Boss coins 2454    Anúncios: loja ✓  treino ✓
2026-10-05 23:55:12  desde o arranque (0h05) · saldo +0 boss coins · loja 5 vídeo(s) · treino 0 vídeo(s) · 0 recolhido(s) · 0 posto(s) a treinar
2026-10-05 23:55:12  ──────────────────────────────────────────────────────────────────
2026-10-05 23:55:12  [90m23:50:03 Anuncios da loja: video 1 visto.[0m
2026-10-05 23:55:12  [90m23:51:21 Anuncios da loja: video 2 visto.[0m
2026-10-05 23:55:12  [90m23:52:23 Anuncios da loja: video 3 visto.[0m
2026-10-05 23:55:12  [90m23:53:17 Anuncios da loja: video 4 visto.[0m
2026-10-05 23:55:12  [90m23:54:03 Anuncios da loja: video 5 visto.[0m
2026-10-05 23:55:12  Ctrl+C para parar
2026-10-05 23:55:12  [H[J OSMbot · A TRABALHAR · Windows                           23:54:43
2026-10-05 23:55:12  ──────────────────────────────────────────────────────────────────
2026-10-05 23:55:12  À espera  treino acaba 01:48 (em 1h53)
2026-10-05 23:55:12  [32m REAL BETIS   1.º Spain   jogo em 21h14   slots 4/4[0m
2026-10-05 23:55:12  Haaland        ATA    3h53  █████████░░░░░░░░░
2026-10-05 23:55:12  de Jong        MED    3h53  █████████░░░░░░░░░
2026-10-05 23:55:12  Gabriel        DEF    3h53  █████████░░░░░░░░░
2026-10-05 23:55:12  Donnarumma     GR     3h53  █████████░░░░░░░░░
2026-10-05 23:55:12  [32m FC VAN   4.º Armenia   jogo em 18h42   slots 4/4[0m
2026-10-05 23:55:12  Knauff         ATA    1h53  ██████████████░░░░
2026-10-05 23:55:12  K. Koné        MED    3h53  █████████░░░░░░░░░
2026-10-05 23:55:12  Mendes         DEF    3h53  █████████░░░░░░░░░
2026-10-05 23:55:12  Livakovic      GR     1h53  ██████████████░░░░
2026-10-05 23:55:12  Boss coins 2454    Anúncios: loja ✓  treino ✓
2026-10-05 23:55:12  desde o arranque (0h05) · saldo +0 boss coins · loja 5 vídeo(s) · treino 0 vídeo(s) · 0 recolhido(s) · 0 posto(s) a treinar
2026-10-05 23:55:12  ──────────────────────────────────────────────────────────────────
2026-10-05 23:55:12  [90m23:50:03 Anuncios da loja: video 1 visto.[0m
2026-10-05 23:55:12  [90m23:51:21 Anuncios da loja: video 2 visto.[0m
2026-10-05 23:55:12  [90m23:52:23 Anuncios da loja: video 3 visto.[0m
2026-10-05 23:55:12  [90m23:53:17 Anuncios da loja: video 4 visto.[0m
2026-10-05 23:55:12  [90m23:54:03 Anuncios da loja: video 5 visto.[0m
2026-10-05 23:55:12  Ctrl+C para parar
2026-10-05 23:55:12  [H[J OSMbot · A TRABALHAR · Windows                           23:54:44
2026-10-05 23:55:12  ──────────────────────────────────────────────────────────────────
2026-10-05 23:55:12  À espera  treino acaba 01:48 (em 1h53)
2026-10-05 23:55:12  [32m REAL BETIS   1.º Spain   jogo em 21h14   slots 4/4[0m
2026-10-05 23:55:12  Haaland        ATA    3h53  █████████░░░░░░░░░
2026-10-05 23:55:12  de Jong        MED    3h53  █████████░░░░░░░░░
2026-10-05 23:55:12  Gabriel        DEF    3h53  █████████░░░░░░░░░
2026-10-05 23:55:12  Donnarumma     GR     3h53  █████████░░░░░░░░░
2026-10-05 23:55:12  [32m FC VAN   4.º Armenia   jogo em 18h42   slots 4/4[0m
2026-10-05 23:55:12  Knauff         ATA    1h53  ██████████████░░░░
2026-10-05 23:55:12  K. Koné        MED    3h53  █████████░░░░░░░░░
2026-10-05 23:55:12  Mendes         DEF    3h53  █████████░░░░░░░░░
2026-10-05 23:55:12  Livakovic      GR     1h53  ██████████████░░░░
2026-10-05 23:55:12  Boss coins 2454    Anúncios: loja ✓  treino ✓
2026-10-05 23:55:12  desde o arranque (0h05) · saldo +0 boss coins · loja 5 vídeo(s) · treino 0 vídeo(s) · 0 recolhido(s) · 0 posto(s) a treinar
2026-10-05 23:55:12  ──────────────────────────────────────────────────────────────────
2026-10-05 23:55:12  [90m23:50:03 Anuncios da loja: video 1 visto.[0m
2026-10-05 23:55:12  [90m23:51:21 Anuncios da loja: video 2 visto.[0m
2026-10-05 23:55:12  [90m23:52:23 Anuncios da loja: video 3 visto.[0m
2026-10-05 23:55:12  [90m23:53:17 Anuncios da loja: video 4 visto.[0m
2026-10-05 23:55:12  [90m23:54:03 Anuncios da loja: video 5 visto.[0m
2026-10-05 23:55:12  Ctrl+C para parar
2026-10-05 23:55:12  [H[J OSMbot · A TRABALHAR · Windows                           23:54:45
2026-10-05 23:55:12  ──────────────────────────────────────────────────────────────────
2026-10-05 23:55:12  À espera  treino acaba 01:48 (em 1h53)
2026-10-05 23:55:12  [32m REAL BETIS   1.º Spain   jogo em 21h14   slots 4/4[0m
2026-10-05 23:55:12  Haaland        ATA    3h53  █████████░░░░░░░░░
2026-10-05 23:55:12  de Jong        MED    3h53  █████████░░░░░░░░░
2026-10-05 23:55:12  Gabriel        DEF    3h53  █████████░░░░░░░░░
2026-10-05 23:55:12  Donnarumma     GR     3h53  █████████░░░░░░░░░
2026-10-05 23:55:12  [32m FC VAN   4.º Armenia   jogo em 18h42   slots 4/4[0m
2026-10-05 23:55:12  Knauff         ATA    1h53  ██████████████░░░░
2026-10-05 23:55:12  K. Koné        MED    3h53  █████████░░░░░░░░░
2026-10-05 23:55:12  Mendes         DEF    3h53  █████████░░░░░░░░░
2026-10-05 23:55:12  Livakovic      GR     1h53  ██████████████░░░░
2026-10-05 23:55:12  Boss coins 2454    Anúncios: loja ✓  treino ✓
2026-10-05 23:55:12  desde o arranque (0h05) · saldo +0 boss coins · loja 5 vídeo(s) · treino 0 vídeo(s) · 0 recolhido(s) · 0 posto(s) a treinar
2026-10-05 23:55:12  ──────────────────────────────────────────────────────────────────
2026-10-05 23:55:12  [90m23:50:03 Anuncios da loja: video 1 visto.[0m
2026-10-05 23:55:12  [90m23:51:21 Anuncios da loja: video 2 visto.[0m
2026-10-05 23:55:12  [90m23:52:23 Anuncios da loja: video 3 visto.[0m
2026-10-05 23:55:12  [90m23:53:17 Anuncios da loja: video 4 visto.[0m
2026-10-05 23:55:12  [90m23:54:03 Anuncios da loja: video 5 visto.[0m
2026-10-05 23:55:12  Ctrl+C para parar
2026-10-05 23:55:12  [H[J OSMbot · A TRABALHAR · Windows                           23:54:46
2026-10-05 23:55:12  ──────────────────────────────────────────────────────────────────
2026-10-05 23:55:12  À espera  treino acaba 01:48 (em 1h53)
2026-10-05 23:55:12  [32m REAL BETIS   1.º Spain   jogo em 21h14   slots 4/4[0m
2026-10-05 23:55:12  Haaland        ATA    3h53  █████████░░░░░░░░░
2026-10-05 23:55:12  de Jong        MED    3h53  █████████░░░░░░░░░
2026-10-05 23:55:12  Gabriel        DEF    3h53  █████████░░░░░░░░░
2026-10-05 23:55:12  Donnarumma     GR     3h53  █████████░░░░░░░░░
2026-10-05 23:55:12  [32m FC VAN   4.º Armenia   jogo em 18h42   slots 4/4[0m
2026-10-05 23:55:12  Knauff         ATA    1h53  ██████████████░░░░
2026-10-05 23:55:12  K. Koné        MED    3h53  █████████░░░░░░░░░
2026-10-05 23:55:12  Mendes         DEF    3h53  █████████░░░░░░░░░
2026-10-05 23:55:12  Livakovic      GR     1h53  ██████████████░░░░
2026-10-05 23:55:12  Boss coins 2454    Anúncios: loja ✓  treino ✓
2026-10-05 23:55:12  desde o arranque (0h05) · saldo +0 boss coins · loja 5 vídeo(s) · treino 0 vídeo(s) · 0 recolhido(s) · 0 posto(s) a treinar
2026-10-05 23:55:12  ──────────────────────────────────────────────────────────────────
2026-10-05 23:55:12  [90m23:50:03 Anuncios da loja: video 1 visto.[0m
2026-10-05 23:55:12  [90m23:51:21 Anuncios da loja: video 2 visto.[0m
2026-10-05 23:55:12  [90m23:52:23 Anuncios da loja: video 3 visto.[0m
2026-10-05 23:55:12  [90m23:53:17 Anuncios da loja: video 4 visto.[0m
2026-10-05 23:55:12  [90m23:54:03 Anuncios da loja: video 5 visto.[0m
2026-10-05 23:55:12  Ctrl+C para parar
2026-10-05 23:55:12  [H[J OSMbot · A TRABALHAR · Windows                           23:54:47
2026-10-05 23:55:12  ──────────────────────────────────────────────────────────────────
2026-10-05 23:55:12  À espera  treino acaba 01:48 (em 1h53)
2026-10-05 23:55:12  [32m REAL BETIS   1.º Spain   jogo em 21h14   slots 4/4[0m
2026-10-05 23:55:12  Haaland        ATA    3h53  █████████░░░░░░░░░
2026-10-05 23:55:12  de Jong        MED    3h53  █████████░░░░░░░░░
2026-10-05 23:55:12  Gabriel        DEF    3h53  █████████░░░░░░░░░
2026-10-05 23:55:12  Donnarumma     GR     3h53  █████████░░░░░░░░░
2026-10-05 23:55:12  [32m FC VAN   4.º Armenia   jogo em 18h42   slots 4/4[0m
2026-10-05 23:55:12  Knauff         ATA    1h53  ██████████████░░░░
2026-10-05 23:55:12  K. Koné        MED    3h53  █████████░░░░░░░░░
2026-10-05 23:55:12  Mendes         DEF    3h53  █████████░░░░░░░░░
2026-10-05 23:55:12  Livakovic      GR     1h53  ██████████████░░░░
2026-10-05 23:55:12  Boss coins 2454    Anúncios: loja ✓  treino ✓
2026-10-05 23:55:12  desde o arranque (0h05) · saldo +0 boss coins · loja 5 vídeo(s) · treino 0 vídeo(s) · 0 recolhido(s) · 0 posto(s) a treinar
2026-10-05 23:55:12  ──────────────────────────────────────────────────────────────────
2026-10-05 23:55:12  [90m23:50:03 Anuncios da loja: video 1 visto.[0m
2026-10-05 23:55:12  [90m23:51:21 Anuncios da loja: video 2 visto.[0m
2026-10-05 23:55:12  [90m23:52:23 Anuncios da loja: video 3 visto.[0m
2026-10-05 23:55:12  [90m23:53:17 Anuncios da loja: video 4 visto.[0m
2026-10-05 23:55:12  [90m23:54:03 Anuncios da loja: video 5 visto.[0m
2026-10-05 23:55:12  Ctrl+C para parar
2026-10-05 23:55:12  [H[J OSMbot · A TRABALHAR · Windows                           23:54:48
2026-10-05 23:55:12  ──────────────────────────────────────────────────────────────────
2026-10-05 23:55:12  À espera  treino acaba 01:48 (em 1h53)
2026-10-05 23:55:12  [32m REAL BETIS   1.º Spain   jogo em 21h14   slots 4/4[0m
2026-10-05 23:55:12  Haaland        ATA    3h53  █████████░░░░░░░░░
2026-10-05 23:55:12  de Jong        MED    3h53  █████████░░░░░░░░░
2026-10-05 23:55:12  Gabriel        DEF    3h53  █████████░░░░░░░░░
2026-10-05 23:55:12  Donnarumma     GR     3h53  █████████░░░░░░░░░
2026-10-05 23:55:12  [32m FC VAN   4.º Armenia   jogo em 18h41   slots 4/4[0m
2026-10-05 23:55:12  Knauff         ATA    1h53  ██████████████░░░░
2026-10-05 23:55:12  K. Koné        MED    3h53  █████████░░░░░░░░░
2026-10-05 23:55:12  Mendes         DEF    3h53  █████████░░░░░░░░░
2026-10-05 23:55:12  Livakovic      GR     1h53  ██████████████░░░░
2026-10-05 23:55:12  Boss coins 2454    Anúncios: loja ✓  treino ✓
2026-10-05 23:55:12  desde o arranque (0h05) · saldo +0 boss coins · loja 5 vídeo(s) · treino 0 vídeo(s) · 0 recolhido(s) · 0 posto(s) a treinar
2026-10-05 23:55:12  ──────────────────────────────────────────────────────────────────
2026-10-05 23:55:12  [90m23:50:03 Anuncios da loja: video 1 visto.[0m
2026-10-05 23:55:12  [90m23:51:21 Anuncios da loja: video 2 visto.[0m
2026-10-05 23:55:12  [90m23:52:23 Anuncios da loja: video 3 visto.[0m
2026-10-05 23:55:12  [90m23:53:17 Anuncios da loja: video 4 visto.[0m
2026-10-05 23:55:12  [90m23:54:03 Anuncios da loja: video 5 visto.[0m
2026-10-05 23:55:12  Ctrl+C para parar
2026-10-05 23:55:12  [H[J OSMbot · A TRABALHAR · Windows                           23:54:49
2026-10-05 23:55:12  ──────────────────────────────────────────────────────────────────
2026-10-05 23:55:12  À espera  treino acaba 01:48 (em 1h53)
2026-10-05 23:55:12  [32m REAL BETIS   1.º Spain   jogo em 21h14   slots 4/4[0m
2026-10-05 23:55:12  Haaland        ATA    3h53  █████████░░░░░░░░░
2026-10-05 23:55:12  de Jong        MED    3h53  █████████░░░░░░░░░
2026-10-05 23:55:12  Gabriel        DEF    3h53  █████████░░░░░░░░░
2026-10-05 23:55:12  Donnarumma     GR     3h53  █████████░░░░░░░░░
2026-10-05 23:55:12  [32m FC VAN   4.º Armenia   jogo em 18h41   slots 4/4[0m
2026-10-05 23:55:12  Knauff         ATA    1h53  ██████████████░░░░
2026-10-05 23:55:12  K. Koné        MED    3h53  █████████░░░░░░░░░
2026-10-05 23:55:12  Mendes         DEF    3h53  █████████░░░░░░░░░
2026-10-05 23:55:12  Livakovic      GR     1h53  ██████████████░░░░
2026-10-05 23:55:12  Boss coins 2454    Anúncios: loja ✓  treino ✓
2026-10-05 23:55:12  desde o arranque (0h05) · saldo +0 boss coins · loja 5 vídeo(s) · treino 0 vídeo(s) · 0 recolhido(s) · 0 posto(s) a treinar
2026-10-05 23:55:12  ──────────────────────────────────────────────────────────────────
2026-10-05 23:55:12  [90m23:50:03 Anuncios da loja: video 1 visto.[0m
2026-10-05 23:55:12  [90m23:51:21 Anuncios da loja: video 2 visto.[0m
2026-10-05 23:55:12  [90m23:52:23 Anuncios da loja: video 3 visto.[0m
2026-10-05 23:55:12  [90m23:53:17 Anuncios da loja: video 4 visto.[0m
2026-10-05 23:55:12  [90m23:54:03 Anuncios da loja: video 5 visto.[0m
2026-10-05 23:55:12  Ctrl+C para parar
2026-10-05 23:55:12  [H[J OSMbot · A TRABALHAR · Windows                           23:54:50
2026-10-05 23:55:12  ──────────────────────────────────────────────────────────────────
2026-10-05 23:55:12  À espera  treino acaba 01:48 (em 1h53)
2026-10-05 23:55:12  [32m REAL BETIS   1.º Spain   jogo em 21h14   slots 4/4[0m
2026-10-05 23:55:12  Haaland        ATA    3h53  █████████░░░░░░░░░
2026-10-05 23:55:12  de Jong        MED    3h53  █████████░░░░░░░░░
2026-10-05 23:55:12  Gabriel        DEF    3h53  █████████░░░░░░░░░
2026-10-05 23:55:12  Donnarumma     GR     3h53  █████████░░░░░░░░░
2026-10-05 23:55:12  [32m FC VAN   4.º Armenia   jogo em 18h41   slots 4/4[0m
2026-10-05 23:55:12  Knauff         ATA    1h53  ██████████████░░░░
2026-10-05 23:55:12  K. Koné        MED    3h53  █████████░░░░░░░░░
2026-10-05 23:55:12  Mendes         DEF    3h53  █████████░░░░░░░░░
2026-10-05 23:55:12  Livakovic      GR     1h53  ██████████████░░░░
2026-10-05 23:55:12  Boss coins 2454    Anúncios: loja ✓  treino ✓
2026-10-05 23:55:12  desde o arranque (0h05) · saldo +0 boss coins · loja 5 vídeo(s) · treino 0 vídeo(s) · 0 recolhido(s) · 0 posto(s) a treinar
2026-10-05 23:55:12  ──────────────────────────────────────────────────────────────────
2026-10-05 23:55:12  [90m23:50:03 Anuncios da loja: video 1 visto.[0m
2026-10-05 23:55:12  [90m23:51:21 Anuncios da loja: video 2 visto.[0m
2026-10-05 23:55:12  [90m23:52:23 Anuncios da loja: video 3 visto.[0m
2026-10-05 23:55:12  [90m23:53:17 Anuncios da loja: video 4 visto.[0m
2026-10-05 23:55:12  [90m23:54:03 Anuncios da loja: video 5 visto.[0m
2026-10-05 23:55:12  Ctrl+C para parar
2026-10-05 23:55:12  [H[J OSMbot · A TRABALHAR · Windows                           23:54:51
2026-10-05 23:55:12  ──────────────────────────────────────────────────────────────────
2026-10-05 23:55:12  À espera  treino acaba 01:48 (em 1h53)
2026-10-05 23:55:12  [32m REAL BETIS   1.º Spain   jogo em 21h14   slots 4/4[0m
2026-10-05 23:55:12  Haaland        ATA    3h53  █████████░░░░░░░░░
2026-10-05 23:55:12  de Jong        MED    3h53  █████████░░░░░░░░░
2026-10-05 23:55:12  Gabriel        DEF    3h53  █████████░░░░░░░░░
2026-10-05 23:55:12  Donnarumma     GR     3h53  █████████░░░░░░░░░
2026-10-05 23:55:12  [32m FC VAN   4.º Armenia   jogo em 18h41   slots 4/4[0m
2026-10-05 23:55:12  Knauff         ATA    1h53  ██████████████░░░░
2026-10-05 23:55:12  K. Koné        MED    3h53  █████████░░░░░░░░░
2026-10-05 23:55:12  Mendes         DEF    3h53  █████████░░░░░░░░░
2026-10-05 23:55:12  Livakovic      GR     1h53  ██████████████░░░░
2026-10-05 23:55:12  Boss coins 2454    Anúncios: loja ✓  treino ✓
2026-10-05 23:55:12  desde o arranque (0h05) · saldo +0 boss coins · loja 5 vídeo(s) · treino 0 vídeo(s) · 0 recolhido(s) · 0 posto(s) a treinar
2026-10-05 23:55:12  ──────────────────────────────────────────────────────────────────
2026-10-05 23:55:12  [90m23:50:03 Anuncios da loja: video 1 visto.[0m
2026-10-05 23:55:12  [90m23:51:21 Anuncios da loja: video 2 visto.[0m
2026-10-05 23:55:12  [90m23:52:23 Anuncios da loja: video 3 visto.[0m
2026-10-05 23:55:12  [90m23:53:17 Anuncios da loja: video 4 visto.[0m
2026-10-05 23:55:12  [90m23:54:03 Anuncios da loja: video 5 visto.[0m
2026-10-05 23:55:12  Ctrl+C para parar
2026-10-05 23:55:12  [H[J OSMbot · A TRABALHAR · Windows                           23:54:52
2026-10-05 23:55:12  ──────────────────────────────────────────────────────────────────
2026-10-05 23:55:12  À espera  treino acaba 01:48 (em 1h53)
2026-10-05 23:55:12  [32m REAL BETIS   1.º Spain   jogo em 21h14   slots 4/4[0m
2026-10-05 23:55:12  Haaland        ATA    3h53  █████████░░░░░░░░░
2026-10-05 23:55:12  de Jong        MED    3h53  █████████░░░░░░░░░
2026-10-05 23:55:12  Gabriel        DEF    3h53  █████████░░░░░░░░░
2026-10-05 23:55:12  Donnarumma     GR     3h53  █████████░░░░░░░░░
2026-10-05 23:55:12  [32m FC VAN   4.º Armenia   jogo em 18h41   slots 4/4[0m
2026-10-05 23:55:12  Knauff         ATA    1h53  ██████████████░░░░
2026-10-05 23:55:12  K. Koné        MED    3h53  █████████░░░░░░░░░
2026-10-05 23:55:12  Mendes         DEF    3h53  █████████░░░░░░░░░
2026-10-05 23:55:12  Livakovic      GR     1h53  ██████████████░░░░
2026-10-05 23:55:12  Boss coins 2454    Anúncios: loja ✓  treino ✓
2026-10-05 23:55:12  desde o arranque (0h05) · saldo +0 boss coins · loja 5 vídeo(s) · treino 0 vídeo(s) · 0 recolhido(s) · 0 posto(s) a treinar
2026-10-05 23:55:12  ──────────────────────────────────────────────────────────────────
2026-10-05 23:55:12  [90m23:50:03 Anuncios da loja: video 1 visto.[0m
2026-10-05 23:55:12  [90m23:51:21 Anuncios da loja: video 2 visto.[0m
2026-10-05 23:55:12  [90m23:52:23 Anuncios da loja: video 3 visto.[0m
2026-10-05 23:55:12  [90m23:53:17 Anuncios da loja: video 4 visto.[0m
2026-10-05 23:55:12  [90m23:54:03 Anuncios da loja: video 5 visto.[0m
2026-10-05 23:55:12  Ctrl+C para parar
2026-10-05 23:55:12  [H[J OSMbot · A TRABALHAR · Windows                           23:54:53
2026-10-05 23:55:12  ──────────────────────────────────────────────────────────────────
2026-10-05 23:55:12  À espera  treino acaba 01:48 (em 1h53)
2026-10-05 23:55:12  [32m REAL BETIS   1.º Spain   jogo em 21h14   slots 4/4[0m
2026-10-05 23:55:12  Haaland        ATA    3h52  █████████░░░░░░░░░
2026-10-05 23:55:12  de Jong        MED    3h53  █████████░░░░░░░░░
2026-10-05 23:55:12  Gabriel        DEF    3h53  █████████░░░░░░░░░
2026-10-05 23:55:12  Donnarumma     GR     3h53  █████████░░░░░░░░░
2026-10-05 23:55:12  [32m FC VAN   4.º Armenia   jogo em 18h41   slots 4/4[0m
2026-10-05 23:55:12  Knauff         ATA    1h53  ██████████████░░░░
2026-10-05 23:55:12  K. Koné        MED    3h53  █████████░░░░░░░░░
2026-10-05 23:55:12  Mendes         DEF    3h53  █████████░░░░░░░░░
2026-10-05 23:55:12  Livakovic      GR     1h53  ██████████████░░░░
2026-10-05 23:55:12  Boss coins 2454    Anúncios: loja ✓  treino ✓
2026-10-05 23:55:12  desde o arranque (0h05) · saldo +0 boss coins · loja 5 vídeo(s) · treino 0 vídeo(s) · 0 recolhido(s) · 0 posto(s) a treinar
2026-10-05 23:55:12  ──────────────────────────────────────────────────────────────────
2026-10-05 23:55:12  [90m23:50:03 Anuncios da loja: video 1 visto.[0m
2026-10-05 23:55:12  [90m23:51:21 Anuncios da loja: video 2 visto.[0m
2026-10-05 23:55:12  [90m23:52:23 Anuncios da loja: video 3 visto.[0m
2026-10-05 23:55:12  [90m23:53:17 Anuncios da loja: video 4 visto.[0m
2026-10-05 23:55:12  [90m23:54:03 Anuncios da loja: video 5 visto.[0m
2026-10-05 23:55:12  Ctrl+C para parar
2026-10-05 23:55:12  [H[J OSMbot · A TRABALHAR · Windows                           23:54:54
2026-10-05 23:55:12  ──────────────────────────────────────────────────────────────────
2026-10-05 23:55:12  À espera  treino acaba 01:48 (em 1h53)
2026-10-05 23:55:12  [32m REAL BETIS   1.º Spain   jogo em 21h14   slots 4/4[0m
2026-10-05 23:55:12  Haaland        ATA    3h52  █████████░░░░░░░░░
2026-10-05 23:55:12  de Jong        MED    3h53  █████████░░░░░░░░░
2026-10-05 23:55:12  Gabriel        DEF    3h53  █████████░░░░░░░░░
2026-10-05 23:55:12  Donnarumma     GR     3h53  █████████░░░░░░░░░
2026-10-05 23:55:12  [32m FC VAN   4.º Armenia   jogo em 18h41   slots 4/4[0m
2026-10-05 23:55:12  Knauff         ATA    1h53  ██████████████░░░░
2026-10-05 23:55:12  K. Koné        MED    3h53  █████████░░░░░░░░░
2026-10-05 23:55:12  Mendes         DEF    3h53  █████████░░░░░░░░░
2026-10-05 23:55:12  Livakovic      GR     1h53  ██████████████░░░░
2026-10-05 23:55:12  Boss coins 2454    Anúncios: loja ✓  treino ✓
2026-10-05 23:55:12  desde o arranque (0h05) · saldo +0 boss coins · loja 5 vídeo(s) · treino 0 vídeo(s) · 0 recolhido(s) · 0 posto(s) a treinar
2026-10-05 23:55:12  ──────────────────────────────────────────────────────────────────
2026-10-05 23:55:12  [90m23:50:03 Anuncios da loja: video 1 visto.[0m
2026-10-05 23:55:12  [90m23:51:21 Anuncios da loja: video 2 visto.[0m
2026-10-05 23:55:12  [90m23:52:23 Anuncios da loja: video 3 visto.[0m
2026-10-05 23:55:12  [90m23:53:17 Anuncios da loja: video 4 visto.[0m
2026-10-05 23:55:12  [90m23:54:03 Anuncios da loja: video 5 visto.[0m
2026-10-05 23:55:12  Ctrl+C para parar
2026-10-05 23:55:12  [H[J OSMbot · A TRABALHAR · Windows                           23:54:55
2026-10-05 23:55:12  ──────────────────────────────────────────────────────────────────
2026-10-05 23:55:12  À espera  treino acaba 01:48 (em 1h53)
2026-10-05 23:55:12  [32m REAL BETIS   1.º Spain   jogo em 21h14   slots 4/4[0m
2026-10-05 23:55:12  Haaland        ATA    3h52  █████████░░░░░░░░░
2026-10-05 23:55:12  de Jong        MED    3h52  █████████░░░░░░░░░
2026-10-05 23:55:12  Gabriel        DEF    3h53  █████████░░░░░░░░░
2026-10-05 23:55:12  Donnarumma     GR     3h53  █████████░░░░░░░░░
2026-10-05 23:55:12  [32m FC VAN   4.º Armenia   jogo em 18h41   slots 4/4[0m
2026-10-05 23:55:12  Knauff         ATA    1h53  ██████████████░░░░
2026-10-05 23:55:12  K. Koné        MED    3h53  █████████░░░░░░░░░
2026-10-05 23:55:12  Mendes         DEF    3h53  █████████░░░░░░░░░
2026-10-05 23:55:12  Livakovic      GR     1h53  ██████████████░░░░
2026-10-05 23:55:12  Boss coins 2454    Anúncios: loja ✓  treino ✓
2026-10-05 23:55:12  desde o arranque (0h05) · saldo +0 boss coins · loja 5 vídeo(s) · treino 0 vídeo(s) · 0 recolhido(s) · 0 posto(s) a treinar
2026-10-05 23:55:12  ──────────────────────────────────────────────────────────────────
2026-10-05 23:55:12  [90m23:50:03 Anuncios da loja: video 1 visto.[0m
2026-10-05 23:55:12  [90m23:51:21 Anuncios da loja: video 2 visto.[0m
2026-10-05 23:55:12  [90m23:52:23 Anuncios da loja: video 3 visto.[0m
2026-10-05 23:55:12  [90m23:53:17 Anuncios da loja: video 4 visto.[0m
2026-10-05 23:55:12  [90m23:54:03 Anuncios da loja: video 5 visto.[0m
2026-10-05 23:55:12  Ctrl+C para parar
2026-10-05 23:55:12  [H[J OSMbot · A TRABALHAR · Windows                           23:54:56
2026-10-05 23:55:12  ──────────────────────────────────────────────────────────────────
2026-10-05 23:55:12  À espera  treino acaba 01:48 (em 1h53)
2026-10-05 23:55:12  [32m REAL BETIS   1.º Spain   jogo em 21h14   slots 4/4[0m
2026-10-05 23:55:12  Haaland        ATA    3h52  █████████░░░░░░░░░
2026-10-05 23:55:12  de Jong        MED    3h52  █████████░░░░░░░░░
2026-10-05 23:55:12  Gabriel        DEF    3h53  █████████░░░░░░░░░
2026-10-05 23:55:12  Donnarumma     GR     3h53  █████████░░░░░░░░░
2026-10-05 23:55:12  [32m FC VAN   4.º Armenia   jogo em 18h41   slots 4/4[0m
2026-10-05 23:55:12  Knauff         ATA    1h53  ██████████████░░░░
2026-10-05 23:55:12  K. Koné        MED    3h53  █████████░░░░░░░░░
2026-10-05 23:55:12  Mendes         DEF    3h53  █████████░░░░░░░░░
2026-10-05 23:55:12  Livakovic      GR     1h53  ██████████████░░░░
2026-10-05 23:55:12  Boss coins 2454    Anúncios: loja ✓  treino ✓
2026-10-05 23:55:12  desde o arranque (0h05) · saldo +0 boss coins · loja 5 vídeo(s) · treino 0 vídeo(s) · 0 recolhido(s) · 0 posto(s) a treinar
2026-10-05 23:55:12  ──────────────────────────────────────────────────────────────────
2026-10-05 23:55:12  [90m23:50:03 Anuncios da loja: video 1 visto.[0m
2026-10-05 23:55:12  [90m23:51:21 Anuncios da loja: video 2 visto.[0m
2026-10-05 23:55:12  [90m23:52:23 Anuncios da loja: video 3 visto.[0m
2026-10-05 23:55:12  [90m23:53:17 Anuncios da loja: video 4 visto.[0m
2026-10-05 23:55:12  [90m23:54:03 Anuncios da loja: video 5 visto.[0m
2026-10-05 23:55:12  Ctrl+C para parar
2026-10-05 23:55:12  [H[J OSMbot · A TRABALHAR · Windows                           23:54:57
2026-10-05 23:55:12  ──────────────────────────────────────────────────────────────────
2026-10-05 23:55:12  À espera  treino acaba 01:48 (em 1h53)
2026-10-05 23:55:12  [32m REAL BETIS   1.º Spain   jogo em 21h14   slots 4/4[0m
2026-10-05 23:55:12  Haaland        ATA    3h52  █████████░░░░░░░░░
2026-10-05 23:55:12  de Jong        MED    3h52  █████████░░░░░░░░░
2026-10-05 23:55:12  Gabriel        DEF    3h52  █████████░░░░░░░░░
2026-10-05 23:55:12  Donnarumma     GR     3h53  █████████░░░░░░░░░
2026-10-05 23:55:12  [32m FC VAN   4.º Armenia   jogo em 18h41   slots 4/4[0m
2026-10-05 23:55:12  Knauff         ATA    1h53  ██████████████░░░░
2026-10-05 23:55:12  K. Koné        MED    3h53  █████████░░░░░░░░░
2026-10-05 23:55:12  Mendes         DEF    3h53  █████████░░░░░░░░░
2026-10-05 23:55:12  Livakovic      GR     1h53  ██████████████░░░░
2026-10-05 23:55:12  Boss coins 2454    Anúncios: loja ✓  treino ✓
2026-10-05 23:55:12  desde o arranque (0h05) · saldo +0 boss coins · loja 5 vídeo(s) · treino 0 vídeo(s) · 0 recolhido(s) · 0 posto(s) a treinar
2026-10-05 23:55:12  ──────────────────────────────────────────────────────────────────
2026-10-05 23:55:12  [90m23:50:03 Anuncios da loja: video 1 visto.[0m
2026-10-05 23:55:12  [90m23:51:21 Anuncios da loja: video 2 visto.[0m
2026-10-05 23:55:12  [90m23:52:23 Anuncios da loja: video 3 visto.[0m
2026-10-05 23:55:12  [90m23:53:17 Anuncios da loja: video 4 visto.[0m
2026-10-05 23:55:12  [90m23:54:03 Anuncios da loja: video 5 visto.[0m
2026-10-05 23:55:12  Ctrl+C para parar
2026-10-05 23:55:12  [H[J OSMbot · A TRABALHAR · Windows                           23:54:58
2026-10-05 23:55:12  ──────────────────────────────────────────────────────────────────
2026-10-05 23:55:12  À espera  treino acaba 01:48 (em 1h53)
2026-10-05 23:55:12  [32m REAL BETIS   1.º Spain   jogo em 21h14   slots 4/4[0m
2026-10-05 23:55:12  Haaland        ATA    3h52  █████████░░░░░░░░░
2026-10-05 23:55:12  de Jong        MED    3h52  █████████░░░░░░░░░
2026-10-05 23:55:12  Gabriel        DEF    3h52  █████████░░░░░░░░░
2026-10-05 23:55:12  Donnarumma     GR     3h53  █████████░░░░░░░░░
2026-10-05 23:55:12  [32m FC VAN   4.º Armenia   jogo em 18h41   slots 4/4[0m
2026-10-05 23:55:12  Knauff         ATA    1h53  ██████████████░░░░
2026-10-05 23:55:12  K. Koné        MED    3h53  █████████░░░░░░░░░
2026-10-05 23:55:12  Mendes         DEF    3h53  █████████░░░░░░░░░
2026-10-05 23:55:12  Livakovic      GR     1h53  ██████████████░░░░
2026-10-05 23:55:12  Boss coins 2454    Anúncios: loja ✓  treino ✓
2026-10-05 23:55:12  desde o arranque (0h05) · saldo +0 boss coins · loja 5 vídeo(s) · treino 0 vídeo(s) · 0 recolhido(s) · 0 posto(s) a treinar
2026-10-05 23:55:12  ──────────────────────────────────────────────────────────────────
2026-10-05 23:55:12  [90m23:50:03 Anuncios da loja: video 1 visto.[0m
2026-10-05 23:55:12  [90m23:51:21 Anuncios da loja: video 2 visto.[0m
2026-10-05 23:55:12  [90m23:52:23 Anuncios da loja: video 3 visto.[0m
2026-10-05 23:55:12  [90m23:53:17 Anuncios da loja: video 4 visto.[0m
2026-10-05 23:55:12  [90m23:54:03 Anuncios da loja: video 5 visto.[0m
2026-10-05 23:55:12  Ctrl+C para parar
2026-10-05 23:55:12  [H[J OSMbot · A TRABALHAR · Windows                           23:54:59
2026-10-05 23:55:12  ──────────────────────────────────────────────────────────────────
2026-10-05 23:55:12  À espera  treino acaba 01:48 (em 1h53)
2026-10-05 23:55:12  [32m REAL BETIS   1.º Spain   jogo em 21h14   slots 4/4[0m
2026-10-05 23:55:12  Haaland        ATA    3h52  █████████░░░░░░░░░
2026-10-05 23:55:12  de Jong        MED    3h52  █████████░░░░░░░░░
2026-10-05 23:55:12  Gabriel        DEF    3h52  █████████░░░░░░░░░
2026-10-05 23:55:12  Donnarumma     GR     3h52  █████████░░░░░░░░░
2026-10-05 23:55:12  [32m FC VAN   4.º Armenia   jogo em 18h41   slots 4/4[0m
2026-10-05 23:55:12  Knauff         ATA    1h53  ██████████████░░░░
2026-10-05 23:55:12  K. Koné        MED    3h53  █████████░░░░░░░░░
2026-10-05 23:55:12  Mendes         DEF    3h53  █████████░░░░░░░░░
2026-10-05 23:55:12  Livakovic      GR     1h53  ██████████████░░░░
2026-10-05 23:55:12  Boss coins 2454    Anúncios: loja ✓  treino ✓
2026-10-05 23:55:12  desde o arranque (0h05) · saldo +0 boss coins · loja 5 vídeo(s) · treino 0 vídeo(s) · 0 recolhido(s) · 0 posto(s) a treinar
2026-10-05 23:55:12  ──────────────────────────────────────────────────────────────────
2026-10-05 23:55:12  [90m23:50:03 Anuncios da loja: video 1 visto.[0m
2026-10-05 23:55:12  [90m23:51:21 Anuncios da loja: video 2 visto.[0m
2026-10-05 23:55:12  [90m23:52:23 Anuncios da loja: video 3 visto.[0m
2026-10-05 23:55:12  [90m23:53:17 Anuncios da loja: video 4 visto.[0m
2026-10-05 23:55:12  [90m23:54:03 Anuncios da loja: video 5 visto.[0m
2026-10-05 23:55:12  Ctrl+C para parar
2026-10-05 23:55:12  [H[J OSMbot · A TRABALHAR · Windows                           23:55:00
2026-10-05 23:55:12  ──────────────────────────────────────────────────────────────────
2026-10-05 23:55:12  À espera  treino acaba 01:48 (em 1h53)
2026-10-05 23:55:12  [32m REAL BETIS   1.º Spain   jogo em 21h14   slots 4/4[0m
2026-10-05 23:55:12  Haaland        ATA    3h52  █████████░░░░░░░░░
2026-10-05 23:55:12  de Jong        MED    3h52  █████████░░░░░░░░░
2026-10-05 23:55:12  Gabriel        DEF    3h52  █████████░░░░░░░░░
2026-10-05 23:55:12  Donnarumma     GR     3h52  █████████░░░░░░░░░
2026-10-05 23:55:12  [32m FC VAN   4.º Armenia   jogo em 18h41   slots 4/4[0m
2026-10-05 23:55:12  Knauff         ATA    1h53  ██████████████░░░░
2026-10-05 23:55:12  K. Koné        MED    3h53  █████████░░░░░░░░░
2026-10-05 23:55:12  Mendes         DEF    3h53  █████████░░░░░░░░░
2026-10-05 23:55:12  Livakovic      GR     1h53  ██████████████░░░░
2026-10-05 23:55:12  Boss coins 2454    Anúncios: loja ✓  treino ✓
2026-10-05 23:55:12  desde o arranque (0h05) · saldo +0 boss coins · loja 5 vídeo(s) · treino 0 vídeo(s) · 0 recolhido(s) · 0 posto(s) a treinar
2026-10-05 23:55:12  ──────────────────────────────────────────────────────────────────
2026-10-05 23:55:12  [90m23:50:03 Anuncios da loja: video 1 visto.[0m
2026-10-05 23:55:12  [90m23:51:21 Anuncios da loja: video 2 visto.[0m
2026-10-05 23:55:12  [90m23:52:23 Anuncios da loja: video 3 visto.[0m
2026-10-05 23:55:12  [90m23:53:17 Anuncios da loja: video 4 visto.[0m
2026-10-05 23:55:12  [90m23:54:03 Anuncios da loja: video 5 visto.[0m
2026-10-05 23:55:12  Ctrl+C para parar
2026-10-05 23:55:12  [H[J OSMbot · A TRABALHAR · Windows                           23:55:01
2026-10-05 23:55:12  ──────────────────────────────────────────────────────────────────
2026-10-05 23:55:12  À espera  treino acaba 01:48 (em 1h53)
2026-10-05 23:55:12  [32m REAL BETIS   1.º Spain   jogo em 21h14   slots 4/4[0m
2026-10-05 23:55:12  Haaland        ATA    3h52  █████████░░░░░░░░░
2026-10-05 23:55:12  de Jong        MED    3h52  █████████░░░░░░░░░
2026-10-05 23:55:12  Gabriel        DEF    3h52  █████████░░░░░░░░░
2026-10-05 23:55:12  Donnarumma     GR     3h52  █████████░░░░░░░░░
2026-10-05 23:55:12  [32m FC VAN   4.º Armenia   jogo em 18h41   slots 4/4[0m
2026-10-05 23:55:12  Knauff         ATA    1h53  ██████████████░░░░
2026-10-05 23:55:12  K. Koné        MED    3h53  █████████░░░░░░░░░
2026-10-05 23:55:12  Mendes         DEF    3h53  █████████░░░░░░░░░
2026-10-05 23:55:12  Livakovic      GR     1h53  ██████████████░░░░
2026-10-05 23:55:12  Boss coins 2454    Anúncios: loja ✓  treino ✓
2026-10-05 23:55:12  desde o arranque (0h05) · saldo +0 boss coins · loja 5 vídeo(s) · treino 0 vídeo(s) · 0 recolhido(s) · 0 posto(s) a treinar
2026-10-05 23:55:12  ──────────────────────────────────────────────────────────────────
2026-10-05 23:55:12  [90m23:50:03 Anuncios da loja: video 1 visto.[0m
2026-10-05 23:55:12  [90m23:51:21 Anuncios da loja: video 2 visto.[0m
2026-10-05 23:55:12  [90m23:52:23 Anuncios da loja: video 3 visto.[0m
2026-10-05 23:55:12  [90m23:53:17 Anuncios da loja: video 4 visto.[0m
2026-10-05 23:55:12  [90m23:54:03 Anuncios da loja: video 5 visto.[0m
2026-10-05 23:55:12  Ctrl+C para parar
2026-10-05 23:55:12  [H[J OSMbot · A TRABALHAR · Windows                           23:55:02
2026-10-05 23:55:12  ──────────────────────────────────────────────────────────────────
2026-10-05 23:55:12  À espera  treino acaba 01:48 (em 1h52)
2026-10-05 23:55:12  [32m REAL BETIS   1.º Spain   jogo em 21h14   slots 4/4[0m
2026-10-05 23:55:12  Haaland        ATA    3h52  █████████░░░░░░░░░
2026-10-05 23:55:12  de Jong        MED    3h52  █████████░░░░░░░░░
2026-10-05 23:55:12  Gabriel        DEF    3h52  █████████░░░░░░░░░
2026-10-05 23:55:12  Donnarumma     GR     3h52  █████████░░░░░░░░░
2026-10-05 23:55:12  [32m FC VAN   4.º Armenia   jogo em 18h41   slots 4/4[0m
2026-10-05 23:55:12  Knauff         ATA    1h52  ██████████████░░░░
2026-10-05 23:55:12  K. Koné        MED    3h53  █████████░░░░░░░░░
2026-10-05 23:55:12  Mendes         DEF    3h53  █████████░░░░░░░░░
2026-10-05 23:55:12  Livakovic      GR     1h53  ██████████████░░░░
2026-10-05 23:55:12  Boss coins 2454    Anúncios: loja ✓  treino ✓
2026-10-05 23:55:12  desde o arranque (0h05) · saldo +0 boss coins · loja 5 vídeo(s) · treino 0 vídeo(s) · 0 recolhido(s) · 0 posto(s) a treinar
2026-10-05 23:55:12  ──────────────────────────────────────────────────────────────────
2026-10-05 23:55:12  [90m23:50:03 Anuncios da loja: video 1 visto.[0m
2026-10-05 23:55:12  [90m23:51:21 Anuncios da loja: video 2 visto.[0m
2026-10-05 23:55:12  [90m23:52:23 Anuncios da loja: video 3 visto.[0m
2026-10-05 23:55:12  [90m23:53:17 Anuncios da loja: video 4 visto.[0m
2026-10-05 23:55:12  [90m23:54:03 Anuncios da loja: video 5 visto.[0m
2026-10-05 23:55:12  Ctrl+C para parar
2026-10-05 23:55:12  [H[J OSMbot · A TRABALHAR · Windows                           23:55:03
2026-10-05 23:55:12  ──────────────────────────────────────────────────────────────────
2026-10-05 23:55:12  À espera  treino acaba 01:48 (em 1h52)
2026-10-05 23:55:12  [32m REAL BETIS   1.º Spain   jogo em 21h14   slots 4/4[0m
2026-10-05 23:55:12  Haaland        ATA    3h52  █████████░░░░░░░░░
2026-10-05 23:55:12  de Jong        MED    3h52  █████████░░░░░░░░░
2026-10-05 23:55:12  Gabriel        DEF    3h52  █████████░░░░░░░░░
2026-10-05 23:55:12  Donnarumma     GR     3h52  █████████░░░░░░░░░
2026-10-05 23:55:12  [32m FC VAN   4.º Armenia   jogo em 18h41   slots 4/4[0m
2026-10-05 23:55:12  Knauff         ATA    1h52  ██████████████░░░░
2026-10-05 23:55:12  K. Koné        MED    3h53  █████████░░░░░░░░░
2026-10-05 23:55:12  Mendes         DEF    3h53  █████████░░░░░░░░░
2026-10-05 23:55:12  Livakovic      GR     1h53  ██████████████░░░░
2026-10-05 23:55:12  Boss coins 2454    Anúncios: loja ✓  treino ✓
2026-10-05 23:55:12  desde o arranque (0h05) · saldo +0 boss coins · loja 5 vídeo(s) · treino 0 vídeo(s) · 0 recolhido(s) · 0 posto(s) a treinar
2026-10-05 23:55:12  ──────────────────────────────────────────────────────────────────
2026-10-05 23:55:12  [90m23:50:03 Anuncios da loja: video 1 visto.[0m
2026-10-05 23:55:12  [90m23:51:21 Anuncios da loja: video 2 visto.[0m
2026-10-05 23:55:12  [90m23:52:23 Anuncios da loja: video 3 visto.[0m
2026-10-05 23:55:12  [90m23:53:17 Anuncios da loja: video 4 visto.[0m
2026-10-05 23:55:12  [90m23:54:03 Anuncios da loja: video 5 visto.[0m
2026-10-05 23:55:12  Ctrl+C para parar
2026-10-05 23:55:12  [H[J OSMbot · A TRABALHAR · Windows                           23:55:04
2026-10-05 23:55:12  ──────────────────────────────────────────────────────────────────
2026-10-05 23:55:12  À espera  treino acaba 01:48 (em 1h52)
2026-10-05 23:55:12  [32m REAL BETIS   1.º Spain   jogo em 21h14   slots 4/4[0m
2026-10-05 23:55:12  Haaland        ATA    3h52  █████████░░░░░░░░░
2026-10-05 23:55:12  de Jong        MED    3h52  █████████░░░░░░░░░
2026-10-05 23:55:12  Gabriel        DEF    3h52  █████████░░░░░░░░░
2026-10-05 23:55:12  Donnarumma     GR     3h52  █████████░░░░░░░░░
2026-10-05 23:55:12  [32m FC VAN   4.º Armenia   jogo em 18h41   slots 4/4[0m
2026-10-05 23:55:12  Knauff         ATA    1h52  ██████████████░░░░
2026-10-05 23:55:12  K. Koné        MED    3h52  █████████░░░░░░░░░
2026-10-05 23:55:12  Mendes         DEF    3h53  █████████░░░░░░░░░
2026-10-05 23:55:12  Livakovic      GR     1h53  ██████████████░░░░
2026-10-05 23:55:12  Boss coins 2454    Anúncios: loja ✓  treino ✓
2026-10-05 23:55:12  desde o arranque (0h05) · saldo +0 boss coins · loja 5 vídeo(s) · treino 0 vídeo(s) · 0 recolhido(s) · 0 posto(s) a treinar
2026-10-05 23:55:12  ──────────────────────────────────────────────────────────────────
2026-10-05 23:55:12  [90m23:50:03 Anuncios da loja: video 1 visto.[0m
2026-10-05 23:55:12  [90m23:51:21 Anuncios da loja: video 2 visto.[0m
2026-10-05 23:55:12  [90m23:52:23 Anuncios da loja: video 3 visto.[0m
2026-10-05 23:55:12  [90m23:53:17 Anuncios da loja: video 4 visto.[0m
2026-10-05 23:55:12  [90m23:54:03 Anuncios da loja: video 5 visto.[0m
2026-10-05 23:55:12  Ctrl+C para parar
2026-10-05 23:55:12  [H[J OSMbot · A TRABALHAR · Windows                           23:55:05
2026-10-05 23:55:12  ──────────────────────────────────────────────────────────────────
2026-10-05 23:55:12  À espera  treino acaba 01:48 (em 1h52)
2026-10-05 23:55:12  [32m REAL BETIS   1.º Spain   jogo em 21h14   slots 4/4[0m
2026-10-05 23:55:12  Haaland        ATA    3h52  █████████░░░░░░░░░
2026-10-05 23:55:12  de Jong        MED    3h52  █████████░░░░░░░░░
2026-10-05 23:55:12  Gabriel        DEF    3h52  █████████░░░░░░░░░
2026-10-05 23:55:12  Donnarumma     GR     3h52  █████████░░░░░░░░░
2026-10-05 23:55:12  [32m FC VAN   4.º Armenia   jogo em 18h41   slots 4/4[0m
2026-10-05 23:55:12  Knauff         ATA    1h52  ██████████████░░░░
2026-10-05 23:55:12  K. Koné        MED    3h52  █████████░░░░░░░░░
2026-10-05 23:55:12  Mendes         DEF    3h53  █████████░░░░░░░░░
2026-10-05 23:55:12  Livakovic      GR     1h53  ██████████████░░░░
2026-10-05 23:55:12  Boss coins 2454    Anúncios: loja ✓  treino ✓
2026-10-05 23:55:12  desde o arranque (0h05) · saldo +0 boss coins · loja 5 vídeo(s) · treino 0 vídeo(s) · 0 recolhido(s) · 0 posto(s) a treinar
2026-10-05 23:55:12  ──────────────────────────────────────────────────────────────────
2026-10-05 23:55:12  [90m23:50:03 Anuncios da loja: video 1 visto.[0m
2026-10-05 23:55:12  [90m23:51:21 Anuncios da loja: video 2 visto.[0m
2026-10-05 23:55:12  [90m23:52:23 Anuncios da loja: video 3 visto.[0m
2026-10-05 23:55:12  [90m23:53:17 Anuncios da loja: video 4 visto.[0m
2026-10-05 23:55:12  [90m23:54:03 Anuncios da loja: video 5 visto.[0m
2026-10-05 23:55:12  Ctrl+C para parar
2026-10-05 23:55:12  [H[J OSMbot · A TRABALHAR · Windows                           23:55:06
2026-10-05 23:55:12  ──────────────────────────────────────────────────────────────────
2026-10-05 23:55:12  À espera  treino acaba 01:48 (em 1h52)
2026-10-05 23:55:12  [32m REAL BETIS   1.º Spain   jogo em 21h14   slots 4/4[0m
2026-10-05 23:55:12  Haaland        ATA    3h52  █████████░░░░░░░░░
2026-10-05 23:55:12  de Jong        MED    3h52  █████████░░░░░░░░░
2026-10-05 23:55:12  Gabriel        DEF    3h52  █████████░░░░░░░░░
2026-10-05 23:55:12  Donnarumma     GR     3h52  █████████░░░░░░░░░
2026-10-05 23:55:12  [32m FC VAN   4.º Armenia   jogo em 18h41   slots 4/4[0m
2026-10-05 23:55:12  Knauff         ATA    1h52  ██████████████░░░░
2026-10-05 23:55:12  K. Koné        MED    3h52  █████████░░░░░░░░░
2026-10-05 23:55:12  Mendes         DEF    3h52  █████████░░░░░░░░░
2026-10-05 23:55:12  Livakovic      GR     1h53  ██████████████░░░░
2026-10-05 23:55:12  Boss coins 2454    Anúncios: loja ✓  treino ✓
2026-10-05 23:55:12  desde o arranque (0h05) · saldo +0 boss coins · loja 5 vídeo(s) · treino 0 vídeo(s) · 0 recolhido(s) · 0 posto(s) a treinar
2026-10-05 23:55:12  ──────────────────────────────────────────────────────────────────
2026-10-05 23:55:12  [90m23:50:03 Anuncios da loja: video 1 visto.[0m
2026-10-05 23:55:12  [90m23:51:21 Anuncios da loja: video 2 visto.[0m
2026-10-05 23:55:12  [90m23:52:23 Anuncios da loja: video 3 visto.[0m
2026-10-05 23:55:12  [90m23:53:17 Anuncios da loja: video 4 visto.[0m
2026-10-05 23:55:12  [90m23:54:03 Anuncios da loja: video 5 visto.[0m
2026-10-05 23:55:12  Ctrl+C para parar
2026-10-05 23:55:12  [H[J OSMbot · A TRABALHAR · Windows                           23:55:07
2026-10-05 23:55:12  ──────────────────────────────────────────────────────────────────
2026-10-05 23:55:12  À espera  treino acaba 01:48 (em 1h52)
2026-10-05 23:55:12  [32m REAL BETIS   1.º Spain   jogo em 21h14   slots 4/4[0m
2026-10-05 23:55:12  Haaland        ATA    3h52  █████████░░░░░░░░░
2026-10-05 23:55:12  de Jong        MED    3h52  █████████░░░░░░░░░
2026-10-05 23:55:12  Gabriel        DEF    3h52  █████████░░░░░░░░░
2026-10-05 23:55:12  Donnarumma     GR     3h52  █████████░░░░░░░░░
2026-10-05 23:55:12  [32m FC VAN   4.º Armenia   jogo em 18h41   slots 4/4[0m
2026-10-05 23:55:12  Knauff         ATA    1h52  ██████████████░░░░
2026-10-05 23:55:12  K. Koné        MED    3h52  █████████░░░░░░░░░
2026-10-05 23:55:12  Mendes         DEF    3h52  █████████░░░░░░░░░
2026-10-05 23:55:12  Livakovic      GR     1h53  ██████████████░░░░
2026-10-05 23:55:12  Boss coins 2454    Anúncios: loja ✓  treino ✓
2026-10-05 23:55:12  desde o arranque (0h05) · saldo +0 boss coins · loja 5 vídeo(s) · treino 0 vídeo(s) · 0 recolhido(s) · 0 posto(s) a treinar
2026-10-05 23:55:12  ──────────────────────────────────────────────────────────────────
2026-10-05 23:55:12  [90m23:50:03 Anuncios da loja: video 1 visto.[0m
2026-10-05 23:55:12  [90m23:51:21 Anuncios da loja: video 2 visto.[0m
2026-10-05 23:55:12  [90m23:52:23 Anuncios da loja: video 3 visto.[0m
2026-10-05 23:55:12  [90m23:53:17 Anuncios da loja: video 4 visto.[0m
2026-10-05 23:55:12  [90m23:54:03 Anuncios da loja: video 5 visto.[0m
2026-10-05 23:55:12  Ctrl+C para parar
2026-10-05 23:55:12  [H[J OSMbot · A TRABALHAR · Windows                           23:55:08
2026-10-05 23:55:12  ──────────────────────────────────────────────────────────────────
2026-10-05 23:55:12  À espera  treino acaba 01:48 (em 1h52)
2026-10-05 23:55:12  [32m REAL BETIS   1.º Spain   jogo em 21h14   slots 4/4[0m
2026-10-05 23:55:12  Haaland        ATA    3h52  █████████░░░░░░░░░
2026-10-05 23:55:12  de Jong        MED    3h52  █████████░░░░░░░░░
2026-10-05 23:55:12  Gabriel        DEF    3h52  █████████░░░░░░░░░
2026-10-05 23:55:12  Donnarumma     GR     3h52  █████████░░░░░░░░░
2026-10-05 23:55:12  [32m FC VAN   4.º Armenia   jogo em 18h41   slots 4/4[0m
2026-10-05 23:55:12  Knauff         ATA    1h52  ██████████████░░░░
2026-10-05 23:55:12  K. Koné        MED    3h52  █████████░░░░░░░░░
2026-10-05 23:55:12  Mendes         DEF    3h52  █████████░░░░░░░░░
2026-10-05 23:55:12  Livakovic      GR     1h52  ██████████████░░░░
2026-10-05 23:55:12  Boss coins 2454    Anúncios: loja ✓  treino ✓
2026-10-05 23:55:12  desde o arranque (0h05) · saldo +0 boss coins · loja 5 vídeo(s) · treino 0 vídeo(s) · 0 recolhido(s) · 0 posto(s) a treinar
2026-10-05 23:55:12  ──────────────────────────────────────────────────────────────────
2026-10-05 23:55:12  [90m23:50:03 Anuncios da loja: video 1 visto.[0m
2026-10-05 23:55:12  [90m23:51:21 Anuncios da loja: video 2 visto.[0m
2026-10-05 23:55:12  [90m23:52:23 Anuncios da loja: video 3 visto.[0m
2026-10-05 23:55:12  [90m23:53:17 Anuncios da loja: video 4 visto.[0m
2026-10-05 23:55:12  [90m23:54:03 Anuncios da loja: video 5 visto.[0m
2026-10-05 23:55:12  Ctrl+C para parar
2026-10-05 23:55:12  [H[J OSMbot · A TRABALHAR · Windows                           23:55:09
2026-10-05 23:55:12  ──────────────────────────────────────────────────────────────────
2026-10-05 23:55:12  À espera  treino acaba 01:48 (em 1h52)
2026-10-05 23:55:12  [32m REAL BETIS   1.º Spain   jogo em 21h14   slots 4/4[0m
2026-10-05 23:55:12  Haaland        ATA    3h52  █████████░░░░░░░░░
2026-10-05 23:55:12  de Jong        MED    3h52  █████████░░░░░░░░░
2026-10-05 23:55:12  Gabriel        DEF    3h52  █████████░░░░░░░░░
2026-10-05 23:55:12  Donnarumma     GR     3h52  █████████░░░░░░░░░
2026-10-05 23:55:12  [32m FC VAN   4.º Armenia   jogo em 18h41   slots 4/4[0m
2026-10-05 23:55:12  Knauff         ATA    1h52  ██████████████░░░░
2026-10-05 23:55:12  K. Koné        MED    3h52  █████████░░░░░░░░░
2026-10-05 23:55:12  Mendes         DEF    3h52  █████████░░░░░░░░░
2026-10-05 23:55:12  Livakovic      GR     1h52  ██████████████░░░░
2026-10-05 23:55:12  Boss coins 2454    Anúncios: loja ✓  treino ✓
2026-10-05 23:55:12  desde o arranque (0h05) · saldo +0 boss coins · loja 5 vídeo(s) · treino 0 vídeo(s) · 0 recolhido(s) · 0 posto(s) a treinar
2026-10-05 23:55:12  ──────────────────────────────────────────────────────────────────
2026-10-05 23:55:12  [90m23:50:03 Anuncios da loja: video 1 visto.[0m
2026-10-05 23:55:12  [90m23:51:21 Anuncios da loja: video 2 visto.[0m
2026-10-05 23:55:12  [90m23:52:23 Anuncios da loja: video 3 visto.[0m
2026-10-05 23:55:12  [90m23:53:17 Anuncios da loja: video 4 visto.[0m
2026-10-05 23:55:12  [90m23:54:03 Anuncios da loja: video 5 visto.[0m
2026-10-05 23:55:12  Ctrl+C para parar
2026-10-05 23:55:12  Parado pelo dono.
2026-10-05 23:55:12  Resumo: desde o arranque (0h05) · saldo +0 boss coins · loja 5 vídeo(s) · treino 0 vídeo(s) · 0 recolhido(s) · 0 posto(s) a treinar
